{"version":56,"hash":{"type":"Buffer","data":"nn9sPjZOIygtxxVEqevj/a+Rqo4jPBvQF7ocpW6Sgwv5Db3nFlJfhokk66Q242xotFoAODTX3mkI0VZf1dSofP4Eyw/QjYLNw7r68k4hIy9EdQstdmPEdX3Iae0RczmQNOoilxvHJ+cqfl1s+uLQ/p+BpNjFw/Zt8VPaHACwEGk="},"indexValueMap":{"xZMcCQlESA+mXQtiShMbCtCnPto4n9YR6YRiN7MXpCg=":{"valueMac":{"type":"Buffer","data":"bc/5auH4ei/q/nPBQXBi8cbTR6zntKh0ZrzLzwGIV/E="}},"yVymbd8B/BJIWPSrEOf1sjG8JKMH9pq9Ur99Fk6B3HI=":{"valueMac":{"type":"Buffer","data":"Ae/dEgOAeIZP2Ocm8Kf7e9F1qjqbIMvU4G/JW8r97e0="}},"SF0+SvKYkzLAb9GBV6OkW1rCFToYgOH9jEMVCkUCyIw=":{"valueMac":{"type":"Buffer","data":"90YoeWPDcGaEVm6C4v//d93W1jQnd3Uq5FCGsDV7LZo="}},"PPgWYNrQkOneibYG0bTXWJbxxVFeRDlbPaNFedlXOJY=":{"valueMac":{"type":"Buffer","data":"VnsojuzJNFKjk2Y/+YjWU5q5OfHuMSSYxXPR/ifAmhE="}},"3fxCfvI54+Ik1g0A2K8ZOw8rVJZzPb3sCz9EI7aaJEU=":{"valueMac":{"type":"Buffer","data":"kse8moP9MBclYq4i7dqnPgRKRzZiNS5MgS/XCjTaYmY="}},"3sebMQ0b3a6d+xJU9IrRm8JAD+F8WL9tcuJZgAP2C+0=":{"valueMac":{"type":"Buffer","data":"LeVBHkKS/KppGHbY/BWBr6JcprMoBEATDTv7e8Ei4RI="}},"c2lcW1jMI3sVnUrV6ItDPZeCiw2LIs+9YmmiDwgIQgw=":{"valueMac":{"type":"Buffer","data":"ODmhUDGUo4MjS6LDVLaCDJQlG9E96vqFadC61T4VbYc="}},"0hMLKgbLgMKKUqfmzF8+8u3jUZHHp2QdDlId3DK1TG0=":{"valueMac":{"type":"Buffer","data":"JuK7REL5xGCZYmFGkk+REbgwugvz6jWq9FFTuwWQrJ4="}},"i9qJVj7PO5Hudf8WMFeqFfcbXu171lQYPoxGHtwL/nw=":{"valueMac":{"type":"Buffer","data":"uo/U5+yZdyIv53cKO9e4Xoi5pCQ4ZOhYhMF+ajvPpNc="}},"3nj0uLIdwV4gC46JM4aGHizkmhnkPzxuio5ZZGKwX6A=":{"valueMac":{"type":"Buffer","data":"/OFBeWRctlhZAKVtKbpxq95ZVD/9blgL0Ozdd6tcMn4="}},"ym8m3AwM2N1IAtRvZS0/87DTkfwJdxZsqi25Kwx5wNo=":{"valueMac":{"type":"Buffer","data":"yb2TEH0owys4LQrUnVDag+LNGW4hIUYdBULoL7BF7wI="}},"VeAlAuZG1nQd2MkrBOsHpsnA3luJ+mRZu7r/3RaZiG0=":{"valueMac":{"type":"Buffer","data":"1XCwCzrSlXWVSjvqU0MOmTXpKLcFeJvBnWcX6etWObA="}},"xQ4tcf8gOt1yRhFgY0b6UTnCEvPDgFEcUsO9+ElC1oo=":{"valueMac":{"type":"Buffer","data":"7w477udumrAFhIyoVty15nbRTSRdZod/YSqXOu4QelQ="}},"P/Fhno0GIqHXgwxdvZbqfzvHzQmIsqkSCLHYxK8glnk=":{"valueMac":{"type":"Buffer","data":"45XPZ6hLDlO55GRxTJKeW5ztV57N6a8zBHVa1Uzemhc="}},"6+PJignJP1Wvh1RBhz96FoTBT/lW3A0CtH9J/BMAUUg=":{"valueMac":{"type":"Buffer","data":"xPkH90TQ7X8z72q3qjmyerPw/+kFuZe+pxL/wO5Scug="}},"kKwc1lTerm+2yQFGj9uDewLoLq2kiho2O4qrf6v+hPw=":{"valueMac":{"type":"Buffer","data":"ex/rtEMIKVHP+aVdL55p5UbKjcmrRuzaRoj5wimQPWQ="}},"2olP4JEcVeel+XvfyCee3IpLYDdv/l9XtA1jdtz5gl0=":{"valueMac":{"type":"Buffer","data":"ybeEroR7brxY6yk7DGIbkCRJQ5xYupLnRBGh0PW0+jw="}},"9HjFkXEhJTRD/3pQBHjoVqeo0hXI3BGJD2fXv+OtS74=":{"valueMac":{"type":"Buffer","data":"rb7g49nJOUdittjHY4zOj+oMMaaggA/dTQHTHfuOGM0="}},"ozMiIAJ4Pxt0oF+sD1zlrMmmfS36yJUaeuPj9Ru+qIw=":{"valueMac":{"type":"Buffer","data":"8CNMqAASDbUlrARnVpNKpzt9cXtRcTlTKbCfBgALgjY="}},"xkUes+FvtO0xwBE218ojx5u7rk/iRXDfpTqNy/RzawA=":{"valueMac":{"type":"Buffer","data":"qyc9OMzyJk3DwIZsqF5BY8nUzDb8N1Had55G+asSpXA="}},"Vmx9b/xqzYIZesXvZ1HCUPWhnMcmNGKEjZ9cA0ov+GA=":{"valueMac":{"type":"Buffer","data":"T8NgCGk2oWLEdZYh5rh4qrqgMrl4uNNzfEtys9gTkno="}},"CZigRoKVjrsVQIQBxttLJ5a3r0MExRDv0Bfv4+Sf+oM=":{"valueMac":{"type":"Buffer","data":"JcVxCp4/S5SrDUHVJdyGdJSwMWjBBSk1s4MJ/oYPVn4="}},"BoVy2to8Jt3FLfnQSpq4cgu3dvmMqTX8ldWq6o9Wk1Q=":{"valueMac":{"type":"Buffer","data":"3hLTHW5KPdX3oxmDVgOYUgA2wtIPh83iJDjHYTqQveo="}},"WfvcHWC2KSWr+SDLOY7YccIKAxGgbqytCaH6kVVcik0=":{"valueMac":{"type":"Buffer","data":"fBEuA6OZuFl5llngkz5Dn1uMFYAG2DQdKNg1ZOZDvb8="}},"m/P2DCi4Z5/0p/2v7PURuEoyGhhLVXWNp2VqtFJvcos=":{"valueMac":{"type":"Buffer","data":"xYv42ZXlwclHlww165KRuXGw91QC0gv/Qyd4mLsijBQ="}},"mDUgQeqREKwjl/y8Gi9uIvPCyzfg5GExbnIUR+/pICU=":{"valueMac":{"type":"Buffer","data":"1DooJiNEJLT6Bqt/Fih7yDS3Gmr9IOwEqXsJNJ5Wvg8="}},"ILSVUNhMttUEKnXoWvPVs93L3u/iWHpbk9Evcqx1o1k=":{"valueMac":{"type":"Buffer","data":"ajLa/e+V0ryIQgXbNMUA9g5AgQbrU3ATawvJDy3lyDM="}},"xrqwTHeAswZ91nLy41cmyDVVWQoGQuzR09RHA3edEWo=":{"valueMac":{"type":"Buffer","data":"6Xjggfhee5BqR4tgKl3sRrfd/aKntyuo+lG7cQBqCEw="}},"bUBR1z17nBV4TCQjL8Nu52BALr0SMaeUTaYTwUeGyQo=":{"valueMac":{"type":"Buffer","data":"q+cL+NitVWJppsWiVEY7C7kA0ekwlY19xE4ApJqRo5g="}},"zFfkvXfCee2oMQgAGHHCm+B1aAHc85LFXT/JFDNmEP4=":{"valueMac":{"type":"Buffer","data":"m5JClLFChdwFflOL3X8wqdk1nIrdpa2FilK4xuboSms="}},"tirakxMMlcNDDhDZmRcGI4Ff5Q6hX7v95jpPatdDDqs=":{"valueMac":{"type":"Buffer","data":"WB1STFrlfKZZFgMwlcsPabTwAy1h8+1gc27C2D2CS+I="}},"n8YsOH4ifVsWXrwjbcRPM00f4O+JSrLAc3AiCBnX6bk=":{"valueMac":{"type":"Buffer","data":"OC9uF/Lq45rKO6ZnuZ5HGp+QXOmu1BFYYsyBV3amzeY="}},"HWsFnc0SDonTFVxpTMm/LYomEARfn5jHIk3vsUEkST4=":{"valueMac":{"type":"Buffer","data":"rGCp8porrunlrBmdsr2L1JLp8tBik0zoS1WRRV+LymY="}},"Sikatng/EXf2tpbjckgu+tjiNKmxVMJ/0tS2pooz0TU=":{"valueMac":{"type":"Buffer","data":"uThJhKynNH6NExW17ANyXPgdgqFtj5xvZpYVbp41V+U="}},"5pV7rxzhNT9WjMEd9hp5ERJQc7jt5tDHeFLA12mD61c=":{"valueMac":{"type":"Buffer","data":"QIIhPinxgCXyMqvbDz29HUugx9PaXVjKBQdMylb4OxQ="}},"Z8PpNejG4eYUTuB6/2a2xOeLZlfATNAAnqHOj9lmvkc=":{"valueMac":{"type":"Buffer","data":"1JhohSFjvNlr8x92k/5dOqvdQkveFWJbLInPa3c3hDo="}},"jUyDwoQHaKSCf9I+A50fJ5KA0oWm9w4HNvvhnjUhUtg=":{"valueMac":{"type":"Buffer","data":"XZUl/xiVISfNPDiAA9IoS2FzD9F/t92BcJcLVOCWUxM="}},"UQqaKP/rVk1QKCqbhNkrrOb8cPgeJ17iQ4iTNEU0OXI=":{"valueMac":{"type":"Buffer","data":"2oznuMyyTYNdhVSovFkz/KhT4vKhhv5P3EXh4qeR2XQ="}},"mHCLTTS6V0hP2Hx6rU9Dz6bJqQVXwMm1okkWaEtqO5M=":{"valueMac":{"type":"Buffer","data":"mKhVx1XYUPiCIqaSgJboRgomExE//VutfDRcx6kbLmY="}},"lLN9GrY4wrH+LGiQDDgh6dxvizE9/31x7LfG69Qwxj0=":{"valueMac":{"type":"Buffer","data":"i/AqzwiygiUWF1nNj3EaInItYReiclGCoRR1sMN1Ako="}},"S1IvJBqpLV7VX1ty7nuRc+bdXkwenQA8nkq1/U7Wa9s=":{"valueMac":{"type":"Buffer","data":"mfjoHgk7FUjo9kkzIvtg1vgqA7xS0FkDZuzhSeWLk64="}},"JNbiZcDqlWvoXBwZUCPTMOOovPYl3Uh6nuLN8VCcjCw=":{"valueMac":{"type":"Buffer","data":"dev0JrX84OCHojR0IC4zIFFz10VMWlt/7VPnGCxA8DM="}},"qVlavY7wY+aDV4SJu9GJn7uobKShMCb7Gz5ZJIkZ8dc=":{"valueMac":{"type":"Buffer","data":"Llf9YbM43bRb2dWRpTcpsItTMTWLaVx3QK8cSoTCuK0="}},"HIn1qw0YCvuQesfmkVep3JFo1wtTN7uGBfmG34LhJEs=":{"valueMac":{"type":"Buffer","data":"1O08CjapBeobSYCVOqzZ0FsGe4BsjeSTMFTfu+QD+/w="}},"yB38fbG8LqT30ih92KytBaGucyf+u8IMagjt5kJ+1Ug=":{"valueMac":{"type":"Buffer","data":"yRy05vOq+zqC4tJudERx7B3pMJZfLp/I4kML0wJ33rE="}},"HaqjH2oK50vfNc67amfpQLqcPbGbAb9QON4/CbIfrU0=":{"valueMac":{"type":"Buffer","data":"EiWopJJ9RlD8s+XPSgsMoDPMU0Iqcui745ZDi+k/8GM="}},"NkwjcrkTU0p3OfQUe4y/djzUaDxjFid/VEoPZQy4wwA=":{"valueMac":{"type":"Buffer","data":"ApqfPKkTJzW+nXA90XzUg1DvEENfWU8pxt3I9UkSm3Q="}},"9o/PFyK3/qx2rsVdpVAIkAm75qAV98WA6WeDVPzIoXM=":{"valueMac":{"type":"Buffer","data":"NYX4bi6EfOYV/0AMj85qQTfCqknKcjqet7/CyD6m3bM="}},"gxitYgprPnCZfbljtvhDnzVOgfFLrURtSAgp7V7fEJs=":{"valueMac":{"type":"Buffer","data":"OkBEzbKVlG1wNSatx64lNuKWyBOU6R4Wr1GsVKnkDPg="}},"zmppua87ORnvBTzRHTVBpy/88/p7PPXGqHgsvEU5s7Y=":{"valueMac":{"type":"Buffer","data":"e1xmspMlR9l1Q0qWpi7OdcbPWaZQgID0MEgX/wJ4/ko="}},"5UrT2QoEbLtghoGZPRgPbcEEl3C4r9IeXabwakR8npk=":{"valueMac":{"type":"Buffer","data":"BHUCL4lcEctkSxvhU8kRtrB81Hp6z4SeHrTIRHHCjjY="}},"eG0z2SJfnih18rcdmT9VQeSmCx/cvRFipJHP8Zma7L8=":{"valueMac":{"type":"Buffer","data":"Q8oT2CNPuqgVDGMjZmVOnaPZudUR6NVGLS+OsHvuFmE="}},"4of5DXV5vtPJbUDRGCd2/fd+apLeSbPG9lIGdZrkUzw=":{"valueMac":{"type":"Buffer","data":"PEMMAeerWvIbF/te9CiB95OnTHLE6jT27y0/DDC0Qv8="}},"CnTJdE0BbYgleBKMHCwTkqdAuGtsIXpkz8BMdmKtymw=":{"valueMac":{"type":"Buffer","data":"/SS4eTgMvnDlusbTJ8nwzSJ94GuGvgMtZ2XuYd2cwYA="}},"XbgKGR0QfiZhrzOSPHt1ssAfZ9E1doWBLLY3F/jc0bY=":{"valueMac":{"type":"Buffer","data":"bqb+UQGLS9rjfpb7xJU3YO/y7olRr6Zd6og7T8GECFc="}},"BIGvWjxpQUX+YgNQAKWvfTZKawRDja2dKR7gmN5j+XM=":{"valueMac":{"type":"Buffer","data":"0oG60CwZ1avBAHEp7VOCH4uK5QZQ55Z7LVxkqt1bnnQ="}},"qAdhseiWOU4Lk9a/BIrcK29STRpPA0tFRn3rM1kYv5E=":{"valueMac":{"type":"Buffer","data":"9SKFd0uG+CIdGuCmrEN9pATa7SsI5XA3qOT2mevTOMQ="}},"obmSICwK8FMs/YZ9UydT7STC95Jgrp1PTEXF9pvXT08=":{"valueMac":{"type":"Buffer","data":"9b8wz/yuyFtMPhwX6I1Kuq9uDoj8O7z8QwsMJycXtL4="}},"HJ/NEA6hTGUQRQ3dWFNkEKLI39GbRvP3FEQE1mOcxVg=":{"valueMac":{"type":"Buffer","data":"Gy33/DOWGtHGB4+COeadO1rk5M+z7FtGWKYxGXYvu7M="}},"nur8XF7OyE1ykN/bN7WwqUA4LcV3gpWsoESdLmgMLW0=":{"valueMac":{"type":"Buffer","data":"VEa7tlFbuUeooHV8WpEjW3F41je3D+j8BjuPjHudtkM="}},"hjguV9gomT9NYQolcjoWssmO993H2B7D8+fJpxkLFvo=":{"valueMac":{"type":"Buffer","data":"yMEbva3tfQpT6lI5Tx7AmPFWuUcyoSorTg7NbYEVFa4="}},"MeGSKA7f0RpRrW8y92elMPaao5epcRLQp0GDUNy8Pow=":{"valueMac":{"type":"Buffer","data":"XdJRI+Rv+qmSmpTHJ84aP+5L9FCFAC3CXB2Z4lGjvBs="}},"V1M+taaz2eBkJb1AvNs42zSIlTKuYV4FUSBq0Jj2oSU=":{"valueMac":{"type":"Buffer","data":"FT+XSgtYSG7rXURsmhqZ9pNjZCM8OQnvpzXAS0ye4M0="}},"NtrHoFuVy4s0+/A3Swb8i8EcyzzT69WGGvgEEjesq1Y=":{"valueMac":{"type":"Buffer","data":"EE9FCXS+Xafzgxjkx4WirVMlxuZCk4z8ECBel+LkOjQ="}},"4f4CSi9W8wJOcYvhOrE6w2caLo+drkEWh0EyqSNIC/s=":{"valueMac":{"type":"Buffer","data":"z5wONVC87ox/WN1kco8Tkopq7ebCIKhYGBsMhNPvT6g="}},"y096XRtwftcTDPtugLBArJDtUukMcxB30mGwRhRHmSI=":{"valueMac":{"type":"Buffer","data":"Cy2R4ry859/0kBgJUma0dJOYVDfdeYPHl2EOkLLL+4o="}},"EjIiSQlt3za5jz746f2fT55vMVSL4/4e7fLtHNTCbF0=":{"valueMac":{"type":"Buffer","data":"BUibfqAWvLjDDmq6Eut1wL5axYEJK7zEerS6vbTY91Q="}},"qqFYkjMvead41M4uj2wc6VhcIFfk9hw7RB8Cj1u4SVk=":{"valueMac":{"type":"Buffer","data":"e/tQj/rnhLeK6FvZnhot4U5vrcJLWJ50Mw4WEpwUl+U="}},"Rrd1C2CbTWOFYQUzpMtLq7KpMQc1h/R/JkVlBJwhWrY=":{"valueMac":{"type":"Buffer","data":"3/IRwp08FiMxpGBAdU7vTX/Orjbdf/48EkN9m5eC9fk="}},"mzaJmH1X05yRBiAsfwuAb3eeIdU+FYId9/4JKG7M838=":{"valueMac":{"type":"Buffer","data":"/7u6yEBKpUx8lNLuhV8TAdVi2tN9JvwqreH4r6uEuic="}},"5UBxFBsP9Lh6IyM60DZ0UqckoSB5LJX2W05Y6GlUdcw=":{"valueMac":{"type":"Buffer","data":"ZITvnwew8pTIQTKjbjrAKa0blsok+EG3iFjm55Tv3tk="}},"/A7d1D+iniHRfAErvL+6lxfDW5hRcDAK5CmspF+4Uu0=":{"valueMac":{"type":"Buffer","data":"RwoUjshRU6ubspXxp2CR2EyBnufjnX6zZDQDXFS9luM="}},"8h9ii41YFk7OFzYd/2szsG4Fwr55wJkyZCSKe0qiaaY=":{"valueMac":{"type":"Buffer","data":"AGUVEmhusSPsAjIN3Gs1F1xAT3ThqwgP5JcrVK3BBQ8="}},"dXP29rsTSlcsC4RhcRDCPWgnJp2RIhtNxmFDWf2Ry3Q=":{"valueMac":{"type":"Buffer","data":"/K6oVT8eOWPcyzLV7KyFvlSKm6dsCv1tfrN/d37BmXA="}},"W/f0UFLQ49TBfjy9C6m8sAXADPxV+lM+lyj/dmvTDHg=":{"valueMac":{"type":"Buffer","data":"oeA54XkpK1N50r4ombVLpDXjNe0BZnlrIM7lcohIvDg="}},"WH8dUk6/FQFdDrUBmPenNdiEk/B7qjxFdcUGOehg8ls=":{"valueMac":{"type":"Buffer","data":"N1x4ADxaJScRmCjJzaJpajVcU5uuiKzoRb0LpJ/qz28="}},"EV/jXsKLa3oJfF8wtN9Yyn5jY7MX+w+CqKO+dxUTrO8=":{"valueMac":{"type":"Buffer","data":"vLeu3cwh1MzCwI53c6Axmd1riuPpAXUhCP4mEjb24Tc="}},"dVDHweqcVRDKrdnnNKnCn3R00kJKRfMFfUUfudty8ew=":{"valueMac":{"type":"Buffer","data":"voGex+60OvhBIiIcLTtaQ1OfyeojmdrCHcu1uHW6JDE="}},"gJt/ppezyi09qpen54fImn8HDbDzNUsN2bjAYPY212U=":{"valueMac":{"type":"Buffer","data":"NoPe8MCy03XF7RbAMfwkGg7KjgeEwS3hUotsWouZEZg="}},"AAoTz8uSkiCSECYNO7Ka5dbtqonNbKzyIT2rh3DBLTw=":{"valueMac":{"type":"Buffer","data":"ZrfcTgXqZmX4U2iLap/MbdU1Qp/uZkm1z/K7P+JdFxo="}},"hBxmZ/csv9SEzloo6RXGyxTpuYMDwLDiBqXBZtatOkM=":{"valueMac":{"type":"Buffer","data":"Hmf6BsmxMGlIWhpu/+9dHZycDehcj59KR7feGs4uY6E="}},"MQKmAeiiaSvRVu2ZCFUlGRwRsdJxyAtW8Iu4veI0PbA=":{"valueMac":{"type":"Buffer","data":"nKha49LYycWtrPWX/3P/WMYtYHnEfUkQyjZAkdqORQM="}},"62P8BQTp/DdotisdB39aX0JPbbhykjJRX9puJZ0gqtE=":{"valueMac":{"type":"Buffer","data":"nVg4LR6M9sSg7Noqx1T11Ub4tsKEhsGtnw85Yu9D46A="}},"l/DXH9UrZotAMWv706h/hNzt3HtOxrNCFBDkZ/XD8s8=":{"valueMac":{"type":"Buffer","data":"2Mc8gM9QNW6CjM4N48SWyGQQcsLCIbZkte3puGiv6J8="}},"H61xBg5/urd2yvmlc3DNpL4veloFPXUCalmJuo3GTW4=":{"valueMac":{"type":"Buffer","data":"ApLUY+UuwEVOj9CNde6dtAgMTVFbSlQfKSRoTP4jMyE="}},"rKnoyUG0U9lirjWRDowAKopaJA+5ynur5tZWrjqjhRk=":{"valueMac":{"type":"Buffer","data":"q7tZfSUT3eXDF3D9kmEww2inH4OW2fba7s+kqn3nkQA="}},"s/fDwsBqszRdlSofEM/5pGJ8E//UpxjP7pi0D4NOG54=":{"valueMac":{"type":"Buffer","data":"VipTM4KbSy6B7zWYHjkaf97hOSN0z5Fj1UsUuwZPpZA="}},"xet//ExARV/W6HzDAZVgFA4++XzjrzacZqqeye73OFE=":{"valueMac":{"type":"Buffer","data":"0CtO+4uMngYOsbyGwZxqb1/8O5VnF0MEjEpIYBvpc1k="}},"dI3NzCOWiMignhZ3vT65tqT1YLRvTTDLkoyWna8GHQ8=":{"valueMac":{"type":"Buffer","data":"iCAWv3LKHh/l1mZcHvG8vdY80MVqmuAhGIeMTuPenCQ="}},"0SRvDih5Wh/7PsHXExvVM2A+rs4O4Yq3BcdN6gqrmEU=":{"valueMac":{"type":"Buffer","data":"mCYvEeVbSp1VHyrpprgfVCrAFZz554+Wc4qCDLLUdwA="}},"DWHb2hjb6I76lzoORk3bIQ2TOOP0FrBiTd73GomFoRQ=":{"valueMac":{"type":"Buffer","data":"Mkz9X6Hr2/lfr6RQOV1J8xVKLHAJaHzOCCsLndxAX8A="}},"yurUcCjGJnvQdiIPRAZgnAD0muFZkFgXq0sNZiRtjdw=":{"valueMac":{"type":"Buffer","data":"nxcsGo2YG/mGUgyqoIXptzF4Y04MdiayAF+h7Xg1CKw="}},"CCH3StTu7tYFoe1/PVNibzl6CPe7CvwlT+wrFy8tHyk=":{"valueMac":{"type":"Buffer","data":"6fYe5/QemJJYF7D1Uaz2Lt22RROtmcPRseH0Rtrkjd8="}},"LdDKKPi/JQGEIruX0uC3v5fulhUBs+H0bx8iRxGNa6w=":{"valueMac":{"type":"Buffer","data":"9D+JMPlZjJTskyarwMpG1ouTFcFYcxBH0gVAxwSimDs="}},"EQHrWFH+m5Rg0Pe+bxDjp5Kfm51JJpcjf81Cb1M2LLU=":{"valueMac":{"type":"Buffer","data":"pfHeBmrN3wT7OubaL0AGBLMYGM9jZO3dUAJATrhZ4KQ="}},"eJ1dBgixl4JMzNFeyRT1sBaOSg4HNuLha98cMFhgAK8=":{"valueMac":{"type":"Buffer","data":"ORI5gO8UPgJsukAf2Xfy9FkIAoiyN9F2k/j/D+S4boM="}},"NATytZAdlS39ezA8eYXt1QI5j6el1N7W9Poq6oIAgwg=":{"valueMac":{"type":"Buffer","data":"lCPnRfAK0tGLJo1GfZqxFnQbz05LF1WsLpUlrUuDRhA="}},"QALpdog+OPZEc8Y+okECujPKKvYCfL2IjBKe3CzKGSY=":{"valueMac":{"type":"Buffer","data":"tq84hcAGenE5vlG6+wTSyJqqax0XGPRH7rmveIImcVM="}},"cD+LrSjq3XfBBoogEbJ8VZyZjqZGiZmtI2UnvuXoZmk=":{"valueMac":{"type":"Buffer","data":"v+hf4lfsi6SrhbQ8lPcPXJuqqjT101P1CzZY3+Mjl7A="}},"tqeFzhaxIeiFmgOEKENWsgJwZfwPTm8gBUiiDdR3WvY=":{"valueMac":{"type":"Buffer","data":"tr4YcNX0kW22OEeOgetWCxJe74HkBlOTQYDkxZDv1oU="}},"Gy0ncDJDeFjssrjdr895JHuxWL9+LGBcjkU+ZobJoJY=":{"valueMac":{"type":"Buffer","data":"4AOcim6zkloEGFJBJcJSv+xyUH+O7bK/sXPJUEGtUwc="}},"o8y4uYkBnS9mRNvMDvzTmDtUmrCQPLW9mHzIsLm9kjQ=":{"valueMac":{"type":"Buffer","data":"FTzkziUryRPo0y+wnu7Ud3bDTooA03NY1cqn0cS4A6w="}},"JJaABIDBBIQ6LAWKX0dWQtXW3ojCyoI6DwM/b20QxLc=":{"valueMac":{"type":"Buffer","data":"t4aa9h9SYgVhYukxZUEx83CKn+8An+cJybIKGaNlUAw="}},"f01UnWzezoWNAmF7JxfjCmupfILT6vxYD3FHdzVXk/k=":{"valueMac":{"type":"Buffer","data":"cM7TSmEY9hxioa1oV9nzNV/92AJlyxKwmXdK2nj7LaE="}},"6jRvDuEttFusdlUq8ffXTLMtOiiIVJs9HpehzNZ5jrg=":{"valueMac":{"type":"Buffer","data":"ZT1m1nrlL9cKeMXmSqomObcwV1/eVZn/0UuuEFrkl/k="}},"sWC0xtHzQfF2+l2y7lYvNoL6ScO0W77xVuPmP58OHfU=":{"valueMac":{"type":"Buffer","data":"VjfkNAlVsCQs3OWfgJMryFK/9Hvg/2i7k/+R8v92C20="}},"onVW3j6nyGheepZ4ZmSx1QTtthR2bJ3NNnnOD46Nwj0=":{"valueMac":{"type":"Buffer","data":"YhufeVi+aavRpayyXN2teVcgEvQ8mZPW9wKEmFEO1OM="}},"rQWpTbAHdJs5NyE+BeCBBllgKI76iM8pP6pULLcdnFw=":{"valueMac":{"type":"Buffer","data":"Fcx8jzksbvFfYn4aVhOeRgO6FbjfD/Xm7OPkMhlPnOY="}},"gLsYeHXdl4Lpt7MN/sgxih/FEqk3LlkLaANbqDnEqaU=":{"valueMac":{"type":"Buffer","data":"/Qm3lUG0TbD3Zhd1UQq2fd3FhKPjkFiqQzOXgosW7PE="}},"oYy5evS4XgE/oYzghz/YYvY7rUeonMkEUiqOwq1Kc/0=":{"valueMac":{"type":"Buffer","data":"DN99hUj7nZCvUFLQFhnqUrHqpwAVg2cSjYCM97fQYiQ="}},"ro0V54K0wv7c0WyZUjYHlV48+6kBcu8PnguhH4f/zH0=":{"valueMac":{"type":"Buffer","data":"/6/8gx2fNgObBgtph4vPvXZGEacTxTcWRqTovOn2Uew="}},"/VUPYZTKZTjTh/DWQG/eree+BbfW3sniC0HEAV0eIXQ=":{"valueMac":{"type":"Buffer","data":"je82LXWxv0Q14bzcz++VRtQTdfjHgczJ6LJsXssiNDE="}},"fyymDO90Z1EsQ0clG3+TetS5awnkycshxxpiyk12Y9c=":{"valueMac":{"type":"Buffer","data":"/yhjUMYLhZyhPK3pfNP8fpjidtaueuVipWXw2C/y9JM="}},"pUUyn818pvsrnQc0eYa5fA5VLjxvjBvPcVGOM5JW1Qg=":{"valueMac":{"type":"Buffer","data":"8ccQld73VLsDz2xURFMTHBGNnMXzmwGe51tSb3WLli0="}},"s4TdQmrFNr82+PwrUHmP/xNoQLe94CMYyTfs2Ue0Rzc=":{"valueMac":{"type":"Buffer","data":"PkoOvoxndentxjM2AqfUf8xL3/Q4dThfcbhWhS4qEIM="}},"3BCMl/FaWqmp9J1QB5YOwR3UpKXpuB99oN3Nnee6+s4=":{"valueMac":{"type":"Buffer","data":"SjBD/WMYUszNC6doAxatxsWAhCRx4+3VipMh0WHzMU8="}},"D33zY/N/sg5LuqFVnC5ebKXeaFefwle/VtbNweBcZVc=":{"valueMac":{"type":"Buffer","data":"7UhsydFVl9xV9Z1fVDTakgn4utjwhy3XlKndkiFh1G4="}},"dGp6vd/HabNTC03kT7dQNtmNGOzqclm1Vj60Wgscp9Y=":{"valueMac":{"type":"Buffer","data":"36AbOj2uJmP6e4dirW4bG+CupUSEpkTJmrqVRFyTFu0="}},"zfbHenPmijWo8kCwhI29qSajDqnCTqxH71q4f4Sy9pI=":{"valueMac":{"type":"Buffer","data":"DacfHJPJZhL7yVE2+yC84IohgU3N753xOJ7bIRA4JBc="}},"zCS3737/iJbxwvf9bczNKAPsg7mxIbdb6BlnROOc/NY=":{"valueMac":{"type":"Buffer","data":"W4ZcyN7ZZrLkaxeWdLhBw84JgqXI7N9+LEucsUgA7JY="}},"DCqxYxjtZcntXPGG9/Zaucos/ZDMi3mGVMdSCb74Dm0=":{"valueMac":{"type":"Buffer","data":"qBNHsUIaztqSsi5DW7BRbzUhIbsXtySdPP8LoeF4YDw="}},"Vk38HRNmBiI72vqasWGm8HrOWPVeGgQKvRaTGkSFZPM=":{"valueMac":{"type":"Buffer","data":"0isG9LqijuV51KBR+r5DcW5ZmlvzCQNftdmlwT1X16E="}},"Mkh99u5yvt76Zd8kaPe2ch1OFAxlp5+fAPWC38jecGc=":{"valueMac":{"type":"Buffer","data":"ypqcvNMdQWt7becMckHBCog9B+Fd3Tc9hUNAthsT94c="}},"5Y6oARj8DbaG/uHMbDlaSnDXcdOv2hozBzT6o0bHU6o=":{"valueMac":{"type":"Buffer","data":"RUCw3KUvC/g+kuxhSdAGhfT5xfE3WwuU5DVJOB+sNYE="}},"/XhAfLMKYcnVZhCBzAG8NzadCUQJqidNZUJE4MBiDb0=":{"valueMac":{"type":"Buffer","data":"Bd+OkrNB5aI+20axyRF4t/5iBQiPB3dp0Qlo/ZRkC/s="}},"Z8h8jY4mt0L1ZfKGC9xaBKdJnlNPf+55NhSAYZst+dM=":{"valueMac":{"type":"Buffer","data":"taWix62zHM9iLoNAFVmkkmqm//3T0x8064fuyBtJY8c="}},"TIKsYeMpsBnI2A6V+balbSLt+3PciB+AOW8JtPAKCNk=":{"valueMac":{"type":"Buffer","data":"c8HfmA6ah2KloZKmlSYPVEFXSjh5D8xeh26Dbr7b4UY="}},"U2SDntnx76+CnGjl6+9Dcrx6UoHvYDTLHkkd2PtUtp4=":{"valueMac":{"type":"Buffer","data":"ONOy4nEmDtrFWf3RybkDFGe7Kb+55UGmmsX7oKjSH0c="}},"ckE9U76uA8Xd10vGdIylAcaevbjNFoXPPzJ/NaGAw0I=":{"valueMac":{"type":"Buffer","data":"OJIYaP26ZcrT1S4sK9TbA8DdFlZBCkgfKZmJvlzu00s="}},"Q0N7Cxxj68MjaaOjcxo7snN3Pz38L/GH/gegwqADuv0=":{"valueMac":{"type":"Buffer","data":"fiZqJLLwo65JtzrLRcaVf59xHK3saf+rzF/pooWaIf8="}},"FBLCycyD6l7X1d/snppFwsW9oAtRPcO19dCStAf9zfs=":{"valueMac":{"type":"Buffer","data":"lQ18TDbze7KwR947vtBnR2rqiIsT/R+i9pcUCbW+Xwo="}},"BwS1BUzbrevsAEL1l2TmGGZm4G4VyNfdF63JD4WqMeo=":{"valueMac":{"type":"Buffer","data":"tLYNopqaFYIymkgAKG228Uy0NbhW9N1Egv174WWEHMg="}},"JAL0E2y3jC64umSzF1g9MOINp835DIf5queKesxqcuA=":{"valueMac":{"type":"Buffer","data":"tibLDHyTNHMseptpZxf4EUkMn9qcBnlzW4Gq/wJFAIg="}},"d+GknhMu8EnlnJLjbowFXMQf7iPsrFG2qSDWvZ1iQR4=":{"valueMac":{"type":"Buffer","data":"N8C4fQZQDc7o0YbKNFXyeoqT+Sf5Qk3jiYa+UK/3n0Q="}},"d9pMHme4g09l8lHmWDE5Iy4sHlOaUfjIJaY6kHG8qKw=":{"valueMac":{"type":"Buffer","data":"wQTprJxF4LqHZ5oSScTMC3yCw5Oq2d/PaGbjPaWRQEo="}},"lVUyt/Ng6isvdDy03MhFk4nn0dwFHSndWqMgMK6+Txo=":{"valueMac":{"type":"Buffer","data":"ETbBMY+MGZED43FIYtm1+FG4cG2pOZIrvQ4FroK3UKY="}},"NcaVwj8a4zLegIOl0iR/NXJy3MMC/sv9+uUitv7L7Ko=":{"valueMac":{"type":"Buffer","data":"zTD/7Sr28Yx/uRMAwrNAZSZggUWvQoyRgJAiCKs2pIo="}},"LDdanr/4pTXxBGYic7ahjQoPWrct4/b1KV+fG9T29Sw=":{"valueMac":{"type":"Buffer","data":"c07DPOxdu8E/q16UVcxQbAGUrS8CxDDxpRuhDcxipeo="}},"6+6QdriWW+H03Fw6QVHUjvyo8ocv6bF0UnmiqWypj+w=":{"valueMac":{"type":"Buffer","data":"e2tmRL4sbLZfpAsthAtkBbjVFoM8KgrQivlEdPs6xVs="}},"VnTSfVgko00+8h/uRqwW9Jb1TrRgBSFxnKCfrMzpoN8=":{"valueMac":{"type":"Buffer","data":"sNJDVeect97yW2ETGMXJVMyedlRAIRS3gvpC2JNJSGE="}},"2iK0xGdSVVd/cmyjqHhX5yH9dQR3iUB54QUWyQ1Rshc=":{"valueMac":{"type":"Buffer","data":"0Qm/TTzdcLryLao3Ou+U5oBtQBo0tY7bPOjGe98ZXTA="}},"NvdNYPT/pMXg8VchCRdfKZKpGJbKqNrShnACjdlIPFQ=":{"valueMac":{"type":"Buffer","data":"lOAG9ox67scWakpF40Uwo8asX6hJysFkXLhAxNsJjhM="}},"ib2x+AcRTYD3kxNhfCrMqogpJHERvC+ik8Jep3sYQz0=":{"valueMac":{"type":"Buffer","data":"eNdOpw4C39yXqwiLVcmxafS0eIP0GRUnXq0edKnrX4k="}},"BISZ3uVLKWfdshXjAbqTHDYjGuX4vkqVkwhw6lh/AgU=":{"valueMac":{"type":"Buffer","data":"VmeLk5vk/CodRc0EGc7pa/EMuPJ8vMaXpDdrgDWgmiA="}},"OZWTg6byDWIym9Pul9WQIUJlDzUhNN3XAeakAKXgsrI=":{"valueMac":{"type":"Buffer","data":"4ti7w2vcJev9ri/odRzyHN7lgsYPoRoVGJMJVGrr6EQ="}},"NLZu7QxwMnNj3PrfeA7CgHeSaWghtQiS19Y3rZ+3GVs=":{"valueMac":{"type":"Buffer","data":"hvcrlrt0lguzq4bhJdwUJDJ3i25qYYSK8F5cRDUNyVg="}},"V4LsMKOIuJo6MiazyzhcyVrGU34jTWYu/HUUH525Xq8=":{"valueMac":{"type":"Buffer","data":"w5Tcy4QpEXm7fElu4gPnrlmuDYam+dALQuIeuWvC3UU="}},"e34LL/oI8iskCzO2FfoibCrp1OXlFeTbmPGeP1G2+FQ=":{"valueMac":{"type":"Buffer","data":"7cV0VbG6eu7AkzeHD532CtsxFKF29z+YwwUXTYT7KQk="}},"zM2U7BOQNNskHy1gTfRCLh9V8+brihGFBoAq884Wn8k=":{"valueMac":{"type":"Buffer","data":"jUZcJexaMdzZfBwX7ehU7QYMN9n0VXRFUBCCqQBTBeo="}},"dtE864kd7BpD0eJzXUg8kaokUMdRrY807RP8VFenv/A=":{"valueMac":{"type":"Buffer","data":"DKLLz5zQibp3CSURpYzU5QwBuHpDpaPBxld96DErwyM="}},"r2OU0rwKS2UjTXwtNSncp8F5qxu8wWZJ/wMQzF1VYp8=":{"valueMac":{"type":"Buffer","data":"ICLMXEOHdhmtKmlEtQbJMWnHkyLpkk1kx1KnWcK5eHE="}},"IRU0YjTxnuhl8DhSH8cqa+OZt4pNG89L7nfI2FpfwCk=":{"valueMac":{"type":"Buffer","data":"jCuh+BexPK43WSOe7yzeiBwID+WjHsHG5cO9qP3QHyk="}},"wwAA1SyUbpRGiHIVCfP/2ZWJtixZoF1asxzM+7myeSs=":{"valueMac":{"type":"Buffer","data":"6U9//bBfRiqq+kPRs+HtACrvHq7n8SIKbChj+a9hnW4="}},"yToRGvU4lxSXdbDEVMpGkVCk4epQS1W5Hs50ZcOhxRU=":{"valueMac":{"type":"Buffer","data":"HdnkVCEmNr+Npg3g3fdKT+9YXOtKtJvx7M1cDbTzg3g="}},"gFfUV4aZ/EJ+sPC97O6rnSdPf0D3CLrORhnf+JJqwaU=":{"valueMac":{"type":"Buffer","data":"MVIH7pUe/6Zqm9u11VYtj6aIPLjOLoUiNebkgeKDfiY="}},"GyHDdV5Oz7DZwyKOPo0l50G2l8o87hOxWn672xO4Qlo=":{"valueMac":{"type":"Buffer","data":"3E3YOw5BqN+3pxn0KpcaNuPsZwnUGTbFMoiBuPdPIWY="}},"GwxCrSgjOdMNZe39FaerS9Dr52rndAuQbzLEIo9dbwc=":{"valueMac":{"type":"Buffer","data":"RPyUgtbTH91pvoNCz8zvC71j+rqJIR7s84fkEElFZCw="}},"O/3mtDaR67qQgdBJjxUju3uUEpHcG8HNa5nfmSeJySI=":{"valueMac":{"type":"Buffer","data":"yKcHqMT67i9Y5WZrzSj+5zjXVnPVxvlgdoXghMA4sis="}},"OtmUh/9QQN7sTHMIAVBarWwMAWXnWl8AqTnCfqU6Qac=":{"valueMac":{"type":"Buffer","data":"2lRdzJ0F47QQOUwhBFfRe0jZXOLB02gI1p92Q0U66xU="}},"zjMpRBOcTyzzR6f0kvFjpcQiiBthWBuCQkNnjc3k42E=":{"valueMac":{"type":"Buffer","data":"pzU8ksxVuy0H7/nPsze2HafTWmZcvVebmvDEN9u3Mno="}},"Xpr13JG6VYq9lR/ZioSh0LOviBD+v26T410vLme6c48=":{"valueMac":{"type":"Buffer","data":"6avwKgoBPxyy6smHU8XK2rypRV+9qNp2S6tLVScInT0="}},"XzlEw4gT4nfG7Pk82Fm33LByW/gRH4oaLE+JOLpZanQ=":{"valueMac":{"type":"Buffer","data":"lXMSL/EmIOtNrFgIiySirdAn5nJb+Cjy93W4NWc1Z4A="}},"801TBVOq57Xfy8p/vIhxJ33J3lB1YkXZ2Svv97HStlw=":{"valueMac":{"type":"Buffer","data":"Z+f6yOpom5MuUmvf48EbPg1G2wA4B4tSWSAFkJ1kVBo="}},"fNaTnLxV6jIgCLDBV09LwPwh53vUvBVSq1JSKMphiBc=":{"valueMac":{"type":"Buffer","data":"3A+9J1ydWbTd1cX/mDHho0qezwc9DQgAuocZqzlrxbw="}},"KgcWgEkVrFSEfkgl6UR+wzFHKrjSUUkneOMLJyuqgCc=":{"valueMac":{"type":"Buffer","data":"Fc7R7fa3WHyla4UX1LvBuenZj6dF7SE6b6nags90LSg="}},"qJRAKRJqUSnzyJrrwmnH9BO531PnwRlmX5/dSfda6xM=":{"valueMac":{"type":"Buffer","data":"6tkAA2VHwwwy3AnyaSF1qM9ITp+jprvTGBn4NSt4EAs="}},"YywLje41ca/5G65eB9DuFy6qYAEqGCSGpEt+WPJa9Cw=":{"valueMac":{"type":"Buffer","data":"pE2xydTpd2GDck8Y6gSQbjP4QmRRJ8iP4TnjW/LCExE="}},"nm/I/0LEEXyjO5N8f5CWepdxMHQxpdpZmbYLSsRmgY0=":{"valueMac":{"type":"Buffer","data":"9Y6XNW/1clj5ne8oo4cUqEA7MiK4wN0FVgSts7wb9VM="}},"epuLw0wqlhCnEcOXgLRO2dJ+jHUFvVUZO4N2x6IKHKs=":{"valueMac":{"type":"Buffer","data":"e1xizkBHakblxe8lrYeLR8lSMNgvUzFCK2EuUHoWNvg="}},"vUHUk5qswxodn2yj03PPL3V1qrNN6DUaOJK7Tc23l8Q=":{"valueMac":{"type":"Buffer","data":"WiW+FjbtyhL89CVj0pbxoHGDoUWZu5GSRfUrAFZ7BfY="}},"ZwYRpVId8NOElN4SPl5V5RX7MdrTklHWANlF/2SmSo4=":{"valueMac":{"type":"Buffer","data":"E6Q2R5B8yEtpX7DGwnWxF7dJcX6vpVHgNzou2I/KvBc="}},"GrhtaGupJRKl+A4X+LHHlDgNBwbkV5uWGvzeI5mzQJQ=":{"valueMac":{"type":"Buffer","data":"MMNW5R85xtqWQYJbXQ44Vzy4pc7MzGo0rWX7XgH8I9k="}},"LH3sx4xUQzYDHzFz8xZbMvYcsu+E54JX/Kj6Di51st8=":{"valueMac":{"type":"Buffer","data":"VRndimbmrTv6qlDNQFECE+ZBhmGdOuHta0D1xcw0Hpg="}},"5R5j+CKHQj6cpFOlshjfDs84C6b3uPNnsJa80/JS1xU=":{"valueMac":{"type":"Buffer","data":"+jWzZExSYgbyUvC37MWzl9/IZhIQSUG7zLXzRxSuQDk="}},"zElIfKO+g97mFMSdzgmvaBkKP+qiM1W9N42q81d5wK0=":{"valueMac":{"type":"Buffer","data":"SnxvUM3hHqc4e38uh6scJLHjzg2pZ+V17Eo3/2GaTJc="}},"dNbH8/dS4rvkqvViRorhuxoA711SSHqnPBviSCe1gpc=":{"valueMac":{"type":"Buffer","data":"RmrUFtwVHcabi7ybjMOSIQMoMNJa3wqR0zB5bm8WP04="}},"nhMm+myA7uKecABuZu5hLtGl6xsxxsIvhyjC6JbJzZA=":{"valueMac":{"type":"Buffer","data":"KrRsSV9ulmwELDKgLnWsv4+PvGP1bjFqD40fYMQwA2I="}},"VF7RDiKbSrF50v/3/dQQ4klSJJah6Z01eGV27hvU6eM=":{"valueMac":{"type":"Buffer","data":"x8bsLXck77997DTpCNU2v8Iye1+XExo0pDk87vHZgG4="}},"JFOMgOn9yiQC4SDjv/pn3BjAftYP0IYXYHDN8Qm/t8E=":{"valueMac":{"type":"Buffer","data":"x8dbA1khM4IniPjBVPtvS3zTqxangQd2eb2nTAvG9zM="}},"RCRuSY6B94OGi+gOickyOVirq0k9MYgTwFi2WiDsChM=":{"valueMac":{"type":"Buffer","data":"db7+3K+ni1Iv08h2pUuOGn9zANUa9eBUpxI95ycC62s="}},"d49MjlHEbK5+mxS3+ZJeOT4rQz9DJN6Zl0yzjZH1Cj8=":{"valueMac":{"type":"Buffer","data":"G0YbfVHsIdkvRqU6YOReNOOYaxLkO//6ZUuMveMFDnY="}},"wGAoCW0rC5DLUZ1CoeLSxHOVKvwsDxg4OWqP5+36Nho=":{"valueMac":{"type":"Buffer","data":"erplI4e4x9Eo5M10Y/IZspYszhUipkhaQO0ISQn14VI="}},"VyP71Y8jgM+6+71G2TJqy19rMAeKeZMgcwJMOuS4dNI=":{"valueMac":{"type":"Buffer","data":"hMmSgBunvwyVhgkZshS8OaL9z5M6YX2RShNxwnWDsCw="}},"0o0xN2sdOM2YNOXtHaQZpgX8rI1V3Fg5SsidkZ0Iya8=":{"valueMac":{"type":"Buffer","data":"s2F34qx7vpw3WyTjEfg3Qgjmzy4Wy7QRSHzK1wIEjnM="}},"X1k86X7Rade0JPLCgeNvEgK33BOQ2aNZaTsdTlAqZVE=":{"valueMac":{"type":"Buffer","data":"U5o6vrgmduM6H0af/+bXc966UgiF8LMCEpqqsEegupM="}},"mvmr/UBKzA4GMsyFkqmKOwT22OrzMwTaMst0JkAsL74=":{"valueMac":{"type":"Buffer","data":"KslRYyUnd/b0QocZNEcjkk2PtX80m7T7FaKSxGtOGeI="}},"YdM/JwZ4V6DoNZVkLdKRqi6a+rDZfFgHPPTY2UvInNU=":{"valueMac":{"type":"Buffer","data":"jYwyjQdTCVn3KVDCeBjCVDc9BFfbrrQC6DoQ6SZYRcM="}},"JfGVtlzL0cheAzMm47M2Uy3JReRge6CnceP+jloiCvw=":{"valueMac":{"type":"Buffer","data":"enaoSnTFvzjIQPDD1bVEFCtt9sxk0i1izRqtwIR9Vag="}},"BmWYrWwDee5hgwQ0CVPvVugSAsFSbU/7AgQrbwcqMoc=":{"valueMac":{"type":"Buffer","data":"UBYdkzzCpR9YorLlLCPVaCPVEbvMvbN6Y61gZi5D6hs="}},"91fW56Oy4xldOJGpbtcENeEeWAKFmdDgxg76yh7hqkw=":{"valueMac":{"type":"Buffer","data":"jpLnWLnFcRloCJZwrZcuFifv7gFQgElINLrS3wtfbCU="}},"aWybFDXPyJtw3cddKuDbc193VnqcvdTe9PrYDLxD9zQ=":{"valueMac":{"type":"Buffer","data":"ZpsLjKUr5WND4cuNgftqaThV9bKbD8yEPvUiRfv6Gfo="}},"2/D2hdb1rtoz79cs9YkDBiB/1iT0b64D1alxvsLZHco=":{"valueMac":{"type":"Buffer","data":"eaDG3rT+cdKX0NtSqnBpX9hZHzFznAZmEIc/Wtbigus="}},"B4GvZ36SjOv4s3V0Z4EOMgMZVSlgc4N/0vOXklXyRVs=":{"valueMac":{"type":"Buffer","data":"KVUA/ISmVcG0xIAL39HiLR5JKOT22REoKR5BoLSylkg="}},"W3PHh6cSH+ovlAhIhwL86UFSa5uC4OaP7/VcHIxQdlA=":{"valueMac":{"type":"Buffer","data":"8Ps1HfegVvS49BzeIh7Wa64S2ouuFjp6fL6s84IX4NE="}},"J7KP9RBwdnD2oxEIffGhVHnCWrhT/vuIoD0glUcKetg=":{"valueMac":{"type":"Buffer","data":"EQ4PCg1ujQ3LX25Op72yLUyr0EbW8vq+90IPxitygGY="}},"zeh/OoBe41ArJelKT5LZ+4wQubJKfeSY6Y54OoPbqvs=":{"valueMac":{"type":"Buffer","data":"geGj7XIRSJyOxJIaLGP6aGCRl4yu+0cI0UMac0tF9qg="}},"loUpyMk002ai27A5BmxNlaxzxgpSo3auTaScshcBSuM=":{"valueMac":{"type":"Buffer","data":"jMSTWp6wmGchawGqgTfVtG4BaDQlnkEIRZNMeHhY1bQ="}},"jLq5pehP+S6pLtNAhlWKSdrxxOypppLpoU8LVDoD/X4=":{"valueMac":{"type":"Buffer","data":"T0lLJfQj0MUmQhtOhYfTPBiAUZ2wVLGvbYaJcBUtE/Y="}},"r7fvPth6urarpp85/hCyeCN+0BGoRfX8ixAfZJPDE1M=":{"valueMac":{"type":"Buffer","data":"qXQ0vTT5hNvPydRDYmGdT2bFm6LuczuUt9r1HclFF0g="}},"15qKR3n7ZmAOJbfT/wXNz1sRA+wo2dX0wLakfj3BO/E=":{"valueMac":{"type":"Buffer","data":"q/naKkNNhh8wNylLqOqRuRwDEQ1lznDjf/wIlNP/res="}},"EgBLO9LSCQSt1+wahdurZNXbg/lB11n5O3yjZty9o38=":{"valueMac":{"type":"Buffer","data":"BD8UD7WTkRtjxct5ih2G9sGkAcmhvFP6vwUJpKKsLz0="}},"YAoFiMfPeqXC9QpWBSUPz2aK/lW2Ybmdv+x4u/BQiHI=":{"valueMac":{"type":"Buffer","data":"oFRTsq10PcXX3bixNuB7bn1/nwkgSB8R89Af6XMOYxI="}},"iQOJIch2k2btF4/vcJSLyIUs60hH8uk9ZvtfTZf6SSE=":{"valueMac":{"type":"Buffer","data":"ZIk4vhTfnwu6LnvzVeILIRnvI0KL3IJkVNMtkdODUYA="}},"LaJVWcQI2TmbJgg7/yogWuaz65jz3VCK6SWKhsg4plA=":{"valueMac":{"type":"Buffer","data":"8fIZXfJSCYyL67FZKUoDy6eRssiVA7rdwKRNgbxWaOQ="}},"1Wi8DXNrVhMnx6V58g1vdZeTLqA1w9oQ4yw+yrtuXUw=":{"valueMac":{"type":"Buffer","data":"74o6gz9xd+F77hoxscCAjh9X5dNg36LMDImZRz2eDTc="}},"ei/iWKYY+qXmhZeSvy4mWXe4gRpVJT4GYwrZPRiYecg=":{"valueMac":{"type":"Buffer","data":"PwD786zYFaDrReQwg5Aq4kLtezIawK/EHbo3M1vjtrg="}},"Y542Dbzn+s80BzyHTfPFWtIw3V7B573tuvOLCQWUMTk=":{"valueMac":{"type":"Buffer","data":"6Bkf8cCSFdPGQ480SRvna58q/mbCmp/C6Xy3fdrqDcU="}},"1OqniexUR2gtkyVpWZ5/95ukAgtCGBwvJJTIlexc/ok=":{"valueMac":{"type":"Buffer","data":"pwFyB+qsRLAK3rv61UdUVM1Ot4Dm9zpylfeEsco/JkU="}},"mcHFRDlOQcy0DgUmRD/nMWAmwS737Pb5U/xNEz9RqtU=":{"valueMac":{"type":"Buffer","data":"eo0ZWexkDGpqeErsVppUa8JsTEFM/JFgm3H3yw60JCw="}},"sDzz3AyTJz5ZVwApd8eE21gRsTFltsii8gV9VguI2c0=":{"valueMac":{"type":"Buffer","data":"pj0a/l6sP+o9jDWWYi/kVYYlXtvrLqbLgWMgNNrE1Dg="}},"xJz83Y/+LwUP/uV8+Zw/AN8SFF/QpRwmks4lSPprbbk=":{"valueMac":{"type":"Buffer","data":"FPLvV9cSD25oc/0C2uLI952e1hMP3fI6t/fGosb9Mes="}},"J2/sbut/IvaSII/Krfl6YlKiSMpjBSVMf8UN1o/IvV4=":{"valueMac":{"type":"Buffer","data":"9g+B0GfnITfWP/JKaGKoD5nVM8arL/cn+qOMeEXThUA="}},"0GNT8g10Nop9JX+CQ7OIonTiaPi1Pkh30f0OqEbLrsU=":{"valueMac":{"type":"Buffer","data":"+9LIDL1b8X0b4Y7NiVR0tvr7evi+Kl1Br8xZcSfh8AY="}},"mHExo0Mtyb4D9t8ShBAm6Cn+7FhHufLLpLp8YGpjOfY=":{"valueMac":{"type":"Buffer","data":"PkzuQBhvEKOzmIlNxidmxIvTUnPCxq6GxWevooOwgSA="}},"1r6XqtJTZAT8olE8/3kzbMY+Xh0V6TTrf91f5+4MqL0=":{"valueMac":{"type":"Buffer","data":"55kQHC+NRdCQZxkQYt/NBD6Sr9P9fvGV+dLMmDLozrY="}},"hkxf5wDe3QhY4NYvcEzpScWSnrcLdiv7DKRJ2QZLxDc=":{"valueMac":{"type":"Buffer","data":"7QxG9GYpVeTInsBppfnVQvJyYIZxuFyEjAEEll2B8kA="}},"nj2IhE2qPsWx597SRnFeaHbPsqQUdQZSimE8FlRUik4=":{"valueMac":{"type":"Buffer","data":"YgRKSSFvVe9ZY3g/fCV1Bz7Gy0MFh89soAypI4SOUIY="}},"c+WWEzwybvidv3FUmU/YUNiTuWn8KvKjpXNWp2xZYyM=":{"valueMac":{"type":"Buffer","data":"h+ZEPGQZJShe787rPh+g9yDpn8iRBZmjFevQLYG1PPE="}},"x38xhI7v0DNV83p8q5MjqleG2Sb0/1gSUOo99FTChYE=":{"valueMac":{"type":"Buffer","data":"V7CiWFOY5TIPMGBFgzl1+xVqLrqSwg0jFrlJaNDZ8PY="}},"a98YurbCYRmuX1vZRS3EI+oPEmxnIMh4HVS5C4s+qwg=":{"valueMac":{"type":"Buffer","data":"8FN7ytdLu1ViyYq1XgaLen14rgEfQVTwStnwzO54Hsc="}},"OT6vyxhpPQZB9WRcg2T4pRsqgFcRU8OFubxYsy/Q0v0=":{"valueMac":{"type":"Buffer","data":"I91dBrXha89YouUUrLDr+RzOZo/yR0sE5rAKJ7o859A="}},"jpiD+Gb1W0gejB1EuJR4wxUBBwUktlSO0qbewnBGAGM=":{"valueMac":{"type":"Buffer","data":"5chd5jhofG3cHRitmhDtAI0Dt3xY+b5VBDcz+tysAYY="}},"YCauO7TZP08eHVPyEth2/CCzvH5YT8sjp80RuKAEU+c=":{"valueMac":{"type":"Buffer","data":"lJrKFig2I6lzAaSHy1lIbfX5szU3dxudUE0SATg6SmI="}},"PtQh5wbFKKNRQbu6LU3QLVlEBwmATr1enzsRIpIPem8=":{"valueMac":{"type":"Buffer","data":"UVD4p7eZN2/j0YmEa1ogziGtUt+hR1U6gudGM9Csh6Y="}},"WOo378Eez/kzuM5L/oQY0HSSAiaOucltd8tl09Ct1tg=":{"valueMac":{"type":"Buffer","data":"rENLBS9Hdt+HCaFrQ9ehG6sBvkx16EDswF54JwJ/mPo="}},"mnNIjHhlcPolXA1WFjyz4J4BjISdHapJegY4p0uO9wA=":{"valueMac":{"type":"Buffer","data":"S3+z8br7KxJTd5HE05C6x063uA6r2qXDpdGS8kJENww="}},"XNQjxwKcct30ja1ewGP8V93Eggq91KcpcaQDAdnoioI=":{"valueMac":{"type":"Buffer","data":"IqpUYO+BnVKPqoaUfTUmEYjJogkRh1+Usgg48TtaLNo="}},"yxJASILN3zicbHzr0zyGw9SU8zAa0nEideAkOHr5ttE=":{"valueMac":{"type":"Buffer","data":"ZW4np2WrIpYXonTNsjh6HdFzquHJNEDHIE/hzPwWZLI="}},"gP7OqdKGXJuNu9kX1VtCFfqYNoRDNnpYThoqfhgRF50=":{"valueMac":{"type":"Buffer","data":"Z9UkgE729z8kCGTsNG5Dd9/I6OYewTFZby6a1d5wpu4="}},"07doSQmIingHMMHpKwk7SMfEdIMtzSmj5o9L80iGpVw=":{"valueMac":{"type":"Buffer","data":"uS9b8UUGLpj4wsrbl9MrhNbT+8E3L0FRE1ni6qYn7/M="}},"MnJ77NbOt4qZvsT2zpNtY5t72ROtZg2Lp8dhsTOlChU=":{"valueMac":{"type":"Buffer","data":"GiEipYkSKKf+OsMIDGu9uaKwxLOSnJFrKmZHpYwdNVc="}},"0D+yPOu17/eQMhehxbzNLxXSv6H90Mp+7ebJaoLyDSg=":{"valueMac":{"type":"Buffer","data":"xRT1dK7vjwecj3JTNvLXlyp/8kgaNOA0v9ceTx7BDWA="}},"t0nXHcqIUmfjWgoKK/BQfiODRAISlcEcdhBDOmZ43SY=":{"valueMac":{"type":"Buffer","data":"MGcA2iDhUHfZnycM3wVfYxh/jhTX+zQbnU1f1USHeDg="}},"1bC0jLrdEdtSdqGQUMSnASog5EffeOYTGS0ualcT/iA=":{"valueMac":{"type":"Buffer","data":"AO0WKFnVgeltom6dq7XqbXxYC+9/8DZMEYDNe98ikjc="}},"2/AiR3l3AuTkt7aX3evbufoU7tFwgDGsVOiXdsKVjaE=":{"valueMac":{"type":"Buffer","data":"GYOf6PMWxnJRVP3Ib52d4KWMxwa4xHYDCfHsVEcgILk="}},"j/CtpdH1hY4Ntn5M8gV2EnlI2rvJcyTlJE8RpWz6KfE=":{"valueMac":{"type":"Buffer","data":"AGnDUhv8EVjT6kBX0SbFwfz6Hfq3qAWzqiQYOD06ruw="}},"ytmPogxTYZ4cEe7050yBtDQMZwOgtNP+Ky5QKEa5D4w=":{"valueMac":{"type":"Buffer","data":"pn/fbzFGVzUphyhOn/781fpA5qYuDnjGLmuKJDEj2xs="}},"xV/r0gBAtTldSo+f/dL3c9nEVdQAZLGRrJAYS8joB4w=":{"valueMac":{"type":"Buffer","data":"sSh0S8WKdDVLff9sxo4ErAy+bSN/91kyFEueEC5yBoE="}},"i1JfP1HFOSvRRwjtDCvPVGDt2Umz2AwOdVga7WRYMtE=":{"valueMac":{"type":"Buffer","data":"C3TZu9XgWsGLf/KPkWpp6Da2mHRkUProgY03xTFHV2A="}},"JABUOdKB7ZY0qo4PVqUDSgRfr+/kHfAe+tn/rGiZQJk=":{"valueMac":{"type":"Buffer","data":"oNfAZL/nNIw04KwPeDyIDD0ix5wMURNAq+kY9Y20Pdg="}},"qXog7haqMLQOcM+Ti85YQO4Q5p6hoAh8vmLakvys6DQ=":{"valueMac":{"type":"Buffer","data":"2tlCuhgUg7mdbUGE7wjBdqk3e4a32P2aUUMVQDtQcpM="}},"TMkmb9wajedbr5MEQDXEnQQDEgALZlqTO4vy24YoA2c=":{"valueMac":{"type":"Buffer","data":"NMl3VYOHzWWIwfXmYEKLb0a8dm8f0leg9QAt1XqH0Xg="}},"lN829iiTOiPPh7v71z5oGthuZK+ULioqhQPWkZWqeZ8=":{"valueMac":{"type":"Buffer","data":"JCt52IDgSVWv8TOWROg6K6JY84bMKAn8/VNchU31eTA="}},"gL6QRVjZwWhcKaVscXnM/h8WxuZKP0pVRZj+qF0nSCo=":{"valueMac":{"type":"Buffer","data":"eAWOEp1a0/iWJbkltgUuUsx5VzROoNoYssS3VxDP0qU="}},"nLctVekKBXnYbyOcgYR8lzDFZGxKtrzkUIWqRMXk04s=":{"valueMac":{"type":"Buffer","data":"8/hEkkMorcVzR+dsOkKUpy55SmwHnsNVwPiU8LdN/NQ="}},"hpY5HtHT6Tz1zl3yUG0wW5SjOg4wwCEEJfDMpwzSCuk=":{"valueMac":{"type":"Buffer","data":"lS7wS5K4v9CO3IOykGtZeh66cijtTwPQNyfNhzBMnDY="}},"HvVSVtryzlcUXR8o9x9QOKMsgiZCWZxdY9kycFwqzcg=":{"valueMac":{"type":"Buffer","data":"Ns0zXfc0Ofgr6qKYbWun55rNu8ECCAb4yv73YjXpz0E="}},"o80eR5qOD+qDEvw3eeL2C72nn+u10V8ynGm+hDd/RDU=":{"valueMac":{"type":"Buffer","data":"A/yV4whDfrwWCr/fG1a04NzVvQzIlTez44YVoX0yQPw="}},"rKdiyN1lOCK4fNl2n/v4egODn0W0mbck0ke4jLIYmjk=":{"valueMac":{"type":"Buffer","data":"sM12drdVDwBrOuAXNOGd4DXiI2jwmoDQg/A0yCBkE8s="}},"5yK20LxO9UFar8gxB6egUqK2FabuNrN5SjFx+kR3Mp4=":{"valueMac":{"type":"Buffer","data":"mkdBhLKJdsbzz4BXK2QDibZvtnUU9w8veAdC2Jmg5Po="}},"lKbGHiC0ZtQ5eAhNCJtzrkXxg3UjXbHX5ewqRrlRNXg=":{"valueMac":{"type":"Buffer","data":"HAEJoDth9mhhodWWbLqmPTGfKGLblmQtsDh4DLR9dVE="}},"DfEmGMyhlsEudULCeplJyBO1sWrYrJvyXo2GsWWbteY=":{"valueMac":{"type":"Buffer","data":"1dsu1YCQp41PpIUM/k8gVw2mpDm13s9EjcNSal8rBBw="}},"uyuPUIP8/nttSS9mWi1lxbQN/oLPCTeYBr9ocRlbrx8=":{"valueMac":{"type":"Buffer","data":"xhVKpQcOT/t2xbkWsWrBaNyvqI7+kDxvBkt0oxYnufQ="}},"4OoFphLI2+zLDnLrBcG9jrc71Mi3ujzNvjfKiMQJZTo=":{"valueMac":{"type":"Buffer","data":"ZRANxHf2w3g/P6mKd42O8cLJev9WziGSgnCM1rZfo5w="}},"ABGhSHt4A5C7zZMAfeGwr7+6N/EFqGGkUwMaSvm+PQU=":{"valueMac":{"type":"Buffer","data":"Ljz5sfj/bW94yWP6YVKynZn1PqfnpiGBiR5FrQspUNA="}},"ec1RTboqiROvGeV2T6eKKZLUP9UR0XEbGSm6pOc7Esk=":{"valueMac":{"type":"Buffer","data":"Z2migD+tpiz/a5n+JbbV2TPy8kcJ9/z8Hi6XLBjrdkI="}},"9iMKxApfOaO8p/dcobU7QbxYg4MxMy/VoMAanlT7d+4=":{"valueMac":{"type":"Buffer","data":"V901cnm1hgfLD1wo1yAC0EaVs6eeaLnIKkDysQafbuM="}},"8T6FqATq18RyM4vYxwHCqhT/pj2bMIJbHah8i3Qrm2I=":{"valueMac":{"type":"Buffer","data":"pcJndyU7lcRAHQbJcnI1M+JUK4hNqPPxQ4mNImP/CWo="}},"PODDZ7tiylM33J+mTLQL0abL8jZ8UHJtnaMVOmx9YO4=":{"valueMac":{"type":"Buffer","data":"MwfpbGk0b0Y1Qr+yNYOgTuwbOiKVGMSFLSDZ7WzSKRU="}},"8pNo79YkWKeoceCo5eRAJVc/0WpLDKGy1JGgYGEz5CQ=":{"valueMac":{"type":"Buffer","data":"fnbhTn+o+B3Gvp/a31eR8be2lKQnq8Wofmo+QjuE31U="}},"emst4ENac7yCqeY0SqdS1+ykz6Zbgx7uZ25DvmW+p6w=":{"valueMac":{"type":"Buffer","data":"k2S1a+oPrCS4g+ryj+VjKQWI8Qg98Mz/j+QO5T/2WKU="}},"2mK20Uni715MEK9DHgCRgr1I0rj995Xe2zfarfb6DtI=":{"valueMac":{"type":"Buffer","data":"qEXqAgSZr5kvr9R3rppXO3jet9FnqhPvY7VNNXh03hQ="}},"Ihzpdpnq/5pSoysY6TROyMR4JMLbODiuzIQffxox7G4=":{"valueMac":{"type":"Buffer","data":"8CDOzCuUzTSQh2RrCzHGGppyxAgCkNIjSu1SAf6N3/k="}},"qDqOTKQZNZeTpSEFRm7QGT487ATRAn9I2Mn+DnLOV5k=":{"valueMac":{"type":"Buffer","data":"oj+KbuDTYrHdM5ppZMlI2FbxwZQt9tyCMIwKSm1tOWU="}},"6fXjAg8DHTOd/gKR78fHHeOhYvdXVEunH2CcRTYZ5h4=":{"valueMac":{"type":"Buffer","data":"BwNOprjjLVviDau3yNqeK62O96Bd+bBaiN3X07jupbY="}},"WotLnyNcsiLjLktZzcqjuhcBASkRz9hBAnmtP/LaCbo=":{"valueMac":{"type":"Buffer","data":"MqfzKDMlXzvOH4kcoRYt31My3p90/TOnDyWzRc6+MBQ="}}}}