[{"senderKeyId":1436225543,"senderChainKey":{"iteration":1,"seed":"P6kRe3O8rnVIEcfAfQ7WAps70u5qrPrRlaiL27vKNpM="},"senderSigningKey":{"public":"BSoN+m1yScfalieQ7yqYjtGx4msngoThY3HRNbcnhVlD"},"senderMessageKeys":[]},{"senderKeyId":1930207375,"senderChainKey":{"iteration":0,"seed":"HQx5QJKPvoxaB3A3a4lSRI15A3uck95uq1davJoVGxY="},"senderSigningKey":{"public":"BTdl+vDero4B+dIESabtpkekoW2QpU0vHLyNfPtD/3MD"},"senderMessageKeys":[]},{"senderKeyId":1930207375,"senderChainKey":{"iteration":0,"seed":"HQx5QJKPvoxaB3A3a4lSRI15A3uck95uq1davJoVGxY="},"senderSigningKey":{"public":"BTdl+vDero4B+dIESabtpkekoW2QpU0vHLyNfPtD/3MD"},"senderMessageKeys":[]},{"senderKeyId":428453988,"senderChainKey":{"iteration":0,"seed":"vpC41OYhzogaAkhDic3iK0AW5rSWPphrAYAr60g8q3U="},"senderSigningKey":{"public":"BTEn5WKHNgXo7mkSgo+yNh5eV7voPug50I4lYCkMvh4w"},"senderMessageKeys":[]},{"senderKeyId":1892259136,"senderChainKey":{"iteration":1,"seed":"LO0PYdEzvxgQQyQwDSQGc0eM+rWpPPiqpbwoprzI/yg="},"senderSigningKey":{"public":"BRNuaA4UYLxDsBqjZJ4UQddt0V9UwJO41AmECSOw7k5i"}}]