[{"senderKeyId":1386330687,"senderChainKey":{"iteration":0,"seed":"97e7JFe47vBrbHe3OmL3giVlb/zA8Ci+kE6CeMSKw4Q="},"senderSigningKey":{"public":"BajMMXksNs02iFHeNLMkyV4AdQ2YFmWGTDtj92V65mpL"},"senderMessageKeys":[]},{"senderKeyId":1386330687,"senderChainKey":{"iteration":0,"seed":"97e7JFe47vBrbHe3OmL3giVlb/zA8Ci+kE6CeMSKw4Q="},"senderSigningKey":{"public":"BajMMXksNs02iFHeNLMkyV4AdQ2YFmWGTDtj92V65mpL"},"senderMessageKeys":[]},{"senderKeyId":1386330687,"senderChainKey":{"iteration":0,"seed":"97e7JFe47vBrbHe3OmL3giVlb/zA8Ci+kE6CeMSKw4Q="},"senderSigningKey":{"public":"BajMMXksNs02iFHeNLMkyV4AdQ2YFmWGTDtj92V65mpL"},"senderMessageKeys":[]},{"senderKeyId":1702193277,"senderChainKey":{"iteration":0,"seed":"qhBsc8ZjXbiU3SnUYe9ko8BX26M9VZkZqC9/sR0tJRU="},"senderSigningKey":{"public":"BYUHyDXOztuedeHF998TWUeNuzzAKW5rhqp+ubyNn3UX"},"senderMessageKeys":[]},{"senderKeyId":501114482,"senderChainKey":{"iteration":5,"seed":"gI+vNXd/nSW8YfA5vf5wmSvbLNINRsm1r5yU9H4bXJg="},"senderSigningKey":{"public":"Beq6ioWPvleJQo2g0ke4TH95Ke+y5qF335MI0CP0ClJx"},"senderMessageKeys":[]}]