[{"senderKeyId":760417895,"senderChainKey":{"iteration":8,"seed":"R5b0vMgdmbo0DBl9kXhE40TbWte4Z7nOjjOnl+ikwjA="},"senderSigningKey":{"public":"BV2ekqvtrMaPpQS5sOAywRIveZM7Z7YgibbzR2BCWB4z"},"senderMessageKeys":[]},{"senderKeyId":953026749,"senderChainKey":{"iteration":1,"seed":"Vbx9FMhOG0t7NYnBE+9JQsBXfyMw1n07dC4Gx8Ikfik="},"senderSigningKey":{"public":"BQGmdp8J4umvE9fu9bVEOBAIIR/dZStJhEE0PDji4BN4"},"senderMessageKeys":[]},{"senderKeyId":50122512,"senderChainKey":{"iteration":2,"seed":"7tJTUlMIuTW/PfkO0QneYHX2CKq9b/8joq66dbd6BqU="},"senderSigningKey":{"public":"BeGhbydyFbFy3nhXTw6h+kVMAWjufsuwyfW/g1t54REs"},"senderMessageKeys":[]},{"senderKeyId":484174453,"senderChainKey":{"iteration":2,"seed":"vutSMwW9KLRqk7hI60wPMM80yQAKF5hRJNgGY/udma4="},"senderSigningKey":{"public":"BXUKHsRPG9iGt6T4JRAKmso2w24U3909fXsu7ixFHIAm"},"senderMessageKeys":[]},{"senderKeyId":1718110800,"senderChainKey":{"iteration":0,"seed":"bcbhSGpumtVnGWVDmMIKESMfQK1BOkVZ1JH4sDSUAdY="},"senderSigningKey":{"public":"BfYLvkENPgbtBg6KX8RrMp0DVy/s2sLCJgjw50xfFFho"}}]