[{"senderKeyId":561223980,"senderChainKey":{"iteration":1,"seed":"s9t8YUiYv2hdDJb79jcwZiRbz35GtBS7yit6+918Gfo="},"senderSigningKey":{"public":"BaDQ8FHqachr/Gr9An6p2z2MlN4tvykfX1FiFV7ODFZ5"},"senderMessageKeys":[]},{"senderKeyId":913795101,"senderChainKey":{"iteration":2,"seed":"TpRTh0WT+DbQMQ2PrMKHuq+Zb2hYIq592zDeL5MRigs="},"senderSigningKey":{"public":"BeUG90yXV6Gmx4+0Mzr6IFneDPqafpobocah+SBWgnxv"},"senderMessageKeys":[]},{"senderKeyId":1485403553,"senderChainKey":{"iteration":0,"seed":"gGzmiBEasZQxH0T5Vi2DA9XFUxkmcmSR1VXg6RSukjw="},"senderSigningKey":{"public":"Be6kvuLs18mxDP34WzHl8DHXjL89f4HoTB+AdyFDgktP"},"senderMessageKeys":[]},{"senderKeyId":705306624,"senderChainKey":{"iteration":0,"seed":"nkmj6B5Jh0NK5WmpNsChQkjg+U8BzUmkoZzysClgAsc="},"senderSigningKey":{"public":"BQwP8UmgNdEMa0pMC8lOiLL2QuTDyU2eqfYh/9BpVos1"},"senderMessageKeys":[]},{"senderKeyId":1348024482,"senderChainKey":{"iteration":0,"seed":"bw75meiybI8veMn8OM+z9jqcfmD2IGkVW5oYxfrBvXQ="},"senderSigningKey":{"public":"BbipjBpJMVY9tvuNgeMSZOz4/yZIPj7+oYZLRV5zb7lK"}}]