[{"senderKeyId":1782532114,"senderChainKey":{"iteration":0,"seed":"XmqpqUPbj4Eh9ZPMNKfiBoJ0+eT/xJsJjp20nY/g4Yo="},"senderSigningKey":{"public":"Beq5JPdFBVX1v2lfEuwjZdExY0PSbkQCP6jtX9Zg3rEm"},"senderMessageKeys":[]},{"senderKeyId":240234633,"senderChainKey":{"iteration":0,"seed":"ry30ctsivvE75A83nyMsOAtf6llvK6XDsVu9R1QUP6U="},"senderSigningKey":{"public":"BcKn7YI7eycZRYVUINs91gARD7c7QMF0/ZOuZl/kXmUa"},"senderMessageKeys":[]},{"senderKeyId":1117504061,"senderChainKey":{"iteration":0,"seed":"BrSWWukxJ438yAdTsuOR1JKtbiSqjE/QivZNSIgkfxM="},"senderSigningKey":{"public":"BRAFDoYYspRAxCBgDx+cIF9xAb83znKALMcQxt/E7dsn"},"senderMessageKeys":[]},{"senderKeyId":1117504061,"senderChainKey":{"iteration":0,"seed":"BrSWWukxJ438yAdTsuOR1JKtbiSqjE/QivZNSIgkfxM="},"senderSigningKey":{"public":"BRAFDoYYspRAxCBgDx+cIF9xAb83znKALMcQxt/E7dsn"},"senderMessageKeys":[]},{"senderKeyId":2055254775,"senderChainKey":{"iteration":0,"seed":"FNUzZuGzHFl6bruVqPaPjUMH7j9ugQW/HUDyTXxX9PM="},"senderSigningKey":{"public":"BSg9PcYnz6kPWO6xEsccrhWdb6JZkPzz0g4L7LTBI54t"}}]