[{"senderKeyId":1167724106,"senderChainKey":{"iteration":0,"seed":"3MWJ9PzDIDqWikfL9RBpJHT+138On22Ogd0sid4qdzc="},"senderSigningKey":{"public":"Bdj9DA0fQ2YoIWPgScrAHYT1/4DbTKegWK4LNuQKgYNi"},"senderMessageKeys":[]},{"senderKeyId":1355416414,"senderChainKey":{"iteration":0,"seed":"SX3docC3g6ADLxOxMTaUiTN1QvPTbL37f1i47AZAVhE="},"senderSigningKey":{"public":"BT+L3XHqYyMneGyeJ02A6uziSguUWyoMpxDu9D9I4No+"},"senderMessageKeys":[]},{"senderKeyId":1755373007,"senderChainKey":{"iteration":0,"seed":"pq1i0CuJ0rVp5SPMnqJOm/gG8pH7MdXhzr1d4GoF8pU="},"senderSigningKey":{"public":"BSetSzWPlVDRf91OsbS48RUNWf2dn1Hs46dBceqICPYt"}}]