[{"senderKeyId":2141634519,"senderChainKey":{"iteration":0,"seed":"aKvNx0m9zYRPAbgtkndFLrNJVkKPMt5XqAkxdapjZsw="},"senderSigningKey":{"public":"BX3Ow7lVZ8vcGzvNIsl/wFQA5o9okNykdd39GT4XSUIN"},"senderMessageKeys":[]},{"senderKeyId":849937906,"senderChainKey":{"iteration":0,"seed":"kyYOkfHVjqdnTbrnmeM9oNOtGn1BSDSbWQ90Dsv9ZJM="},"senderSigningKey":{"public":"BSADegwyxgQzZuztfkGElLPeBXZqfoO6GPvtwIkokgc4"},"senderMessageKeys":[]},{"senderKeyId":1784675608,"senderChainKey":{"iteration":0,"seed":"2o1ppz5f2Epqg8KjeAgOjXlEyZTBp8EG0GCcPwZiozo="},"senderSigningKey":{"public":"Be6APag5i38Rg9Ya7kN8SwM0CVMVrUmIdrnzQpcLBqht"},"senderMessageKeys":[]},{"senderKeyId":301838318,"senderChainKey":{"iteration":0,"seed":"vBVWX9KeOxuP2gzZ36xFc1gT40W5U4htn7X8utaRQLg="},"senderSigningKey":{"public":"BT1U7VqjWwOfwEpPXngo3ce9Qx876oTDcP7fKEgU06YZ"}}]