[{"senderKeyId":875704658,"senderChainKey":{"iteration":0,"seed":"1YIK4euT6rd+JGs9xc9epvaYOp/lqlIemCOsbWs8I/M="},"senderSigningKey":{"public":"Bd9xNvWUxovCOjD5jBdar9top3+/aBK0DpSJJ2QHSisE"},"senderMessageKeys":[]},{"senderKeyId":1043478088,"senderChainKey":{"iteration":0,"seed":"4l9WVlrc+KOUFKcAccyJ3JJjrkgqgV3Iw64HMmvUg1g="},"senderSigningKey":{"public":"BXixl+2uxxF4Jq4T0ttboAJIXpWxfuSE9ZzKc1d+a+Q4"},"senderMessageKeys":[]},{"senderKeyId":1043478088,"senderChainKey":{"iteration":0,"seed":"4l9WVlrc+KOUFKcAccyJ3JJjrkgqgV3Iw64HMmvUg1g="},"senderSigningKey":{"public":"BXixl+2uxxF4Jq4T0ttboAJIXpWxfuSE9ZzKc1d+a+Q4"},"senderMessageKeys":[]},{"senderKeyId":1511881912,"senderChainKey":{"iteration":0,"seed":"IqV4cp8eDJ+kN8fslllvSZUNepw1Bc8QMOi59QIDScM="},"senderSigningKey":{"public":"BaComJuhUWCRaNXz3Ko9iXxfhShGywq61T8BppOsp0lJ"},"senderMessageKeys":[]},{"senderKeyId":1067168303,"senderChainKey":{"iteration":0,"seed":"c8yH7M3Qf3EYLo6lAZ9z/Q3ReThxE3++7dNbfww/GR0="},"senderSigningKey":{"public":"Bfl4bLiJO6/cEkyyuZVQuPB43UFLMIbkMh+nvkA4dhNo"}}]