[{"senderKeyId":380309071,"senderChainKey":{"iteration":0,"seed":"pfDQ3quqBZyZBp1m30V9MZFArkXNp3PMAAlnYUTOFPs="},"senderSigningKey":{"public":"BdEtPSAZeQm742R0woJUpMFsP+mYJ7dcXHg8At5zbXV9"},"senderMessageKeys":[]},{"senderKeyId":380309071,"senderChainKey":{"iteration":0,"seed":"pfDQ3quqBZyZBp1m30V9MZFArkXNp3PMAAlnYUTOFPs="},"senderSigningKey":{"public":"BdEtPSAZeQm742R0woJUpMFsP+mYJ7dcXHg8At5zbXV9"},"senderMessageKeys":[]},{"senderKeyId":380309071,"senderChainKey":{"iteration":0,"seed":"pfDQ3quqBZyZBp1m30V9MZFArkXNp3PMAAlnYUTOFPs="},"senderSigningKey":{"public":"BdEtPSAZeQm742R0woJUpMFsP+mYJ7dcXHg8At5zbXV9"},"senderMessageKeys":[]},{"senderKeyId":1626488928,"senderChainKey":{"iteration":0,"seed":"C3RurWIeFch5DgbtzrgIrOc4EwgV0BH+o3JqL1BnDmY="},"senderSigningKey":{"public":"BcPfsi34uL4whqixBYXhldqG0SsIZZTFmtbiF77vIXJY"},"senderMessageKeys":[]},{"senderKeyId":1363802164,"senderChainKey":{"iteration":6,"seed":"lPR2gPbsqRqU+TvZg0DMVxMoX8TyxF8FTjLOVIuhgrk="},"senderSigningKey":{"public":"BRadefdVnmNb3ejh0wf8nH8HllanhPoL0ocFEi+NUK5I"}}]