[{"senderKeyId":1827286412,"senderChainKey":{"iteration":0,"seed":"nwptg6EqoZJOM2pOtD50BL7evTk+smHNj2d8fmvHdTk="},"senderSigningKey":{"public":"BYJ+nmkPo5d7SS5ecjDbneJgbssj6xqc3ERbax57mnls"},"senderMessageKeys":[]},{"senderKeyId":82392152,"senderChainKey":{"iteration":0,"seed":"H3IfTZntj4bUrkGclYFV+BF+0uG2p7bbB4IDimu5iUU="},"senderSigningKey":{"public":"Bbjn3lUx1nQgiX9VoytC6tKYflnqhUuG9kTzTlEMEx9s"},"senderMessageKeys":[]},{"senderKeyId":82392152,"senderChainKey":{"iteration":0,"seed":"H3IfTZntj4bUrkGclYFV+BF+0uG2p7bbB4IDimu5iUU="},"senderSigningKey":{"public":"Bbjn3lUx1nQgiX9VoytC6tKYflnqhUuG9kTzTlEMEx9s"},"senderMessageKeys":[]},{"senderKeyId":248805266,"senderChainKey":{"iteration":0,"seed":"Ta74lUye8EQhATejUSjSjPlGPCzVh2SXz/+B3SNAjw0="},"senderSigningKey":{"public":"BacvHvAQpQVZvKEMTYEtECPUddGtZcbqENQ/Z9Fk2DsE"},"senderMessageKeys":[]},{"senderKeyId":1748889755,"senderChainKey":{"iteration":0,"seed":"uuaLB9raJ3/rjdDPV9D/ypGecTkULo7GiDEJhX9bGcU="},"senderSigningKey":{"public":"BZ97xjG2YtMduD89bmONbIGr1WGyUuG8wFjFNbck/r1y"}}]