[{"senderKeyId":699051054,"senderChainKey":{"iteration":0,"seed":"UHpcvYXad7WkbCVNcnn8u10P6HryLkijW+CJwTuNb44="},"senderSigningKey":{"public":"BYo63D5hrYgIgZLyuH4c7zCzn7UJ2Fppaa6W/vdeKpx5"},"senderMessageKeys":[]},{"senderKeyId":699051054,"senderChainKey":{"iteration":0,"seed":"UHpcvYXad7WkbCVNcnn8u10P6HryLkijW+CJwTuNb44="},"senderSigningKey":{"public":"BYo63D5hrYgIgZLyuH4c7zCzn7UJ2Fppaa6W/vdeKpx5"},"senderMessageKeys":[]},{"senderKeyId":81371647,"senderChainKey":{"iteration":0,"seed":"C3uO/dsoRoXItMm082n2kV9G2LomBDUqdc17UtJylfA="},"senderSigningKey":{"public":"BX4TS20xIeEoQQxuswxHlEYguN7/JtnDmLpYKYbQeOZl"},"senderMessageKeys":[]},{"senderKeyId":2000460170,"senderChainKey":{"iteration":0,"seed":"bbAXv8SJ0n9FCRcteGItiCxjBMcHVkbcSYqmG3K/KMA="},"senderSigningKey":{"public":"BXqBg4Yv1faZKSUqFTav4+fLhPs9obRTlSSt2FHumAFt"},"senderMessageKeys":[]},{"senderKeyId":1627524105,"senderChainKey":{"iteration":0,"seed":"iuSloZZlyW9ac+cF7nHlNDa54G+pi2xR943I7yDsF3A="},"senderSigningKey":{"public":"Bcx/jw6gBrYRN0dJiKbJyn6DnC82QlTA0e4VNYq5Y7ZK"}}]