[{"senderKeyId":984425799,"senderChainKey":{"iteration":0,"seed":"qeDW+OGTyEaJko9zqGNAbnOUClN+z3cABjzkfSvU3RA="},"senderSigningKey":{"public":"BQ9LZAoDAlFavHhss/+nvYzxNABy4/sOqw6YNg6bz51R"},"senderMessageKeys":[]},{"senderKeyId":984425799,"senderChainKey":{"iteration":0,"seed":"qeDW+OGTyEaJko9zqGNAbnOUClN+z3cABjzkfSvU3RA="},"senderSigningKey":{"public":"BQ9LZAoDAlFavHhss/+nvYzxNABy4/sOqw6YNg6bz51R"},"senderMessageKeys":[]},{"senderKeyId":854712504,"senderChainKey":{"iteration":0,"seed":"KgY6mma5/HtIBi7usSGynj0Qvxyj7O8LQ9UgQhFihy4="},"senderSigningKey":{"public":"BYNR1sjCVV105cNGWndBxR7K3r4jBivZOyjeJzniUXQE"},"senderMessageKeys":[]},{"senderKeyId":662422273,"senderChainKey":{"iteration":0,"seed":"1gHUkxDh9CHAV66KClXoc+ap+99YrzplbnTCfb7E+m8="},"senderSigningKey":{"public":"BRx0+ldCErvVkAUY+iy2s/568cl4+ii5JxPLB23Lhklf"},"senderMessageKeys":[]},{"senderKeyId":1424024246,"senderChainKey":{"iteration":1,"seed":"1eJIZs/ELIsXHuyDIheESz2HjGqM7ZT/9vl3riaAoNw="},"senderSigningKey":{"public":"BbV9qshh7u7mT76JkeaDnHjC8/04nx4SpFL/MDXFMvgH"}}]