[{"senderKeyId":1210817803,"senderChainKey":{"iteration":0,"seed":"6hqGNodp9hdM1VH49BKlzsWJH4pcSZKlJiY4RZppnl4="},"senderSigningKey":{"public":"BfydEp7LdoEUM4/7Me9m3x4Y162vfV8Bu0oL3Y0D7zBE"},"senderMessageKeys":[]},{"senderKeyId":1088723950,"senderChainKey":{"iteration":9,"seed":"WzRljVQDVVIhC7KiTZjyPmHeh3hwy3DXT9BkJHLcKP8="},"senderSigningKey":{"public":"BVH+wVqZXf2MO/AMgBIx37tjAlxmXedrwMysvmrOQr4/"},"senderMessageKeys":[]},{"senderKeyId":1088723950,"senderChainKey":{"iteration":0,"seed":"sGoXdrXqcHbjQPgoSa19M3yRzg6uU0oKmtuf04Ho2Wc="},"senderSigningKey":{"public":"BVH+wVqZXf2MO/AMgBIx37tjAlxmXedrwMysvmrOQr4/"},"senderMessageKeys":[]},{"senderKeyId":1088723950,"senderChainKey":{"iteration":1,"seed":"VhLfTuDxGPtldly7tY+I+euLaxDkf0yPAZbRu3PDNWA="},"senderSigningKey":{"public":"BVH+wVqZXf2MO/AMgBIx37tjAlxmXedrwMysvmrOQr4/"},"senderMessageKeys":[]},{"senderKeyId":263123882,"senderChainKey":{"iteration":1,"seed":"oIUbS9pC39mlCUyFUn41NHiUK7qy4H4bB/abUwUKMHI="},"senderSigningKey":{"public":"BXXl9pFgDnAvHv5kaI8ttZCVMbUPB59VLy0hdDWCG0QF"}}]