[{"senderKeyId":873337064,"senderChainKey":{"iteration":0,"seed":"xP27dNoD7PYjQeWVyIbCg8fXJ9NuNc9zaMGgiOLcVCc="},"senderSigningKey":{"public":"BfHTygnXFKnMGz+a9QGpN/5ecqsVZUwr/NpHoCDQqUcl"},"senderMessageKeys":[]},{"senderKeyId":1321335917,"senderChainKey":{"iteration":0,"seed":"sD4RXhh+bpEPC2KuX33+48icp0PJ38vTUvKNP4UOejI="},"senderSigningKey":{"public":"BbwatBbNe1bmpVkmymSV6hMt9EQ2BYzpi9nRgx92pqhb"},"senderMessageKeys":[]},{"senderKeyId":1829841066,"senderChainKey":{"iteration":0,"seed":"bAPpE9Ak7cM5QMuWjsgvq+Nvmxc5463ZjYgVdZmeac0="},"senderSigningKey":{"public":"BQrMyaCTIIm7+MpKUBSqKD/0aNS3YT7hYTYfwahqkh8V"},"senderMessageKeys":[]},{"senderKeyId":1032999878,"senderChainKey":{"iteration":0,"seed":"3e759Za8hfeRSXo09445NNeQzpMbCM2IX0bMb8GcXE4="},"senderSigningKey":{"public":"BU8OTvFNlA+5/TlEL3dRiZEjw3sWT3mjMLIs0CFJ/Z4B"},"senderMessageKeys":[]},{"senderKeyId":1448959586,"senderChainKey":{"iteration":0,"seed":"RDO/97NJeLfrJHHa/aoAuFkQVcw615X9aHsQG4Z2mkw="},"senderSigningKey":{"public":"BZuQ/g7S0mylmmvMXaASXWtQ67EVvQqB7O6+57YLFwI9"}}]