[{"senderKeyId":677308811,"senderChainKey":{"iteration":0,"seed":"hIHY//dDJE9hjVlnGFxv9NuRybVqiz9tVc4MzNXYKok="},"senderSigningKey":{"public":"Bb+DZRxH5cxC5hUTtDbuDqmz/c7eC5CU2QQFfm2o8Ohm"},"senderMessageKeys":[]},{"senderKeyId":1619699553,"senderChainKey":{"iteration":0,"seed":"Mw/vjhHF8jW5QnFoUkhqflNXvncMCBm/ukgNihbo/R8="},"senderSigningKey":{"public":"BU09J6pFFxnHIDhOprQzl9JyxvOf6JBglwA7vc8EPeNT"},"senderMessageKeys":[]},{"senderKeyId":1648185318,"senderChainKey":{"iteration":0,"seed":"xHtwbdEoUgul6ve5naxobQuz2lU/bZOk3BJm3DIksVs="},"senderSigningKey":{"public":"BX0NMdyAR8+dkAcu9afeKQ1EOO9nWxvAUWrWvHDx6vJY"},"senderMessageKeys":[]},{"senderKeyId":998724609,"senderChainKey":{"iteration":0,"seed":"+KLZxATkVP68hGBSXTVzl83rXwmqNsl4cA9B8MM4JY0="},"senderSigningKey":{"public":"Bao1Mw/+dOo39A9oNO0Eo1HKcj/tu9zE6htuUTliWAkW"},"senderMessageKeys":[]},{"senderKeyId":1742553262,"senderChainKey":{"iteration":0,"seed":"ixOnT4oKdOxKXGD1p5yHS93Ab0N60UxKxwfulS99/zw="},"senderSigningKey":{"public":"BavAZTki16ZwKBUmpWPEZF6fFZk+19/DL6C3VYyC/yhX"}}]