[{"senderKeyId":1418805054,"senderChainKey":{"iteration":0,"seed":"lmTkjgnqDSWK4RMrRjIzcZExFGt0nnnogfuNPTMp4YQ="},"senderSigningKey":{"public":"Bc/oL0zAXsgW8JHSLj6Wv+vjswZFvlWMRyagQSA4Th9j"},"senderMessageKeys":[]},{"senderKeyId":1893044746,"senderChainKey":{"iteration":3,"seed":"rUvu1OjbcT08jKlryQbTa19MXA9ts4KSbt78zckJLsM="},"senderSigningKey":{"public":"BWoWqEHACjz6qzrNexsPZScj6FBcwBjYWli1ObW6jTsw"},"senderMessageKeys":[]},{"senderKeyId":2142716170,"senderChainKey":{"iteration":1,"seed":"M4CLowkxm7o8cqL+5lIf/HL4iXKGRnmPFc3Vp8D4TGw="},"senderSigningKey":{"public":"BehR+hdKW/jFHlhJK5vYsPV2/upoaAFNNpDKP7DQhFIB"},"senderMessageKeys":[]},{"senderKeyId":413546612,"senderChainKey":{"iteration":0,"seed":"ReQZEBqtiyKUPQJE5XbBK4kj1fPsDI1GRq5sdQ4kWJM="},"senderSigningKey":{"public":"Be3YEeJwqbhEt4mTDF7zgFivNu0Sw3F8N29Lmp8/4104"},"senderMessageKeys":[]},{"senderKeyId":1623455007,"senderChainKey":{"iteration":1,"seed":"Rh1/4y8CcN8Jp0RSiN9e42Eo2jWoOb8yqOihB7/R9a0="},"senderSigningKey":{"public":"BaXhVVFOJMBrwYvGPfqwWfzw+UQI+wa76MH83xYVoqA7"}}]