[{"senderKeyId":1747105560,"senderChainKey":{"iteration":0,"seed":"az+TD+hwTAK6gM3MIEdloLknFlzbtzW93fTv3qdsE2s="},"senderSigningKey":{"public":"BflgYqrqwIsgGtRlK3wwVAddZQ0ZoRbx4hbQEk808CxV"},"senderMessageKeys":[]},{"senderKeyId":227064069,"senderChainKey":{"iteration":0,"seed":"xXnop2PDhCdsdqOBZfIm55/9D8ZlIxalp4O8Ca2Mxtg="},"senderSigningKey":{"public":"BUfo0oQqYnAn+2Yv2qFGSYh6jm833G9B0iP50jpQ/0lN"},"senderMessageKeys":[]},{"senderKeyId":1816528805,"senderChainKey":{"iteration":0,"seed":"AC5ItzBgnZ+XyrbpLJqaZaGbm9kJ+GzgN9/AMD9HTK0="},"senderSigningKey":{"public":"Bd0EAG+m+5JFNfLehHtewJNgUjtX4nM1w9AKnb7K8fAZ"},"senderMessageKeys":[]},{"senderKeyId":1320381147,"senderChainKey":{"iteration":0,"seed":"VHfp8Ngtj+NVTxthUTTHoMG+L60gUUx+L58DhE9HLzk="},"senderSigningKey":{"public":"Bdcow9mv2ydQ+NJkyXyMgyYKrLfrrPwf28z3bk9mZp5d"},"senderMessageKeys":[]},{"senderKeyId":1102500761,"senderChainKey":{"iteration":0,"seed":"hQfsI76Fo2Ef68Xw9o9E1/mkRbd4AevYDNZdhluQ6YQ="},"senderSigningKey":{"public":"BfU8o2hVVSsFYt1zYVPqy1fIhtHVLW31BLRrcj6+bARY"}}]