[{"senderKeyId":1279062168,"senderChainKey":{"iteration":2,"seed":"lpEKjvwaUiSNQpEvX8iwz1x5yBTo2erXG1Bh9IEWWNE="},"senderSigningKey":{"public":"BRzOoN0nRg2ostUUe4rJcr2E2kfXDUmh93lthxT1SAcK"},"senderMessageKeys":[]},{"senderKeyId":1634467660,"senderChainKey":{"iteration":15,"seed":"xaVzmUQQfejxDORg2NNfwt39yyp0BISeZ8TKNVClBeU="},"senderSigningKey":{"public":"Bcfge845tPGd6Khuotwv/subP1P02kN1fQ5z6gxj/dga"},"senderMessageKeys":[{"iteration":2,"seed":"5IbPNBdLhksGlZsnMF/wTWkVVU35MlBz0Bbi+pXSu0A="}]},{"senderKeyId":1461834895,"senderChainKey":{"iteration":1,"seed":"cq20EJew97ojYs8blxojJwdcDWkjWkC++7DTwS7oc1g="},"senderSigningKey":{"public":"BRsxHWtMuxCdn58r4h8cb8nqTBucn2Wvvor5Y/akvNsO"}}]