[{"senderKeyId":1620731493,"senderChainKey":{"iteration":0,"seed":"yJyrnURyivJtvbMmQV+lLHEKdk4blS7qJ1JenGbE7h0="},"senderSigningKey":{"public":"BeAHx+kt9krFooGoNREGQ+gTW4DP1btk2v3AqEShEH44"},"senderMessageKeys":[]},{"senderKeyId":479487238,"senderChainKey":{"iteration":1,"seed":"g5+IkJgqo073F+2aQOup4wFJtg22kV9Xpa8G3cbfvXI="},"senderSigningKey":{"public":"BZ9mgekzP0GmZQ+jDymPo3K3GIPF7irxcxNu6lnRI/Yi"},"senderMessageKeys":[]},{"senderKeyId":1415974985,"senderChainKey":{"iteration":3,"seed":"K5VVBNxdZRU+G/7TnSMOnp4DxVbzwoomTJx5xv6gihc="},"senderSigningKey":{"public":"BfdGuiFt9AYx48WmBuPzX4UfHu5yyw7XAr1yrlsCaet7"},"senderMessageKeys":[]},{"senderKeyId":1415974985,"senderChainKey":{"iteration":2,"seed":"43ORYaBu3COiT7gW04pwRvz/QyOUVTCGGO4utuB2pgA="},"senderSigningKey":{"public":"BfdGuiFt9AYx48WmBuPzX4UfHu5yyw7XAr1yrlsCaet7"},"senderMessageKeys":[]},{"senderKeyId":1125649704,"senderChainKey":{"iteration":13,"seed":"0EiQzYlCQ/yuLqIXTZjHejFUrxq9DjnniyfSY1kPXMo="},"senderSigningKey":{"public":"Bd0NSGV6cpkuVe1IEnP8nhZG6e6iAOeo3CIDugGzOZx8"},"senderMessageKeys":[]}]