[{"senderKeyId":1434176863,"senderChainKey":{"iteration":31,"seed":"HCmlJ0MQXJ770jHaRzMq55Zaq3ljTVXZzNEVW/aoBpE="},"senderSigningKey":{"public":"Ba8qm96QZfncBeffJ8NYUkYMoxvD9FQe2YOO7hLTpjYU"},"senderMessageKeys":[{},{},{},{},{},{},{},{},{},{},{}]},{"senderKeyId":1434176863,"senderChainKey":{"iteration":21,"seed":"RLtzlhJTjd2gErsaIZueYbFv1Jxtl+9ItsbsMaBITJI="},"senderSigningKey":{"public":"Ba8qm96QZfncBeffJ8NYUkYMoxvD9FQe2YOO7hLTpjYU"},"senderMessageKeys":[]},{"senderKeyId":1434176863,"senderChainKey":{"iteration":25,"seed":"hSDTWKHmUYIEmFx7WQSC2rIYux4Xiw+UWV7sGomAAgw="},"senderSigningKey":{"public":"Ba8qm96QZfncBeffJ8NYUkYMoxvD9FQe2YOO7hLTpjYU"},"senderMessageKeys":[]},{"senderKeyId":1434176863,"senderChainKey":{"iteration":27,"seed":"t9skdOV4LFeSlhcK/8oF0elGO7J91MEfv1RDgKisUJU="},"senderSigningKey":{"public":"Ba8qm96QZfncBeffJ8NYUkYMoxvD9FQe2YOO7hLTpjYU"},"senderMessageKeys":[]},{"senderKeyId":1434176863,"senderChainKey":{"iteration":29,"seed":"2OcOkWYrvyC/Om3dUyr1CY6Phnl2bL7uHeVOndvuGRY="},"senderSigningKey":{"public":"Ba8qm96QZfncBeffJ8NYUkYMoxvD9FQe2YOO7hLTpjYU"}}]