[{"senderKeyId":230817729,"senderChainKey":{"iteration":0,"seed":"ala4+vd9oskPwHzc/ZlubaN7YLQPQJGg61tiNIh8784="},"senderSigningKey":{"public":"BfR4d3JxsDOZ/Dr1AwMIH4NlWPhU1mNXNhzVbc4VVC1w"},"senderMessageKeys":[]},{"senderKeyId":1564652657,"senderChainKey":{"iteration":0,"seed":"owVemKMEK2UcoJ8WLZBwe9It6ZzZobs/djF6+RJ/J5c="},"senderSigningKey":{"public":"BfE4e0rsotdGeKS1IXoBAD09B4IloDvTiwmfBuEM5SQ3"},"senderMessageKeys":[]},{"senderKeyId":1564652657,"senderChainKey":{"iteration":0,"seed":"owVemKMEK2UcoJ8WLZBwe9It6ZzZobs/djF6+RJ/J5c="},"senderSigningKey":{"public":"BfE4e0rsotdGeKS1IXoBAD09B4IloDvTiwmfBuEM5SQ3"},"senderMessageKeys":[]},{"senderKeyId":1391830288,"senderChainKey":{"iteration":0,"seed":"irkRVgJez+kuScjlcBx0P92Ej9v4RPzVi9SNTIR1OUk="},"senderSigningKey":{"public":"BQzZDU6cRaGDGyuv1mPdpOUX9S+WnkAFIomPXwXsRzx8"},"senderMessageKeys":[]},{"senderKeyId":2111305029,"senderChainKey":{"iteration":0,"seed":"zEH1T8jaxSsE7IwS/dd7s33iZddOF64dnUWOO+m/VM0="},"senderSigningKey":{"public":"BWsXZ5r0Cox355M1qsl9LVAJBgF0oJN3oTgIBtmkUKF9"}}]