[{"senderKeyId":882961955,"senderChainKey":{"iteration":0,"seed":"PYOxRsFkcaPTpUazTMkQOpzI1XnXysu+w+nmhBkl8CA="},"senderSigningKey":{"public":"BYSyyL9WJ5+V9HaoLA7LV0aFl3GcMmy9Bwfgdj9uAMFt"},"senderMessageKeys":[]},{"senderKeyId":1170594516,"senderChainKey":{"iteration":0,"seed":"lTAh00CeY+TBDvjJbSAQ06om0tmpnUR5WUnRHLrd9sY="},"senderSigningKey":{"public":"BSWfz+dkZZLWmEaKkqY+WIHQt3ieLtQEJlIFVnfgVENe"},"senderMessageKeys":[]},{"senderKeyId":498700481,"senderChainKey":{"iteration":0,"seed":"zTfvJ/ntwg9t/o4G/Mtv58V4iQEVGoK8y8iWTdECR9Y="},"senderSigningKey":{"public":"BSudo5+H79kAP4lMGOJfL1G78tPLYrE8MlZG7zKeH51m"},"senderMessageKeys":[]},{"senderKeyId":555436943,"senderChainKey":{"iteration":0,"seed":"GrA6u5H5K/1EHQHuaty8NiXMmPwEhfZM3y66uf42Lvo="},"senderSigningKey":{"public":"BYu9wYzdHwDcqeyThauBstEWZNOxTYIV2Bn5v9JWO3Ud"}}]