[{"senderKeyId":1914909592,"senderChainKey":{"iteration":0,"seed":"tBllSu+LgYC8GyfBsejrHa3Ivwu97Eir7jDFC/Qassw="},"senderSigningKey":{"public":"BbyaT0t4synvvXjfgXejaY9BsL4oJN0hnkQifVSmae8R"},"senderMessageKeys":[]},{"senderKeyId":389162189,"senderChainKey":{"iteration":0,"seed":"9fIaIXIM0ZKt4NcNks9WOJStLQfJJFAgdnGfoTGef/I="},"senderSigningKey":{"public":"BW7R1RLu1AvkHNEzZqPAVzAetJb6yuvo60mWDxrBQa5B"},"senderMessageKeys":[]},{"senderKeyId":1406205016,"senderChainKey":{"iteration":0,"seed":"F/C4Jn1pEsXRt2g3zgp4BSDFDqZdwev0vVqVukClUjA="},"senderSigningKey":{"public":"BbtTa1Pi5yGjqQVDCi4W5edPBKrnA20l4uqwbjA3Sz9q"},"senderMessageKeys":[]},{"senderKeyId":1509290529,"senderChainKey":{"iteration":0,"seed":"3euiwkhzK2l/JPxKOTRFCR5qekt9fwHCPJmoe/aEsVE="},"senderSigningKey":{"public":"BYYGydYx/6sqXwaDFCymWVCrUtK/lye0G7qpCzhXVzwI"},"senderMessageKeys":[]},{"senderKeyId":1978068988,"senderChainKey":{"iteration":7,"seed":"f77NPMVrgIBzcGCMGFOAc3djet4xdsEScIFkIZrlfQY="},"senderSigningKey":{"public":"BUYFf8O/BJARXyLfy3/WBtcBZVIjEo+exNyKP3jP1ckT"}}]