[{"senderKeyId":1645919269,"senderChainKey":{"iteration":0,"seed":"LLatrW+OdigpgymIsM/+Gj5OIWL9iC0M3L7zvJ8a2Tw="},"senderSigningKey":{"public":"BaWASTuUum7YiTAP/ZCIfgSOpYxpzIEY7AJdz3kmUJgO"},"senderMessageKeys":[]},{"senderKeyId":1645919269,"senderChainKey":{"iteration":0,"seed":"LLatrW+OdigpgymIsM/+Gj5OIWL9iC0M3L7zvJ8a2Tw="},"senderSigningKey":{"public":"BaWASTuUum7YiTAP/ZCIfgSOpYxpzIEY7AJdz3kmUJgO"},"senderMessageKeys":[]},{"senderKeyId":510954129,"senderChainKey":{"iteration":0,"seed":"eyG3llr6S+5fLgCMpLbSxN65d5VgY7TjAGoak5VPVUs="},"senderSigningKey":{"public":"BVnukZnPtjGk9OQABwDB3hzWrYAmYr18E9Yi4Vx5DYRh"},"senderMessageKeys":[]},{"senderKeyId":1884876690,"senderChainKey":{"iteration":9,"seed":"b4uBFwZ4Qqq4qvxobnUyc0Tr1+uJoa/kMsJYbRbtm9I="},"senderSigningKey":{"public":"BcEEHausM36vf/UNfE0anZmCAIKir5rfoFxWWRNfTckk"},"senderMessageKeys":[]},{"senderKeyId":289128154,"senderChainKey":{"iteration":1,"seed":"a+il+VBgloG4VWprhfq/Pafx4WA+VTZqKYwwppw5sGQ="},"senderSigningKey":{"public":"BbcDY/H8nD320fQXfE69YVzVrZayiDkicTLlj4wZL5R4"}}]