[{"senderKeyId":564579455,"senderChainKey":{"iteration":0,"seed":"BXOkEMLyUWZ8Mm5qAJBGxO2tRLS/ZPPpfNVMXPoWRsE="},"senderSigningKey":{"public":"BdMF1nN3j+7RAmjXAE0eRtDwNDQdk2zv+MHXm2j+Wz0d"},"senderMessageKeys":[]},{"senderKeyId":1596877479,"senderChainKey":{"iteration":0,"seed":"l+aQ54xW9hJ4EtFob0Mp8AwS0x67s8HWEFTBJHcdeY8="},"senderSigningKey":{"public":"BbqlMerHbgpwhS+U1fc9qPQ8qqvVEPuJy3Y2n926Jgkh"},"senderMessageKeys":[]},{"senderKeyId":986314107,"senderChainKey":{"iteration":0,"seed":"xYxMt0QGujSfPndqAKJ+RfKrpvBpWD3xEUHwTcttekM="},"senderSigningKey":{"public":"BRX08TvKOhAsF7lDttAWZPhJmyYeYL9Gyb29KOqZf1ML"},"senderMessageKeys":[]},{"senderKeyId":224333075,"senderChainKey":{"iteration":0,"seed":"tqmceeqGwbAQnT8AdaTEK60pzJDvbphCkUYWHfkRUlw="},"senderSigningKey":{"public":"BT6sunzylW5pNa1YC9f+X9gyR4iYbIuDC95rJtpjzLdB"},"senderMessageKeys":[]},{"senderKeyId":675429046,"senderChainKey":{"iteration":0,"seed":"Yuro3S7BukoBVrKLxEaDl6Ci6zPRFTwX4Au9/p3MTe4="},"senderSigningKey":{"public":"BWYGJ30vnrABg8HhfCJGjJcXq0+ZhH4O7U5tJAadHccX"}}]