[{"senderKeyId":1615955583,"senderChainKey":{"iteration":27,"seed":"0cKejDMNQHndPLOUY/DsbHN3v3t3Pdoc8IB/4qfyvcU="},"senderSigningKey":{"public":"BXbig01zCNOORP+a/NMXV4OUMG5aWyUiFRYyqR67WTxj"},"senderMessageKeys":[]},{"senderKeyId":287537439,"senderChainKey":{"iteration":33,"seed":"u8DfmrR6kYFctZ2WaqZpbheHnC7EO6IiDj33PtgDwSQ="},"senderSigningKey":{"public":"BcX7WWFV8/BSeFJxP83uRmAHA5OYEqINmjcgARq+YlxI"},"senderMessageKeys":[]},{"senderKeyId":1862596934,"senderChainKey":{"iteration":76,"seed":"+elFYqyPbLVKVGr3X6nsDltsR4f4F47Z+HaLc3fUZvI="},"senderSigningKey":{"public":"BUP7f2we4XEc0A/9g15py6f8XitfsfRROQGERTuyas0v"},"senderMessageKeys":[]},{"senderKeyId":1058469036,"senderChainKey":{"iteration":10,"seed":"Myi7eNq3xi2T/ta6tyIVHeLwzdA1UEfjWE43aNJCAUk="},"senderSigningKey":{"public":"BY+RYG5TSqfKhkhbnivMeUaIZcgq6n0Nw2IrU8a+TcYp"}},{"senderKeyId":263048578,"senderChainKey":{"iteration":11,"seed":"hXHJrJt/ATq3ZU1CfXVrnoYZ2dM+EhvQRx9o88YPOxY="},"senderSigningKey":{"public":"BRvkTkdK6ZLSXbM2gvPQOSLVd+mfG9lv2pl29uQtuDI2"}}]