[{"senderKeyId":1075107480,"senderChainKey":{"iteration":0,"seed":"hgoOKZFiGUjDEzxLxoC3rrfdMAq1VA6XloJZc0P7Pds="},"senderSigningKey":{"public":"BcXsMdkaAlGIRflubmJf+3Onqo6DqCGXWw1ARdxOs6dy"},"senderMessageKeys":[]},{"senderKeyId":2025280653,"senderChainKey":{"iteration":0,"seed":"+4xoTlesPVwx8Q4NGnd4wk+YZlsapJnCV4Qmr4F03a4="},"senderSigningKey":{"public":"BWuX8g460rYbIeVMwdR2fQvgKGd6X6hSL3wNflQf8BYy"},"senderMessageKeys":[]},{"senderKeyId":1633519508,"senderChainKey":{"iteration":0,"seed":"H99jnImrfOPS5EY+aCgn4zvG3Di5GBuNuJ/m/FpxVnI="},"senderSigningKey":{"public":"BX/F5guhN/IZ16WI8nBbPlaLqjPsyYd7Ng72rluo+Yhe"},"senderMessageKeys":[]},{"senderKeyId":1585597447,"senderChainKey":{"iteration":0,"seed":"UQsJj0rDszoxUz1/YzkbcD8KCoCYx/v8wJI/S0UBrTg="},"senderSigningKey":{"public":"BQKG+dfbdNLEb6fNfa1FPNcC1v0VkkQVvtJWYZsHwQQX"},"senderMessageKeys":[]},{"senderKeyId":1501969463,"senderChainKey":{"iteration":0,"seed":"EUIcow5nuBD+YEGJf4/NGrm+jR7i3bmbdrVps1lq5Ow="},"senderSigningKey":{"public":"BeXnWXEKywy/FLB9HwkrV9r4h2SM8Ww0gVsc4R1xRI8J"}}]