[{"senderKeyId":519704428,"senderChainKey":{"iteration":0,"seed":"LzBAe72aw3t25TGw9U/tjG5ufIsKTi4pgnAXxotZsTQ="},"senderSigningKey":{"public":"BZkVjRLJIdJxMaI729vtm/P/l8S0EhsmuvekN+hI9c9Z"},"senderMessageKeys":[]},{"senderKeyId":1767182291,"senderChainKey":{"iteration":0,"seed":"VI+gvx45d2cH6cQMWWmQ6zF0ANa61Grl5DucybG/J8w="},"senderSigningKey":{"public":"BUbhbQKDgkCpo2DO2iBcrHUMq1T6MXAGsPWZzYG4HUM9"},"senderMessageKeys":[]},{"senderKeyId":1802430987,"senderChainKey":{"iteration":0,"seed":"7ScmihhtwzcPdw/tjgrfGCQhTVL5V6uLP9vhEXWSKVE="},"senderSigningKey":{"public":"BUmeOHJqVaKljzg+DEtnXNqOL1GBjsVtK0KOi/9lFU4H"},"senderMessageKeys":[]},{"senderKeyId":835493290,"senderChainKey":{"iteration":0,"seed":"bfzXmz2bEW7dxU7Xcu5LHclmoruDYvvAZg0+7krMz9w="},"senderSigningKey":{"public":"BaynwBQ5W7PD/V9XMLqnsItmUqsjzeIMe/7S4/rQbi8p"},"senderMessageKeys":[]},{"senderKeyId":921813974,"senderChainKey":{"iteration":0,"seed":"WpfSl168AnmNC1lx5kmC91JNfw0rj0BmbVOGxfiVKv0="},"senderSigningKey":{"public":"BesRIvR23TYkpJqeYTC++MwXhMD1nFi7p5F6LSZK7D1I"}}]