[{"senderKeyId":851208598,"senderChainKey":{"iteration":0,"seed":"uaIuhoIC1nVZVwZM7JjalkLjJsow3P2FkhNvy4btJik="},"senderSigningKey":{"public":"Beihehk/Dy8F/rpxfQzHd2+43ZehkVlpbP2UUWkz2LNJ"},"senderMessageKeys":[]},{"senderKeyId":580073103,"senderChainKey":{"iteration":0,"seed":"PbGBGigtwBmpUSMwAolSZ78Xs21aC7iYV6YB2D6OqOk="},"senderSigningKey":{"public":"BQ8d6NNRGU14NnA+Qk7DgNfc+L+wkKy/FBxKQYMA9M8d"},"senderMessageKeys":[]},{"senderKeyId":580073103,"senderChainKey":{"iteration":0,"seed":"PbGBGigtwBmpUSMwAolSZ78Xs21aC7iYV6YB2D6OqOk="},"senderSigningKey":{"public":"BQ8d6NNRGU14NnA+Qk7DgNfc+L+wkKy/FBxKQYMA9M8d"},"senderMessageKeys":[]},{"senderKeyId":970179368,"senderChainKey":{"iteration":0,"seed":"+Vx50XvZqOJx5B3PMHj74rc2MPa2L7oWZHl9aDEGxlw="},"senderSigningKey":{"public":"BY5T4AzKFVmWk5gTPrjXIDF/uIJbpEMfyVMPVjX2hyBc"},"senderMessageKeys":[]},{"senderKeyId":1545260329,"senderChainKey":{"iteration":0,"seed":"ruVNSBonZeq9HWO6qrVb3F3kZ9WF1IGFEdtqqHhX/Pc="},"senderSigningKey":{"public":"BUdscv3GFA+kZf5X/gSsZg8icp3ghuZRPuFAowfZVKti"}}]