[{"senderKeyId":1780152325,"senderChainKey":{"iteration":2,"seed":"EzwbntKZnXT+EDhYtAfbHMdb1xfp30lOdjOIQktmmGk="},"senderSigningKey":{"public":"BShRTIcZ/a9xlW5zX6cb4iC+ka5Pn61NWUvPaxi4x6lx"},"senderMessageKeys":[]},{"senderKeyId":1053477102,"senderChainKey":{"iteration":0,"seed":"uMSBaUKGhrVsSOiAdBy4orjpNEfs2jTCrTc0bTf3pPU="},"senderSigningKey":{"public":"BcPIc0C3mgAM6O22HPRQaJpAksyotsj++8IFqt+UCVV0"},"senderMessageKeys":[]},{"senderKeyId":1053477102,"senderChainKey":{"iteration":0,"seed":"uMSBaUKGhrVsSOiAdBy4orjpNEfs2jTCrTc0bTf3pPU="},"senderSigningKey":{"public":"BcPIc0C3mgAM6O22HPRQaJpAksyotsj++8IFqt+UCVV0"},"senderMessageKeys":[]},{"senderKeyId":1053477102,"senderChainKey":{"iteration":0,"seed":"uMSBaUKGhrVsSOiAdBy4orjpNEfs2jTCrTc0bTf3pPU="},"senderSigningKey":{"public":"BcPIc0C3mgAM6O22HPRQaJpAksyotsj++8IFqt+UCVV0"},"senderMessageKeys":[]},{"senderKeyId":347237734,"senderChainKey":{"iteration":0,"seed":"F5P8gNPp7G648H6hSgd87DzRu1vj6khm0EzStDxHoUc="},"senderSigningKey":{"public":"BaPJD8vjirri6LhGuzWVTF4mlrW5geFgP7mzO+Aod4RY"}}]