[{"senderKeyId":1398836045,"senderChainKey":{"iteration":12,"seed":"mzJjniBnJQPItGlKCsUp+XBAat7SZiRZALF6p2Fzzlg="},"senderSigningKey":{"public":"BfSxGv/YBbIp3IHbzqywzvLYyEhD3v10jwGZkdwo9gxP"},"senderMessageKeys":[]},{"senderKeyId":1175568968,"senderChainKey":{"iteration":0,"seed":"fl1Nb8dRlfYMDRQNG6/9F92BGz9Mhc5StsjuFX739t4="},"senderSigningKey":{"public":"BfO4VyzVHSPhVLS463+0DV0pc1MD9PJ0c+VIaYFooJQE"},"senderMessageKeys":[]},{"senderKeyId":624547757,"senderChainKey":{"iteration":4,"seed":"VNaLKptLfHp1IQhW4ifeeDm60EEMKG30I8bPxP1Sh2k="},"senderSigningKey":{"public":"BS0ndISfPklweHMxAgnfIsrb0bUNWlaU0Ypxrm320OM+"},"senderMessageKeys":[]},{"senderKeyId":1450998660,"senderChainKey":{"iteration":27,"seed":"bxhL97Y7AXubTRX7+tArNv74XZlKZpfS2AlfdijcinY="},"senderSigningKey":{"public":"BQxAUQ3a9rx6YMz3Qe19eq36dejs8eRVhmsG2Zn712kB"},"senderMessageKeys":[]},{"senderKeyId":1308446593,"senderChainKey":{"iteration":3,"seed":"38RJ0WeQuo6+DlOsvdl+EIRBsNDgc/dgXFF2fmrfAzU="},"senderSigningKey":{"public":"BQ751e9DuLpclDwE6RXwL+utk3j7bu63ueBTVF8AEWVf"}}]