[{"senderKeyId":8811121,"senderChainKey":{"iteration":0,"seed":"FZeebC9cAooFOtcAyLwOY8fMJmKxQypj8JBnI4a4yeM="},"senderSigningKey":{"public":"BdFOiWK4WI4GIOYp9Mv5/PGyibRkqRYfC2DYumqleAsg"},"senderMessageKeys":[]},{"senderKeyId":2123801519,"senderChainKey":{"iteration":0,"seed":"59XDZ6sVYDchiUJ2oGocs5WgBqq7lZoo2nH6nNRpzp8="},"senderSigningKey":{"public":"BbPPb8gDg1K3hS+/BqPYhmpzuO+YHFl9d6oAMjCrgHpB"},"senderMessageKeys":[]},{"senderKeyId":1605661127,"senderChainKey":{"iteration":0,"seed":"c/P6nb5qVQpJotYKVTFWDcx3Knf2/g3qOPzr6M+o2Wc="},"senderSigningKey":{"public":"BWPd6Bn03Pevs+fznNg6gTceoHXMNWlOWQaGu9TeJ7cx"},"senderMessageKeys":[]},{"senderKeyId":2039758741,"senderChainKey":{"iteration":0,"seed":"l8MVkHvE2mvAVG+v9vp+7bNkYq1+xKoibGG++xHS/lk="},"senderSigningKey":{"public":"BcN+fMq2B2/g3ETPqcuDftJFccruMeBTBu14MUVN241Y"},"senderMessageKeys":[]},{"senderKeyId":1238813833,"senderChainKey":{"iteration":0,"seed":"f+nka8MGwdXdNHz8N2F/l7dkY/sy9FhTzHy43/qE/vU="},"senderSigningKey":{"public":"BZqSOycNuUc8llF6uOAzWFnZrTkthWwlxfgGiDuoHiYt"}}]