[{"senderKeyId":638376107,"senderChainKey":{"iteration":21,"seed":"ELwE8ZFokt0qh0uVNd9TqKPu9bQJ7JWSbGDySyAwZWc="},"senderSigningKey":{"public":"Bbw7WWGsMXs7slD/B2xkHo8Z69bVM540yk9Xn2a0e51I"},"senderMessageKeys":[{},{},{},{},{},{},{},{},{},{},{},{},{},{},{}]},{"senderKeyId":638376107,"senderChainKey":{"iteration":9,"seed":"L8pAj5HbTA1VSl7b60eh6Lswuz1I8RnPRL6o8sgfsXo="},"senderSigningKey":{"public":"Bbw7WWGsMXs7slD/B2xkHo8Z69bVM540yk9Xn2a0e51I"},"senderMessageKeys":[]},{"senderKeyId":638376107,"senderChainKey":{"iteration":11,"seed":"682wTB+X6Su09RcTCy3c9rsZNLSsx0WXEQT4Vj4yOSQ="},"senderSigningKey":{"public":"Bbw7WWGsMXs7slD/B2xkHo8Z69bVM540yk9Xn2a0e51I"},"senderMessageKeys":[]},{"senderKeyId":638376107,"senderChainKey":{"iteration":17,"seed":"icHMzHpfdF46g/iDOOpDKFydrhghiCz1mjyvlTb3s9o="},"senderSigningKey":{"public":"Bbw7WWGsMXs7slD/B2xkHo8Z69bVM540yk9Xn2a0e51I"},"senderMessageKeys":[]},{"senderKeyId":638376107,"senderChainKey":{"iteration":19,"seed":"KKO71oT4ujLXEdmEuzbXyHCHvy8zPLUQUjzYxMogFDA="},"senderSigningKey":{"public":"Bbw7WWGsMXs7slD/B2xkHo8Z69bVM540yk9Xn2a0e51I"}}]