[{"senderKeyId":223830008,"senderChainKey":{"iteration":1,"seed":"EC/ibFnMSCIVd0vQYKm5TNOt40bwG9ccNZsOkVXNotE="},"senderSigningKey":{"public":"BfhZEw6IojLxr9ZmL2PJqAxu+o9ZErIQvpnzvZbPcBx6"},"senderMessageKeys":[]},{"senderKeyId":223830008,"senderChainKey":{"iteration":0,"seed":"ezThXD9WCgPfRrW2KTdyC16isioZ5wqRXQbbXT1YjzY="},"senderSigningKey":{"public":"BfhZEw6IojLxr9ZmL2PJqAxu+o9ZErIQvpnzvZbPcBx6"},"senderMessageKeys":[]},{"senderKeyId":223830008,"senderChainKey":{"iteration":0,"seed":"ezThXD9WCgPfRrW2KTdyC16isioZ5wqRXQbbXT1YjzY="},"senderSigningKey":{"public":"BfhZEw6IojLxr9ZmL2PJqAxu+o9ZErIQvpnzvZbPcBx6"},"senderMessageKeys":[]},{"senderKeyId":639657927,"senderChainKey":{"iteration":0,"seed":"tJ+rPPO5nD33optPWu8S93Yxlxw47us20tci92Hftvs="},"senderSigningKey":{"public":"BY9uVI51G7nNT126DkLyD1wXFf30NwvL84Hu0+a1ophO"},"senderMessageKeys":[]},{"senderKeyId":299684417,"senderChainKey":{"iteration":0,"seed":"zREAmvP2jWLa2V/5htTiRi3DT1qFSC4C/BVFkA4I4w4="},"senderSigningKey":{"public":"BaITPBLvykaVF8npVhO1qo5b+RGZgnF8l5Yuz6kvw0BP"}}]