[{"senderKeyId":1092696490,"senderChainKey":{"iteration":0,"seed":"+w2c+j+hSzJAMfWVFidbCcAF1YejtAFMlgUAA9tOgSs="},"senderSigningKey":{"public":"BXeQMvfGyED2sbM8pfxLeuP/ryWB5SWhTaxOWUI9Twde"},"senderMessageKeys":[]},{"senderKeyId":41235360,"senderChainKey":{"iteration":0,"seed":"T1D5r+PlaVmRKWFAvGv5XQTfLr5w6cEuoxeOOXY2yTg="},"senderSigningKey":{"public":"BQmf3AXRDpEpWe9LqwdLi9fmyk7jrFftc/fnaegtDiMn"},"senderMessageKeys":[]},{"senderKeyId":1170418566,"senderChainKey":{"iteration":0,"seed":"UKTjR+VBjsCGGGrTbt8UOHN9qvHf60AzCIK/S1L8QTQ="},"senderSigningKey":{"public":"BTBLUu9wNyuZmorqYMypf9izHMmnD8crGjOey+SgkJEg"},"senderMessageKeys":[]},{"senderKeyId":1486733138,"senderChainKey":{"iteration":0,"seed":"3EYYxJRoR7wbJ0BTAIAiuqhHJUMw/jfr3pBa+xVbgw8="},"senderSigningKey":{"public":"BQvsingwJhmGXTZ3LlZFEurWWQF7//m/sFB6Gn5JlBQl"},"senderMessageKeys":[]},{"senderKeyId":1486733138,"senderChainKey":{"iteration":0,"seed":"3EYYxJRoR7wbJ0BTAIAiuqhHJUMw/jfr3pBa+xVbgw8="},"senderSigningKey":{"public":"BQvsingwJhmGXTZ3LlZFEurWWQF7//m/sFB6Gn5JlBQl"}}]