[{"senderKeyId":812914928,"senderChainKey":{"iteration":0,"seed":"PMXQuhhbVV7kzbcRgXW6lKzBQBcmBu7+D1UW7VifXh4="},"senderSigningKey":{"public":"BWG7p0QRsPPYFq8dFRwsh2S2YzZNMK/9pk6fngjW1CEM"},"senderMessageKeys":[]},{"senderKeyId":802700803,"senderChainKey":{"iteration":1,"seed":"qMgklWhGekZkNBSm9QnWjN9HpTiw/fSuosiXinwWMH8="},"senderSigningKey":{"public":"BVGDJXqX2MycpfxRW7Bfx7NTsv/ReOzw3itwoicxfJ1W"},"senderMessageKeys":[]},{"senderKeyId":355710931,"senderChainKey":{"iteration":0,"seed":"4LV7Ty99FEZgX8oHn+twoo0GbKDbprIt4kWlCzM8LD0="},"senderSigningKey":{"public":"BSrFtf4DmpeJZ+iEGnhcGXnZkjeq3aKTrrzpyooDOEgK"},"senderMessageKeys":[]},{"senderKeyId":355710931,"senderChainKey":{"iteration":0,"seed":"4LV7Ty99FEZgX8oHn+twoo0GbKDbprIt4kWlCzM8LD0="},"senderSigningKey":{"public":"BSrFtf4DmpeJZ+iEGnhcGXnZkjeq3aKTrrzpyooDOEgK"},"senderMessageKeys":[]},{"senderKeyId":519149734,"senderChainKey":{"iteration":0,"seed":"d1I1x1m6ROIvQ+ahHGdCP4F1TkbM8SJHQnVsMUCs7sQ="},"senderSigningKey":{"public":"BUF3l2r9GlhlRqkWHmfHgbyh4HNXxQ1UQMerBPW9q6YX"}}]