{"56927041795@s.whatsapp.net":true,"559985265750@s.whatsapp.net":true,"559981709995@s.whatsapp.net":true,"559981709995:9@s.whatsapp.net":true,"559881679396@s.whatsapp.net":true,"558888474238@s.whatsapp.net":true,"558598059329@s.whatsapp.net":true,"558592052188@s.whatsapp.net":true,"558591074911@s.whatsapp.net":true,"558588637245@s.whatsapp.net":true,"558588637245:1@s.whatsapp.net":true,"558587922393@s.whatsapp.net":true,"556992255988@s.whatsapp.net":true,"556899151992@s.whatsapp.net":true,"556392714820@s.whatsapp.net":true,"555596590170@s.whatsapp.net":true,"554984218568@s.whatsapp.net":true,"554984218568:16@s.whatsapp.net":true,"554984218568:17@s.whatsapp.net":true,"554791857617@s.whatsapp.net":true,"5524998461753@s.whatsapp.net":true,"5511949641846@s.whatsapp.net":true}