[{"senderKeyId":1804965154,"senderChainKey":{"iteration":0,"seed":"g0LWqRFMZxsTQ7+GOFcpKfMQa0IvGbYBTR9w3YyIREo="},"senderSigningKey":{"public":"Bfi43tTFwFFYtpzNkuZxUd83cmMQpYuqVehrxzcw1Eow"},"senderMessageKeys":[]},{"senderKeyId":1793652361,"senderChainKey":{"iteration":0,"seed":"gJCMCUo3pp4peiTm1UPM0NTf/4WdUFNZR6uL1MQ6TKM="},"senderSigningKey":{"public":"Bdem6An0XTZTJDedsseuOG9vaFM8mIttNZPxp/sh2zkY"},"senderMessageKeys":[]},{"senderKeyId":1617595078,"senderChainKey":{"iteration":0,"seed":"wTX9A7/h8TsqEWUEyWfZbAvYe/7RRXGz10hLCIzQtU4="},"senderSigningKey":{"public":"BRiVMuN6/BXuAHvyGZfwhzBJYaWO/oazuahnvbAEwONe"},"senderMessageKeys":[]},{"senderKeyId":2565810,"senderChainKey":{"iteration":0,"seed":"m7HCtOVd0GG7cpsdw511EVHaAUYBpsKm05YJzKISgnk="},"senderSigningKey":{"public":"BWpvORt1oG/Avl7nVtJVoOue3FkzHIbTqWcfB/dD1Z8S"},"senderMessageKeys":[]},{"senderKeyId":451195365,"senderChainKey":{"iteration":0,"seed":"TBvTpqcgEnRQJ3YIjx03TenOmsJlwY9luQR2XWFyPpU="},"senderSigningKey":{"public":"BSdmY6jDXxB9wMolGfGC64zuV+96zu/p6AoKFKeXrKB/"}}]