[{"senderKeyId":1974084405,"senderChainKey":{"iteration":0,"seed":"4wSxhGzp5Hkzkq4Hsk+C/RKS2KJ183Kyxy2FN4jU8Q4="},"senderSigningKey":{"public":"BQVOGQLd9RAVFVN3NnJU1iBwEmUrsuGmeKB3N05GnB4Q"},"senderMessageKeys":[]},{"senderKeyId":2106013054,"senderChainKey":{"iteration":0,"seed":"Fuwck+emYDlalQx5WUsYsKlB0H7FkQq9c5+XvZPpeC8="},"senderSigningKey":{"public":"BSb7QQIEj+Rs+CYb4inwxFxMjolbOaCCea4+ncq0nnha"},"senderMessageKeys":[]},{"senderKeyId":2106013054,"senderChainKey":{"iteration":0,"seed":"Fuwck+emYDlalQx5WUsYsKlB0H7FkQq9c5+XvZPpeC8="},"senderSigningKey":{"public":"BSb7QQIEj+Rs+CYb4inwxFxMjolbOaCCea4+ncq0nnha"},"senderMessageKeys":[]},{"senderKeyId":2106013054,"senderChainKey":{"iteration":0,"seed":"Fuwck+emYDlalQx5WUsYsKlB0H7FkQq9c5+XvZPpeC8="},"senderSigningKey":{"public":"BSb7QQIEj+Rs+CYb4inwxFxMjolbOaCCea4+ncq0nnha"},"senderMessageKeys":[]},{"senderKeyId":476713211,"senderChainKey":{"iteration":0,"seed":"bNzFQeph1zaFD4Qp0k8br05/wHiQHw6F4vLUmj9UBFA="},"senderSigningKey":{"public":"BcvhHmkdbVTYOcTNhoGLNvIO5LNr68KMuRaMCzuEpEF9"}}]