[{"senderKeyId":1181925915,"senderChainKey":{"iteration":5,"seed":"pQ/aYYIGMVVQDDXQYji14pQ90uWjnSeXp9akouuvgY8="},"senderSigningKey":{"public":"BWb6X5SEf8X+4SQb0h3a/HR2Jpq01g3pmvZ5Jdq+WqNh"},"senderMessageKeys":[]},{"senderKeyId":1639623659,"senderChainKey":{"iteration":2,"seed":"niLoOOQim+enEG1NznbG0xdE+70XEhF/W101t+3+4oU="},"senderSigningKey":{"public":"BQVRI1SAzwLOsJ/aIZc/djRR3fN4Tc0Hf1elBxK5xgN2"},"senderMessageKeys":[]},{"senderKeyId":911453084,"senderChainKey":{"iteration":3,"seed":"T3PA/w+kb3KiPWloGqaSuYt1VCacsc7cDC5rSHyYV7s="},"senderSigningKey":{"public":"BZd9rHjidiwYXUFFhBJ37UuptEyQAaFFjFADEsGD+a9f"},"senderMessageKeys":[]},{"senderKeyId":816842973,"senderChainKey":{"iteration":1,"seed":"tI2TyDFl0b6piQSlYl33BtdwiYuk4DIh9yE7Mbzab4o="},"senderSigningKey":{"public":"BY7HwRLLeg1jr3jhz/2fEKhM9gNXhNjT4RP76YDdwk91"},"senderMessageKeys":[]},{"senderKeyId":13898177,"senderChainKey":{"iteration":4,"seed":"otAbvuA1hKPVCHqYHBHsErCDofau6Dt8j0uUwD9TQo0="},"senderSigningKey":{"public":"Bf3Sq4QLLMHxXYz+0tY5p/pd4l2cewRg9/D6OfRHxOAX"},"senderMessageKeys":[]}]