[{"senderKeyId":264130031,"senderChainKey":{"iteration":0,"seed":"j2bgx345a0hBJY1juA27QJyf4IoXiW2ZRVOi4D1MLe0="},"senderSigningKey":{"public":"BWSe+0g/lcNE+H9OUIroPy41M1nePk8QsNTKjmJSah91"},"senderMessageKeys":[]},{"senderKeyId":582872956,"senderChainKey":{"iteration":0,"seed":"xYwbdhsfPm4ltB1As+4kB9jh3Vp0JXr3VKhVSpbc10Y="},"senderSigningKey":{"public":"BWem9AdLzfpW4znQfYiCURUB9SwJOnmu04/4bwhSAXcX"},"senderMessageKeys":[]},{"senderKeyId":1142113035,"senderChainKey":{"iteration":0,"seed":"Ceh/cnIih3lwtPhFIrn0CcfMTfYVdQ3sLvKd3ON5wIc="},"senderSigningKey":{"public":"Ba7CB0chaMgetAW12nAH9MmA32S3uT2vC6cVKMXki70G"},"senderMessageKeys":[]},{"senderKeyId":1486355332,"senderChainKey":{"iteration":0,"seed":"Kh7SN2lo4isQ29QM1ePXxc4y2K6zLJ2il/AI66Kh49I="},"senderSigningKey":{"public":"BZEAkNkAUbmCp/MxosB8zoQzvPysveXgA0p5e4GJh9A5"},"senderMessageKeys":[]},{"senderKeyId":1201638098,"senderChainKey":{"iteration":0,"seed":"uwDXGqlNrkKQLfweGiZfUb+7ggBZy+iZcHJpDqYqDVo="},"senderSigningKey":{"public":"BaayecIBgu3Upduq7vPnlwZ52PwwgQy/HFIvYe16q+wz"}}]