[{"senderKeyId":1835406532,"senderChainKey":{"iteration":19,"seed":"JpJ2AcCrrU51/k8VD4IZMYmHKWr57BtFElcTdMNXS2g="},"senderSigningKey":{"public":"BXepBfa/isEUyOTZ+EUPx/0BxJh7UJFSTRgIDGtNUCh1"},"senderMessageKeys":[]},{"senderKeyId":1739742254,"senderChainKey":{"iteration":0,"seed":"U3uP398OraYp6d+3TlUlLQeAR3D0hmbjjKwPGeR0jt4="},"senderSigningKey":{"public":"BYcbaRMXMXRmZ0uI8oDEMlmSkKrRWSY92omjJzTc8zAZ"},"senderMessageKeys":[]},{"senderKeyId":501198254,"senderChainKey":{"iteration":4,"seed":"GgzE6pAzX4DWABBX3zJWEwvlepsGr+8aZRHLWmUYqCU="},"senderSigningKey":{"public":"BbvidEVhfX8hw+tAXM+iud2zPGr6C9BqhxOytbaavvhR"},"senderMessageKeys":[]},{"senderKeyId":678221885,"senderChainKey":{"iteration":1,"seed":"XjoaO9YNSNGyL+KaDZcdS9Xq3ZK8Imw8/ybbQ6zqD0I="},"senderSigningKey":{"public":"BVEJv9EgLpqZDqBvSfCQS2mi32W0IttvdTaJ/KMkrtN0"},"senderMessageKeys":[]},{"senderKeyId":1599810873,"senderChainKey":{"iteration":12,"seed":"V2fvtuAeqDd3UL/G0A6vYs9Tj883pqcQIWSnDjotNCg="},"senderSigningKey":{"public":"BbM77r2WJBxJfGDo+r41+IsCEkoV1sZmY8bve36pC7h6"},"senderMessageKeys":[]}]