[{"senderKeyId":800336191,"senderChainKey":{"iteration":0,"seed":"/K/Bet8rt0PGavYAARFW+AWnwCNrKxn/b5KRC7e3Dbw="},"senderSigningKey":{"public":"BR1iMVsF1laAfwy9mrSH/cTQRiwXlglnM4Sm+aGnOQNN"},"senderMessageKeys":[]},{"senderKeyId":1986257132,"senderChainKey":{"iteration":0,"seed":"7M9VqQVbYmC8uuHqjghsQYa11B6S6JAgwGcY8Dwc4aQ="},"senderSigningKey":{"public":"BUhcYgAHG0EGQhgcDriadKNTd8AFR+JT5ZhVOpEr1n8S"},"senderMessageKeys":[]},{"senderKeyId":1201784894,"senderChainKey":{"iteration":0,"seed":"RHW493KR6m3TeI4992ssTZntQxoe1DwYEMfW2d5jYhY="},"senderSigningKey":{"public":"BV5NwqVqUXUBrajiSoA/HgB6tsKeK+LRM0Pi+nAGxvEX"},"senderMessageKeys":[]},{"senderKeyId":1328655877,"senderChainKey":{"iteration":0,"seed":"RKxc7/V1Rw5hOzAtAmftpDR9aHhpymevHvmG4NEl/tk="},"senderSigningKey":{"public":"BZLLdkzxSj8DjqBNlKvnuGIS/KPYyMexk0sKyYn/VgZ7"},"senderMessageKeys":[]},{"senderKeyId":1740677594,"senderChainKey":{"iteration":0,"seed":"Yo6nzGS+3/jvniZGrVN5GLjpV3rdlZSFAsrAp/VWbaE="},"senderSigningKey":{"public":"BTXKVc/B153dKs+k3+BhwTiulYDMigxrWQTRl5jJpkYf"}}]