[{"senderKeyId":909179976,"senderChainKey":{"iteration":0,"seed":"wuyvfW10t2bpcRsC+3WaTbQNL/+wiARzCVehvLzDTqs="},"senderSigningKey":{"public":"BSLiYYc+rBK3z6U7lDOtDRDcgQ/LbeJdz/UcypbchDpU"},"senderMessageKeys":[]},{"senderKeyId":1669350906,"senderChainKey":{"iteration":0,"seed":"t1oENWxFTb8Gm8Ic1xKvnasL84bWx4G5wUOBSwAXC30="},"senderSigningKey":{"public":"BYr0B8ugK//IiIN5A46jGNAbs1sT0cfYw0Q0pLWB5UYA"},"senderMessageKeys":[]},{"senderKeyId":244370224,"senderChainKey":{"iteration":0,"seed":"epwapIHW6KmcFplV6vrnRvhaxHNXHstAHTdg6q9bDKI="},"senderSigningKey":{"public":"Bf3ECoKpacbH/ncdtwX1z3zo3HfTYZc246IeBDzG45cp"},"senderMessageKeys":[]},{"senderKeyId":316260448,"senderChainKey":{"iteration":0,"seed":"/PDMWtP2oIZ9Qo7fwKoTVhACeERm+fdXeGqOcPjfgaY="},"senderSigningKey":{"public":"BRy1UM0upLHNGwYrbuWdjpF62ehkK7SXAjy6sc4vbjIV"},"senderMessageKeys":[]},{"senderKeyId":1376887469,"senderChainKey":{"iteration":0,"seed":"Pg7lN1Lpl/gHhSJQW4nqXn5Cr/HVAQsgLyBASHWdPG4="},"senderSigningKey":{"public":"BbXbjlHDV9TkUpy1RI77DzpVvalHl+9WKlQogt9krlJS"}}]