[{"senderKeyId":1193335948,"senderChainKey":{"iteration":0,"seed":"TPX5NDNIY89/qJPFNV24h0fDK9Y3hVAZPODUoq243NE="},"senderSigningKey":{"public":"BRyoectbYVIDdhHWVmUa+JGK6quz0YRXoQID1jAo9PYf"},"senderMessageKeys":[]},{"senderKeyId":8839373,"senderChainKey":{"iteration":0,"seed":"r3fpcPKFGeeODamwqSExpg/AG0Rp1VJuXQvObd4Sc1s="},"senderSigningKey":{"public":"BejE5UQJdn4oB46xqyN4GcQIkRf03ltYht8c4TdGfJsC"},"senderMessageKeys":[]},{"senderKeyId":8839373,"senderChainKey":{"iteration":0,"seed":"r3fpcPKFGeeODamwqSExpg/AG0Rp1VJuXQvObd4Sc1s="},"senderSigningKey":{"public":"BejE5UQJdn4oB46xqyN4GcQIkRf03ltYht8c4TdGfJsC"},"senderMessageKeys":[]},{"senderKeyId":1096817666,"senderChainKey":{"iteration":0,"seed":"cuAkJQCRRybWwiYjgnK3udNrdzzZ9o4iWdh+q6yna/w="},"senderSigningKey":{"public":"BbStkP2LScCsVUyWWPNCL7e+JMa4FWyBAJ8jTtqxqKJI"},"senderMessageKeys":[]},{"senderKeyId":759734299,"senderChainKey":{"iteration":0,"seed":"JVdzlRucZW4Io20z6Wa14mk08bhZqZujjhncQsekAeY="},"senderSigningKey":{"public":"Be5j0pErBXbZ3cZfG5x6fynrYafYszv9pfRM8sQ2Sihr"}}]