[{"senderKeyId":1779488645,"senderChainKey":{"iteration":0,"seed":"6iawElDcTf3F7CDaBXxC4w23p7nqa6vZzp1eYrNx1iQ="},"senderSigningKey":{"public":"Baqo6Vx3rosDRLF4icpzUu+EuzxTdn4w4O4CP2qexNJP"},"senderMessageKeys":[]},{"senderKeyId":1847831181,"senderChainKey":{"iteration":0,"seed":"HUOaWWvQ/zx1aOz7iLZ34l10uvvpc8g9cAV2fv00DuA="},"senderSigningKey":{"public":"BSti4XKsVFgZpUDvP/Ir0LxXnYnMh00DKzdOHo4ZX+Ix"},"senderMessageKeys":[]},{"senderKeyId":1847831181,"senderChainKey":{"iteration":0,"seed":"HUOaWWvQ/zx1aOz7iLZ34l10uvvpc8g9cAV2fv00DuA="},"senderSigningKey":{"public":"BSti4XKsVFgZpUDvP/Ir0LxXnYnMh00DKzdOHo4ZX+Ix"},"senderMessageKeys":[]},{"senderKeyId":1464638601,"senderChainKey":{"iteration":0,"seed":"kJc1WJv4B5UqkPrWBKgvlkhUaQY1S77OasipsIMLD8g="},"senderSigningKey":{"public":"Bb5RxmPKSx+cJn0w6aUtD+M07Aix5yqZ7cdTz0U566dq"},"senderMessageKeys":[]},{"senderKeyId":1588380270,"senderChainKey":{"iteration":0,"seed":"NoRcnISeTGdpSmPSvtFh6wdZ6rlsdUOF0t+U26/Pkig="},"senderSigningKey":{"public":"Ba9Knrbo+CTCTGJ4UoaxUcitAyxz68OSRHx3enkLxMg1"}}]