[{"senderKeyId":1460643997,"senderChainKey":{"iteration":0,"seed":"9O5GQWcZYUXe6Fd3hjlci1sakVELKEd/kokQuMjvJxI="},"senderSigningKey":{"public":"BShOBmSzHC/wi/S0LFkRcODWeXrdxy6luiWZ0w5GGftZ"},"senderMessageKeys":[]},{"senderKeyId":1074515099,"senderChainKey":{"iteration":0,"seed":"rZKn6qA+96yjgBubg2PFGveLQxGG677CfckhThWguFo="},"senderSigningKey":{"public":"BR286i66PKfntF4XAV+MgOyu+RvC7vufHt2pLAZaYYkN"},"senderMessageKeys":[]},{"senderKeyId":932838620,"senderChainKey":{"iteration":0,"seed":"i8zKjsIHdii/40uHF+Iegbg2KmuuYQjSuqwwdsD5Iws="},"senderSigningKey":{"public":"BZwlHbtVaztcyPo73e9zsRbmI+Ps0wbcUnarCzXwrGBy"},"senderMessageKeys":[]},{"senderKeyId":932838620,"senderChainKey":{"iteration":0,"seed":"i8zKjsIHdii/40uHF+Iegbg2KmuuYQjSuqwwdsD5Iws="},"senderSigningKey":{"public":"BZwlHbtVaztcyPo73e9zsRbmI+Ps0wbcUnarCzXwrGBy"},"senderMessageKeys":[]},{"senderKeyId":875935744,"senderChainKey":{"iteration":0,"seed":"FZRavKyxSpAz0MiDQWqv0BlWA8qgZVyvohDAjfjYyS0="},"senderSigningKey":{"public":"BfvrJ2RNL0CklMv2Xn99LgcF/lRH1ZeFKzWE84HGzch+"}}]