[{"senderKeyId":1080308740,"senderChainKey":{"iteration":0,"seed":"+o13eJ1oc8im1Chsnt9d2TcHVA3tEKcIBEW1wexeTvE="},"senderSigningKey":{"public":"BTBnJCFaKLRUuI+FcWA+Bxfwz+RzdjbEvLtohyts06Fu"},"senderMessageKeys":[]},{"senderKeyId":1352016373,"senderChainKey":{"iteration":0,"seed":"8cBpGiaI7sZYJsBS5sS1VbPKTOchWr7ZswIdkCihraE="},"senderSigningKey":{"public":"BXilOfSnYtEp6AtNJOwrhx9kh6kFhLBnGOLxX99t/e1g"},"senderMessageKeys":[]},{"senderKeyId":738944869,"senderChainKey":{"iteration":3,"seed":"lGjRITs+V04D5HASeuha6+uAV6x7r59/ZHFA9UVRB1Q="},"senderSigningKey":{"public":"Bayv/ZAixUFyJH9ZuYMKJqeXzFy3cBG0hy2fsx7ctL4t"},"senderMessageKeys":[]}]