[{"senderKeyId":1801085451,"senderChainKey":{"iteration":0,"seed":"ZimzBZ8tffo9MYqvf4/IP6nEv2oycj+3hLnjbZiEMaQ="},"senderSigningKey":{"public":"BRm/AqRoZVfDVXrc2bn5nb0DGnldy0WslZL8KeRzgUQ2"},"senderMessageKeys":[]},{"senderKeyId":1801085451,"senderChainKey":{"iteration":0,"seed":"ZimzBZ8tffo9MYqvf4/IP6nEv2oycj+3hLnjbZiEMaQ="},"senderSigningKey":{"public":"BRm/AqRoZVfDVXrc2bn5nb0DGnldy0WslZL8KeRzgUQ2"},"senderMessageKeys":[]},{"senderKeyId":1339765336,"senderChainKey":{"iteration":0,"seed":"/Hb0Onow2YtGxUoesChOdJZoc2FmxlL785LbJ5LbcJ4="},"senderSigningKey":{"public":"BVT0n+wZW3vUrFDHn4EdONQDVSObGKsabsULAAkb5Zpb"},"senderMessageKeys":[]},{"senderKeyId":1339765336,"senderChainKey":{"iteration":0,"seed":"/Hb0Onow2YtGxUoesChOdJZoc2FmxlL785LbJ5LbcJ4="},"senderSigningKey":{"public":"BVT0n+wZW3vUrFDHn4EdONQDVSObGKsabsULAAkb5Zpb"},"senderMessageKeys":[]},{"senderKeyId":1669040176,"senderChainKey":{"iteration":0,"seed":"IoJQOIr9QH6WcuvYpKMpEsEm6h4+sf6j/FdalXi2o1k="},"senderSigningKey":{"public":"BQVqXdBS3fht2YOEW86GHGTBkqRqW+fe6Xp7FSjfxjg+"}}]