[{"senderKeyId":1328533707,"senderChainKey":{"iteration":0,"seed":"5wPtwgd/GFpoBBEDCLDSy3Ug4I5IYig+xH4Mpw6jfxw="},"senderSigningKey":{"public":"BbYNds5Dy9CRs/iwmAk1qf+tsiidwn5c5b3lJzv61n5T"},"senderMessageKeys":[]},{"senderKeyId":1943622059,"senderChainKey":{"iteration":1,"seed":"66L2qPE0zMq47Q1y+70IGHcrfcTPfER12MvXYuhmgIY="},"senderSigningKey":{"public":"BVbWt2clwSRiymM5rzKZr/4UiyIVb6bH5XcE5ZnZa3NI"},"senderMessageKeys":[]},{"senderKeyId":211602416,"senderChainKey":{"iteration":0,"seed":"VCvkvtpzyedOHmP7RE2inZWFBG0n6Ksrahx/mN0O3gc="},"senderSigningKey":{"public":"BSEdGPN27Fso4zgSZ6X0VwFDFftMcpRRGrsbo7DH2kVH"}}]