[{"senderKeyId":1539326584,"senderChainKey":{"iteration":0,"seed":"QLhnj1SBWFHTvSTDmgLSkavACM4oNw26fNauKi7hmZM="},"senderSigningKey":{"public":"BTQ3TD9ckTTwgr9dWHJwrBsFTyGPZIyGZido9vxV9uJu"},"senderMessageKeys":[]},{"senderKeyId":209155823,"senderChainKey":{"iteration":0,"seed":"OemHudQEpdDuUjj47izhXbQEjAbxZnKgGYGzqjKVTGk="},"senderSigningKey":{"public":"BWQW6fWdjJl7l48wgGt0KY5JvvwFIr+olHtvx2244dNC"},"senderMessageKeys":[]},{"senderKeyId":1340220962,"senderChainKey":{"iteration":0,"seed":"BNNWKO4z2TOt9RxmEgg93oXA96ELw3H+VLN70rMkguo="},"senderSigningKey":{"public":"BUZbKa8JCDnX0IXLgAvGBEQ6BvTJbp+mJ3e5gTz0y5RZ"},"senderMessageKeys":[]},{"senderKeyId":1934500780,"senderChainKey":{"iteration":0,"seed":"VDgBxYFujdUe2XpnyKB6G4HF18Bue8P91t/QRxmTDK8="},"senderSigningKey":{"public":"BfXoKhRJgoaGLJV/zw2vjDBUZJ8A4H8p6NgVRW5A3eJK"},"senderMessageKeys":[]},{"senderKeyId":1995091022,"senderChainKey":{"iteration":0,"seed":"9WRU2kHGBscdrKGdPfS0I9+nm3aIL9Z+xVjwZOAHC4w="},"senderSigningKey":{"public":"BU7+OPjgvax8vvcpjaEcfA8xpOjtZKcWnEH/t3sdQtN+"}}]