[{"senderKeyId":207466114,"senderChainKey":{"iteration":0,"seed":"L8hfa0CYwLLtOxz00OFc/7zBJSIuqBMTcHe/piazQWw="},"senderSigningKey":{"public":"BXbEuOgU9KZ2wUe8HlhpHyB+QkB7E6phOx/tA3uZqxMy"},"senderMessageKeys":[]},{"senderKeyId":789449672,"senderChainKey":{"iteration":0,"seed":"VtiBDbghaw3oQzGb8zePnL4R65GYeOrj1N6vyTOpjJg="},"senderSigningKey":{"public":"BVMaP+uTXYGZXK76jq66Qwpq1oT1XnfxlBpuPjpSnToS"},"senderMessageKeys":[]},{"senderKeyId":1280916886,"senderChainKey":{"iteration":0,"seed":"tfxFxh3/jyo1CfVCqgrrD7WlPUerkEIjqFjL5ZJg/AI="},"senderSigningKey":{"public":"BfwfqitPIf1qMbFbUDdWtKH4E9OGwsyDHElZDT2gC1VP"},"senderMessageKeys":[]},{"senderKeyId":1941322669,"senderChainKey":{"iteration":0,"seed":"TmP2OSZbsULFBDwXZPOJLAqMs1dSdLCc9FF/l3dz+Qk="},"senderSigningKey":{"public":"BVzzsnr4QfYodDc52lltqQRwWqd3oLPWZnM1IXwheIAC"},"senderMessageKeys":[]},{"senderKeyId":244932315,"senderChainKey":{"iteration":0,"seed":"wclGowBqPPeXpSWbzxaAZPnjwcYc96R6frq1Nvhf/Qg="},"senderSigningKey":{"public":"BfiZqeiUSwtGlNgD5FgQVqvPVa6o2r0TaJhjiQ8r1icQ"}}]