[{"senderKeyId":1736526601,"senderChainKey":{"iteration":0,"seed":"2KSAes5nmgCDzaEwdTmbLzvzZpnVgD/EhZLsLOiAzLQ="},"senderSigningKey":{"public":"BRlDhfZwYGWJIcfernLNlEuNybww89+xS8gBYrfyzKxi"},"senderMessageKeys":[]},{"senderKeyId":253088363,"senderChainKey":{"iteration":0,"seed":"Y3XMzUVfYcfLRmxGZuUoy0O6GWE2KPZ1yyAqCdHT8VM="},"senderSigningKey":{"public":"BTClnUhh4HKIFTKuQq1zENpKtbHNXZ/DpmTB3YeNFcY9"},"senderMessageKeys":[]},{"senderKeyId":253088363,"senderChainKey":{"iteration":0,"seed":"Y3XMzUVfYcfLRmxGZuUoy0O6GWE2KPZ1yyAqCdHT8VM="},"senderSigningKey":{"public":"BTClnUhh4HKIFTKuQq1zENpKtbHNXZ/DpmTB3YeNFcY9"},"senderMessageKeys":[]},{"senderKeyId":668951324,"senderChainKey":{"iteration":0,"seed":"OK0Nd4Bc1RsaXFwXZS6D9m4iSkp9TSrCXLmZHABjCd0="},"senderSigningKey":{"public":"BVRrCT/e5OQGaIZb55UHFFqNBwiNQZUDfWzig/NMuT0a"},"senderMessageKeys":[]},{"senderKeyId":207756172,"senderChainKey":{"iteration":0,"seed":"bQ61VGMqehgMbNSR0/a0dCt6odv1txGvalmD03Ob0ig="},"senderSigningKey":{"public":"BVON1h5Gva26MIhZqJ6l3RV0Cm1mA0GO/To2lISglm4b"}}]