[{"senderKeyId":1898863698,"senderChainKey":{"iteration":0,"seed":"Xcawds/+E/AzPmVdRhK40ykk68Ta+F0mLaWCKUXWlQY="},"senderSigningKey":{"public":"BQM0tvRP3luUwP17o5MU8jBlbcDgV8ZNgbLtj4+I8NtQ"}},{"senderKeyId":1282317950,"senderChainKey":{"iteration":4,"seed":"/7fWE7QJWaQ6AfMHUqASDncoguWaqkEDAw8TGOiOVGk="},"senderSigningKey":{"public":"BfY+50AAerBrAkvU/u28keSw2WEKr3+bpoAZL3VrHNQs"}},{"senderKeyId":139642771,"senderChainKey":{"iteration":3,"seed":"7fn+y/omrmzVu0Pl52dUyYDqukoXWCDZjc372yvDQfg="},"senderSigningKey":{"public":"BS8/F/uTIIGeLdpp7r+PbxkvjhO5l+V6i8KzewN7VotY"}}]