[{"senderKeyId":1923184301,"senderChainKey":{"iteration":0,"seed":"CtzYpMlH/3p2gLzYStn9E+K7y7T7RS30GepVNxmVk10="},"senderSigningKey":{"public":"BTO5oeQxhytPpuSafHXf86yGR3WPK1Iti7m+4GdR7q5s"},"senderMessageKeys":[]},{"senderKeyId":355747080,"senderChainKey":{"iteration":0,"seed":"sMpEl+n7GCj4/0byKxoO8pkals8cwOvxoi/H7RoV7Bg="},"senderSigningKey":{"public":"BW/Gnoiq62p9ABGa8QbqlTln47ZeP7piVZqWP3uT6yxw"},"senderMessageKeys":[]},{"senderKeyId":881358936,"senderChainKey":{"iteration":0,"seed":"mr8wZ+/AzC3NEctBgcvVxyDSD7fvfl5vwF97bV/vhiE="},"senderSigningKey":{"public":"BYMrVZxa0SU4azk9cSWGhBIoz4PqiiSOIR0xn3cvOBJO"},"senderMessageKeys":[]},{"senderKeyId":897783371,"senderChainKey":{"iteration":0,"seed":"zotngDihLsip2HMs2HXR/vFVX0dz5+SCmoqe+o0PPHI="},"senderSigningKey":{"public":"BYoIZ3794wNCrbHsRW3UNAxU2gS6c4Mw1G0IHpKFWL9h"},"senderMessageKeys":[]},{"senderKeyId":721096218,"senderChainKey":{"iteration":0,"seed":"KY/4OZHG0xBNj2VXn9WRHYYf/6/c1oJaBLtsZ5kEaio="},"senderSigningKey":{"public":"BYqEhkEQcYk389/ScsXrjBnTZs7LyQCAz9HCNNmLmeB7"}}]