[{"senderKeyId":861476292,"senderChainKey":{"iteration":1,"seed":"v4lJlVmszIZ1raI/dwnNkXjsskkBrk4OileyuPprlm8="},"senderSigningKey":{"public":"BRwsZ0m95ovNFv0wPB6ysGwjCiOMyo5PpMr9OcVnmchd"},"senderMessageKeys":[]},{"senderKeyId":861476292,"senderChainKey":{"iteration":0,"seed":"lQ4xju1uKEqxtJPKVndjYgPieZcljTrZys3hOEOC2D0="},"senderSigningKey":{"public":"BRwsZ0m95ovNFv0wPB6ysGwjCiOMyo5PpMr9OcVnmchd"},"senderMessageKeys":[]},{"senderKeyId":52992107,"senderChainKey":{"iteration":0,"seed":"NuQVWVpHsqfX0lDOuj/WU6D+z2sCMxke4uCtfdliXIU="},"senderSigningKey":{"public":"BQaXjfwg3nHPahn10C425h27LcYVaZ+sHf3innX4qbFK"},"senderMessageKeys":[]},{"senderKeyId":52992107,"senderChainKey":{"iteration":0,"seed":"NuQVWVpHsqfX0lDOuj/WU6D+z2sCMxke4uCtfdliXIU="},"senderSigningKey":{"public":"BQaXjfwg3nHPahn10C425h27LcYVaZ+sHf3innX4qbFK"},"senderMessageKeys":[]},{"senderKeyId":775347741,"senderChainKey":{"iteration":0,"seed":"pa2qsvAyK7ikyrnLj2MTJEqECQnMG//WqZpZyXRVhuw="},"senderSigningKey":{"public":"BRKK6IdiIBLv3Q3sAJ1vw7PCMFlX65lVL6ytFhDbvwki"}}]