[{"senderKeyId":1258730576,"senderChainKey":{"iteration":0,"seed":"C/4jJQF85tbBPcSbDXVPph2eosA32bOuiGpr8TbILLY="},"senderSigningKey":{"public":"BaJV/sm3DL986jakGMvISjM2OodvSymE+o/gWml63wUH"},"senderMessageKeys":[]},{"senderKeyId":1203597785,"senderChainKey":{"iteration":0,"seed":"7tC3Qm8L3QR/E24kV8kop2zJvJAHC9/XubWJWTlaOKo="},"senderSigningKey":{"public":"BTSpOcnJcd6WHtOqKEDL8Eyd8EcpD0BGlsNNvCpUrPJw"},"senderMessageKeys":[]},{"senderKeyId":1203597785,"senderChainKey":{"iteration":0,"seed":"7tC3Qm8L3QR/E24kV8kop2zJvJAHC9/XubWJWTlaOKo="},"senderSigningKey":{"public":"BTSpOcnJcd6WHtOqKEDL8Eyd8EcpD0BGlsNNvCpUrPJw"},"senderMessageKeys":[]},{"senderKeyId":186805450,"senderChainKey":{"iteration":0,"seed":"w11u1mlrHG5h4XJnCUThNYwiRQ9TMBNi3NEODS1XlR8="},"senderSigningKey":{"public":"BbY5ceJ9+uabhW9hCB6gQ9ZZUrtQGupzNn9oZDmEGDMx"},"senderMessageKeys":[]},{"senderKeyId":1430319741,"senderChainKey":{"iteration":0,"seed":"rtp0T7ZTynlco+HJhbbCo3Cmf3cXSYYhsUHkor/fKEw="},"senderSigningKey":{"public":"BWPyD+3HrtGMl3iJJSU9e195dGtdnqB3LP6iZOFf6vY9"}}]