[{"senderKeyId":392229082,"senderChainKey":{"iteration":0,"seed":"FvE5Rn7Ne9Qlt1JMTfHzL1TN5t6u1XcTai6xvIPvc9w="},"senderSigningKey":{"public":"BdXHFxNJ1E/TUfpTb4nE5uFqmLBwalgRB3LuGGgRRrJ6"},"senderMessageKeys":[]},{"senderKeyId":614449945,"senderChainKey":{"iteration":0,"seed":"TIOHmHgpzHmJ1ryIT3CQSCEe7VvJdFEF39fB6/+SDWM="},"senderSigningKey":{"public":"BRyK3wiQP7G3bZE8eYWm0B8X5jWrQVj7n1Ix2d8QakUP"},"senderMessageKeys":[]},{"senderKeyId":1596718603,"senderChainKey":{"iteration":0,"seed":"F8DbzCZzXnBH39EkRQXTws9CEmNW2FsF3FdnyqNnqvk="},"senderSigningKey":{"public":"BTHOZtDaOfK/qTPYBSvG/FBhSGKONs8RVJs1c2mL53h5"},"senderMessageKeys":[]},{"senderKeyId":1324622703,"senderChainKey":{"iteration":0,"seed":"JNnV2se1ukCgeW20PRSB4j5Ug7MthqgNicB4LYopQcY="},"senderSigningKey":{"public":"BVjNKIYSK40YffMcq3FutpNHi+H+5VXtEYiEEP0vFI5G"},"senderMessageKeys":[]},{"senderKeyId":774166200,"senderChainKey":{"iteration":0,"seed":"c26IX3PrD+ga6fpC5lWXz1/JTWigLmwESYrWc6wH/B4="},"senderSigningKey":{"public":"BVH/j3c6N4eZty5kyXRK7GqA4Q1bI/uXUrpPyYpgqzcx"}}]