[{"senderKeyId":376323330,"senderChainKey":{"iteration":0,"seed":"4TFZjHY0FU0L0L+8ZtO1MIGH/m7Pqnbbhw9kP5zPWE4="},"senderSigningKey":{"public":"BYCWfoJ/DqVT1nZO70c5s9c0VQdWQhIY9L2xtyZvdU0R"},"senderMessageKeys":[]},{"senderKeyId":6511868,"senderChainKey":{"iteration":0,"seed":"d6FJDwGjx2brx5r0YfHn6dCHgpGyzfiFZoldIw16Cos="},"senderSigningKey":{"public":"BY9O2g1G58MnU2pFBzx4HhyGOBUaxTkmL3hesD8cCa9r"},"senderMessageKeys":[]},{"senderKeyId":292403734,"senderChainKey":{"iteration":0,"seed":"WFdGASRPp+gYqL7kjktlM7r4krPAl9xdX0ozim/j234="},"senderSigningKey":{"public":"BTzVhOAz7reYCUcvSCMExAh4kS7TDoZoeopWzUZAS7sp"},"senderMessageKeys":[]},{"senderKeyId":444088907,"senderChainKey":{"iteration":0,"seed":"F3s/9PAUP7/u5k2e77yi4gKoCFOFtNu19P2bN89UcII="},"senderSigningKey":{"public":"BQwIrURP/V89ypCw+z0Obvwi86pHVhyv2JL8Q08okTgz"},"senderMessageKeys":[]},{"senderKeyId":860795152,"senderChainKey":{"iteration":0,"seed":"HDF/9LdIu0ildHfOlcH73BpOTnGD7a6ql856Jncd2YQ="},"senderSigningKey":{"public":"BSWCUv6nn1e46uehqcc76JSx581FhXmOdoIqXOS1Jv4a"}}]