[{"senderKeyId":677957262,"senderChainKey":{"iteration":0,"seed":"+NSj/fQlPeETZuDasLNtafAEAT3mjnFNARbkfAKPPjI="},"senderSigningKey":{"public":"BSAGcB1e8QacYsOxtQXiMGqfOAb64ZOBtd2tybUjzXQw"},"senderMessageKeys":[]},{"senderKeyId":523380776,"senderChainKey":{"iteration":0,"seed":"er8DhpfBLZHaPjUGYQaiGhweZb5r8kOOaLqmuSYz5qk="},"senderSigningKey":{"public":"BT7ZlS4+gm5/Ct9iuXJsUDRsKoMshq71WXM22H/+5fA8"},"senderMessageKeys":[]},{"senderKeyId":1004830085,"senderChainKey":{"iteration":0,"seed":"eEmihAWSIvdLRORRBE5+/FTB3sUTATcvfRy7iUyXqBQ="},"senderSigningKey":{"public":"BU1Mt+PzB2EB3LNhwizH7/jxsQc82+uZFtXCiE0v/dpY"},"senderMessageKeys":[]},{"senderKeyId":1004830085,"senderChainKey":{"iteration":0,"seed":"eEmihAWSIvdLRORRBE5+/FTB3sUTATcvfRy7iUyXqBQ="},"senderSigningKey":{"public":"BU1Mt+PzB2EB3LNhwizH7/jxsQc82+uZFtXCiE0v/dpY"},"senderMessageKeys":[]},{"senderKeyId":716311003,"senderChainKey":{"iteration":0,"seed":"W2AhrzH+5nJEK1/QBMzUoUgI5luFA3BZY3qNSvb7Hc0="},"senderSigningKey":{"public":"BaZbjl6F1Pje3K7OfDp2hSkubLIW95RCmj+irJso7Hs4"}}]