[{"senderKeyId":47499715,"senderChainKey":{"iteration":1,"seed":"j5TmvsDtDMXT166UvK/81k1dRHx/E5aCYJfAv03BGjs="},"senderSigningKey":{"public":"BXytNydF/7fKL6jONYLgILQMxb3NgSpk9jt9zVIQ5s8R"},"senderMessageKeys":[]},{"senderKeyId":1654420243,"senderChainKey":{"iteration":0,"seed":"oPGKRoziC769W8fjSClcFe5iSQAGOolgxr1Xxre33nA="},"senderSigningKey":{"public":"BfDyR6O2sX3tZMkkgWz/7UYn9z1J659HVtJ1w/tRMFIg"},"senderMessageKeys":[]},{"senderKeyId":1654420243,"senderChainKey":{"iteration":0,"seed":"oPGKRoziC769W8fjSClcFe5iSQAGOolgxr1Xxre33nA="},"senderSigningKey":{"public":"BfDyR6O2sX3tZMkkgWz/7UYn9z1J659HVtJ1w/tRMFIg"},"senderMessageKeys":[]},{"senderKeyId":1654420243,"senderChainKey":{"iteration":0,"seed":"oPGKRoziC769W8fjSClcFe5iSQAGOolgxr1Xxre33nA="},"senderSigningKey":{"public":"BfDyR6O2sX3tZMkkgWz/7UYn9z1J659HVtJ1w/tRMFIg"},"senderMessageKeys":[]},{"senderKeyId":57853775,"senderChainKey":{"iteration":1,"seed":"fM1JfAqRZEbXiHWvPmokVqLLW402K5o8lVOeGe8WqN4="},"senderSigningKey":{"public":"Babkuduv4QQDUakhXfn5Rrm5/K/CkjZwDm9GrHSjaYYj"}}]