[{"senderKeyId":1576162440,"senderChainKey":{"iteration":0,"seed":"dQudG3oU1IsWcY+IgiRu6hzu1jo3K0VxR6jfnwHafpY="},"senderSigningKey":{"public":"BfuPdAflLfqasO0C6nIAQ0S5nXS0R2BHusM9B3M7M9Fh"},"senderMessageKeys":[]},{"senderKeyId":1789453294,"senderChainKey":{"iteration":0,"seed":"IQHQgzvnMklLsMGweAA/r1lr4BmIk9ygXmFVzK6F7Og="},"senderSigningKey":{"public":"BdYkShYpc9g7dvC8lIkvepnqiZ9ik1kWdFzZcV8ZLPYX"},"senderMessageKeys":[]},{"senderKeyId":1853741439,"senderChainKey":{"iteration":0,"seed":"VNjjGPWRBkJxosIqKFcvpc2IW27a3guFXHhJ++Ea0+A="},"senderSigningKey":{"public":"BZseFL7TlsYhKC89xkybTXKpEnvq5hlWFlCk5421qa9o"},"senderMessageKeys":[]},{"senderKeyId":1414930823,"senderChainKey":{"iteration":0,"seed":"5eAhB6/ZXnOXhh6w0mVJiY2y9kerDlXOTEIn1kKSODI="},"senderSigningKey":{"public":"BVyqvtBn+pMQozyfENB3BxBqWNsU7YWvbdUIlsBUyR0C"},"senderMessageKeys":[]},{"senderKeyId":1892099744,"senderChainKey":{"iteration":0,"seed":"TczDIWJiYasP6HgoSbOyl8eE73rGwiQaKbYxbeFYaCY="},"senderSigningKey":{"public":"BR4wtkZVzWxFFrocqaAGW/l4+SZ3wBjVbFXUc3x/gUww"}}]