[{"senderKeyId":1034122028,"senderChainKey":{"iteration":0,"seed":"NR4iR4KfcG5XxcZbCwRMZriMsUj5pWpOIhCClNMWHVc="},"senderSigningKey":{"public":"BbTYvlT55fjGedraHIGdFigg2tcgQLPfJbhEbuKI31RB"},"senderMessageKeys":[]},{"senderKeyId":1193039221,"senderChainKey":{"iteration":0,"seed":"ZUmPPBI50+PvdsUIJDvJdvLATWLRM5Aq7ONuFAy5sKY="},"senderSigningKey":{"public":"BRldpuj+jzqNiZbw5KDUYCiVl7bS6dgIEb49uzXj8a5r"},"senderMessageKeys":[]},{"senderKeyId":205969156,"senderChainKey":{"iteration":0,"seed":"eC7aonsmFuudeixLRn4ys6JHzynAWvZ+7wUIdBIXnGw="},"senderSigningKey":{"public":"BRZ5Bt8s1Zg6ymRrD/VNwb9KUgoTJocVzZvD3K7YsZMf"},"senderMessageKeys":[]},{"senderKeyId":238687985,"senderChainKey":{"iteration":0,"seed":"8i4Ni+DGXxYpn1cHYN5fNzgRutEA6Z4DdesM9LRYWro="},"senderSigningKey":{"public":"BRqdILt2UWrhyWUNI0acaM3/6CuUccIa/bEWJkc8B8V5"},"senderMessageKeys":[]},{"senderKeyId":427236792,"senderChainKey":{"iteration":0,"seed":"/fNOL9RYaXq+IC7hnNURtgE5SWpl1aWbwZsRwXgCf84="},"senderSigningKey":{"public":"BTNfRajT0WlCGE06IL6t8RUdu2hGZg+SdX9S3FQK1D8p"}}]