[{"senderKeyId":201208968,"senderChainKey":{"iteration":0,"seed":"+H5CEYtO2adTqWkLZAXxRP0vJVtaY/vuVHtB4QrGEiE="},"senderSigningKey":{"public":"BadQ2HwwLKpVWp3UHVkF/s1h0e4Ku/fA68JCXtzPiO41"}},{"senderKeyId":1760550545,"senderChainKey":{"iteration":3,"seed":"Z8jDBBOp6+opRDu1sgmRUavDDPffOj365KqrXjvmDjg="},"senderSigningKey":{"public":"BXjbWzWFVOL71zEacYXrEpJXPmeSerj1T/DrpQcEe+hY"}},{"senderKeyId":511322052,"senderChainKey":{"iteration":3,"seed":"Zq4sCQEr3LvNI9sW8uqDoTsQAT6WulrCvl/i5qQnu1U="},"senderSigningKey":{"public":"BWtETI61XPfr6nSa38ussYg7jW3hPLT1JOjTczD6AxID"}},{"senderKeyId":1360075954,"senderChainKey":{"iteration":1,"seed":"DaHtLi4DbA0saLufpb7NIpbGBoBRBBWS3EnwolroYK8="},"senderSigningKey":{"public":"BVSXLxL7YPb+T2bSizX3gDCdev3lly7PfjyT3L/engIP"}}]