[{"senderKeyId":1080369100,"senderChainKey":{"iteration":0,"seed":"fetwscOJHijhSdZy94aC/cCy+CjULXhG4+o6cPXZUeA="},"senderSigningKey":{"public":"BTAWXQPJ8cbYyeZCAOElrOqyo3NHX4maKfSARlFEQZcc"},"senderMessageKeys":[]},{"senderKeyId":1281494620,"senderChainKey":{"iteration":0,"seed":"PTxhqthIvt0gzmg4hMfZDFEBpbBkX0DuHQRgxzZU2vg="},"senderSigningKey":{"public":"BUtGsyX4c9scqObw/xWZ7FgOx02TvAOpvit94LSKHqQk"},"senderMessageKeys":[]},{"senderKeyId":245093276,"senderChainKey":{"iteration":0,"seed":"C0aeJVKefmAywmFtdVGhtFSQPcNaUc0y2qQd4Ch//Xg="},"senderSigningKey":{"public":"BXnUsCFlpPBRhczsEB4DcK/YiO0Znv85WwulK88/WY0L"}}]