[{"senderKeyId":1289148724,"senderChainKey":{"iteration":0,"seed":"fxpQfbbEMqAW29nQi+A/ANll3JeS394rZnv4s7jwImk="},"senderSigningKey":{"public":"BU1xaUBmYfSkRIvfZWFTx1Qsb7zzuZNvi2kQIn5+DAVI"},"senderMessageKeys":[]},{"senderKeyId":412730322,"senderChainKey":{"iteration":0,"seed":"v9IlRNDiMnmjEPpJG5WO0UfQit6afyJ4VKF/qOAW79Y="},"senderSigningKey":{"public":"Be5cySXyiHBydqYwfTPxDRA1VWJ9t+4niVH4JJfAa7VP"},"senderMessageKeys":[]},{"senderKeyId":412730322,"senderChainKey":{"iteration":0,"seed":"v9IlRNDiMnmjEPpJG5WO0UfQit6afyJ4VKF/qOAW79Y="},"senderSigningKey":{"public":"Be5cySXyiHBydqYwfTPxDRA1VWJ9t+4niVH4JJfAa7VP"},"senderMessageKeys":[]},{"senderKeyId":1541236635,"senderChainKey":{"iteration":0,"seed":"ftQ3k3auZ0Q6xXFTdYPhicXcSpXQmjHgs+Y8SLC0vvA="},"senderSigningKey":{"public":"BbBwmvqjbU3XXpsHdiyYGO4RXJAESY8BNsjws3NA+g5J"},"senderMessageKeys":[]},{"senderKeyId":1330404860,"senderChainKey":{"iteration":2,"seed":"du/jCRHpEMslq2dIaTuMD+RJo1YQVOMYCOeModUj1dY="},"senderSigningKey":{"public":"BYDdveR2bQXB8Ak2Cc93APs19+M1Nth4NBY3mCCWGksR"}}]