[{"senderKeyId":947538530,"senderChainKey":{"iteration":0,"seed":"snz5EOlBrNJ7ZzOFJwnFkLOGtVHgC4OGsNm2itYESAA="},"senderSigningKey":{"public":"BVv2hkjk8ZIXVuJmDiyAd23hRls2uIqR7apvqWBZeMZ7"},"senderMessageKeys":[]},{"senderKeyId":947538530,"senderChainKey":{"iteration":0,"seed":"snz5EOlBrNJ7ZzOFJwnFkLOGtVHgC4OGsNm2itYESAA="},"senderSigningKey":{"public":"BVv2hkjk8ZIXVuJmDiyAd23hRls2uIqR7apvqWBZeMZ7"},"senderMessageKeys":[]},{"senderKeyId":894948583,"senderChainKey":{"iteration":0,"seed":"YbTmdxUvjKfsnWx7gAAMgltRO0gR/Rw9jWug/WwiB28="},"senderSigningKey":{"public":"BV5HeOZ8X1jKUnX9l1stpoBaldsZk/+CBWRH6dk/zCFT"},"senderMessageKeys":[]},{"senderKeyId":894948583,"senderChainKey":{"iteration":0,"seed":"YbTmdxUvjKfsnWx7gAAMgltRO0gR/Rw9jWug/WwiB28="},"senderSigningKey":{"public":"BV5HeOZ8X1jKUnX9l1stpoBaldsZk/+CBWRH6dk/zCFT"},"senderMessageKeys":[]},{"senderKeyId":1162874504,"senderChainKey":{"iteration":0,"seed":"19lXvKJ7+L0OFuKa86K0udC4yOjVwTyKfKi+lzz19cM="},"senderSigningKey":{"public":"BRlbDdi7z9tJijxgHti6WLGIcbJZdmKsEzKV23bzVNAC"}}]