[{"senderKeyId":58416786,"senderChainKey":{"iteration":0,"seed":"crNr982TydpyfasgU18/jCG+uxkm26MmpalGrojxP+Q="},"senderSigningKey":{"public":"BYQmM2QIoHdpI9h1wd0cOPn0wGycaq2DtJW2CkaAepc+"},"senderMessageKeys":[]},{"senderKeyId":737791644,"senderChainKey":{"iteration":0,"seed":"B5qnrjdYTNQ5pgSrW/PbtaoH81nF6tjTb9I5nSSMxLw="},"senderSigningKey":{"public":"BVwoF5r5J+R3N5IVIRzJPpcf5f68ciK7u+aCOwUX1rZw"},"senderMessageKeys":[]},{"senderKeyId":360087608,"senderChainKey":{"iteration":0,"seed":"ZqNDkVR3hT/6dIls6uv/818etd984kwxNgwaGqQFv5I="},"senderSigningKey":{"public":"BWmnCastIO1pu49bGvTtQwr63OrKDM5omo0Pt/d2U+st"},"senderMessageKeys":[]},{"senderKeyId":730054364,"senderChainKey":{"iteration":0,"seed":"BNELTc3RyJh2na+y/WbJP+n6d22guFVc9WWpVidLq30="},"senderSigningKey":{"public":"BWR0BKO/c99WcBWkEkoJZzYv4Rnwus9vXKX1T2KtAboV"},"senderMessageKeys":[]},{"senderKeyId":1769765671,"senderChainKey":{"iteration":0,"seed":"0RPBsf17pyljWrGBMFHY+OYhfK6aDfX8dWr+8i+fEck="},"senderSigningKey":{"public":"BX+7pHplzRhHgL4U4S4G3ODmaMr7JlxFZgEjcxPnAqRR"}}]