[{"senderKeyId":861635151,"senderChainKey":{"iteration":0,"seed":"CEKSUiRhUSqV8MQZgcvB5FdYicnEhOBkB9SJBLGu6vU="},"senderSigningKey":{"public":"BaH0Rhgz1LZMqSZ/y8qFvuOlDeNnANE0NApe92sUAM1+"},"senderMessageKeys":[]},{"senderKeyId":437998920,"senderChainKey":{"iteration":0,"seed":"Im0Pzho4oqEJy4Zrg+PS0N+v+1T2a8WRs76EbDv72kM="},"senderSigningKey":{"public":"BZhhFXMX2XgbDLujdi5leJkjrRCBQWtmcA9VooQoLVhV"},"senderMessageKeys":[]},{"senderKeyId":437998920,"senderChainKey":{"iteration":0,"seed":"Im0Pzho4oqEJy4Zrg+PS0N+v+1T2a8WRs76EbDv72kM="},"senderSigningKey":{"public":"BZhhFXMX2XgbDLujdi5leJkjrRCBQWtmcA9VooQoLVhV"},"senderMessageKeys":[]},{"senderKeyId":1531163780,"senderChainKey":{"iteration":3,"seed":"efP84Pl6KAkkO3cmPy1tIVj8lpJUNPmZ4i3bbNT2+9g="},"senderSigningKey":{"public":"BfOmrB2DMrv+5GWtuo8DhSjg5LbO6J98moeIe2MJBIpO"},"senderMessageKeys":[]},{"senderKeyId":339500076,"senderChainKey":{"iteration":0,"seed":"02GrBlU+JLf/xwyqWteWmEcb0kR8undjLgSDjeb3ZrE="},"senderSigningKey":{"public":"BUd86Il6lG455H08C7HdajtMrD5BX/Pgqfcs0HEimNo8"}}]