[{"senderKeyId":1581327759,"senderChainKey":{"iteration":0,"seed":"7R0RemyVNRg2XzSMafjpczHrrjqikL0vWkMd2RtFgYI="},"senderSigningKey":{"public":"BfWkEwxvPVB1aNTx9s6/HjfW3rtAdhmgYKEnZLtyfOhd"},"senderMessageKeys":[]},{"senderKeyId":531568249,"senderChainKey":{"iteration":0,"seed":"Y98A55cSs/53VYNUHSqXoeZFEWewRFN/s0ph63ajpvg="},"senderSigningKey":{"public":"Bb5TJyZ3vfGJXLyKaGhy2SXLV7/vqoV42R5qg8KchvVK"},"senderMessageKeys":[]},{"senderKeyId":531568249,"senderChainKey":{"iteration":0,"seed":"Y98A55cSs/53VYNUHSqXoeZFEWewRFN/s0ph63ajpvg="},"senderSigningKey":{"public":"Bb5TJyZ3vfGJXLyKaGhy2SXLV7/vqoV42R5qg8KchvVK"},"senderMessageKeys":[]},{"senderKeyId":531568249,"senderChainKey":{"iteration":0,"seed":"Y98A55cSs/53VYNUHSqXoeZFEWewRFN/s0ph63ajpvg="},"senderSigningKey":{"public":"Bb5TJyZ3vfGJXLyKaGhy2SXLV7/vqoV42R5qg8KchvVK"},"senderMessageKeys":[]},{"senderKeyId":1407738317,"senderChainKey":{"iteration":0,"seed":"oxwP9RdoA16kTaLKm3mbkcYJyI5Ayrv6ii+UZKd9DrQ="},"senderSigningKey":{"public":"BRHB2cRtQsiHe9mndhnRih7xCRWkKvHplXEz7EeaCe13"}}]