[{"senderKeyId":2005949333,"senderChainKey":{"iteration":1,"seed":"d/Y4TaOv8WsB1vn/UOCSHL3G/u9U4EZ4XrigTkb/kEc="},"senderSigningKey":{"public":"BTTdVoWkvzOG+qVLzukHtdfcgikAxs0wQMC/V60t6uo1"},"senderMessageKeys":[]},{"senderKeyId":553079138,"senderChainKey":{"iteration":23,"seed":"NIxXtzFvgs3Uz6Gvlcb+b4rbkPFSd1mMZjcKG46rI3o="},"senderSigningKey":{"public":"BdDFZegG+qvJT5NHZB/Smqv/n1jkoT/78sWuClsznckN"},"senderMessageKeys":[{},{},{},{},{},{},{},{},{},{},{}]},{"senderKeyId":553079138,"senderChainKey":{"iteration":1,"seed":"e3Ha4rstazCfuLbu90A7hNGbaO3o7wrRszB2/ooSoHM="},"senderSigningKey":{"public":"BdDFZegG+qvJT5NHZB/Smqv/n1jkoT/78sWuClsznckN"},"senderMessageKeys":[]},{"senderKeyId":2007937011,"senderChainKey":{"iteration":17,"seed":"uRLbuHAWmEyw4FepXjKen7LfI7VwUhsIv8/blou9CJY="},"senderSigningKey":{"public":"BfTHyqXXrb2uKF0V6IwJfkhWR5WFe/d9yX2cqWoSvQV5"},"senderMessageKeys":[{},{},{},{},{},{},{},{}]},{"senderKeyId":2007937011,"senderChainKey":{"iteration":1,"seed":"jPPXBvrLEpUa0dwhNzmub7ZhHrENEcF04z2mPI5l6jc="},"senderSigningKey":{"public":"BfTHyqXXrb2uKF0V6IwJfkhWR5WFe/d9yX2cqWoSvQV5"}}]