[{"senderKeyId":1369792025,"senderChainKey":{"iteration":0,"seed":"aFl80yU7MLHHfI4bPQdcadkdJWhTlVgkwhyp0GTXXjk="},"senderSigningKey":{"public":"BRRJcZvhYrWR/h1fMTBD7EQ1nLFQyYN3BZwYL7K9jFtB"},"senderMessageKeys":[]},{"senderKeyId":933626253,"senderChainKey":{"iteration":0,"seed":"VvEiSKfUo0oXxLE5DOPNQ0ynOqpSvVBdprMHfCs4D5k="},"senderSigningKey":{"public":"BfC4EqFXm0kTXdJuF71/oP0jITMVfbojl4buY4a5gqBr"},"senderMessageKeys":[]},{"senderKeyId":933626253,"senderChainKey":{"iteration":0,"seed":"VvEiSKfUo0oXxLE5DOPNQ0ynOqpSvVBdprMHfCs4D5k="},"senderSigningKey":{"public":"BfC4EqFXm0kTXdJuF71/oP0jITMVfbojl4buY4a5gqBr"},"senderMessageKeys":[]},{"senderKeyId":1206935840,"senderChainKey":{"iteration":0,"seed":"fhf9LB3bt8+gUEXav6iB613k4c/I6hVSgbzdY72ksYQ="},"senderSigningKey":{"public":"BTHSlRonPq+UmKAquyZvUyXD8iTskJvKHXxroxxB5e5o"},"senderMessageKeys":[]},{"senderKeyId":1190352597,"senderChainKey":{"iteration":0,"seed":"04BEpp6ZhlQ6tyTgWfJlhoFD6oS2lhc+n2qoagmqL3c="},"senderSigningKey":{"public":"BTC1VyCQKOf3V5Ejcsylk7pqkSAe2BNoSZh+1BtxCuBv"}}]