[{"senderKeyId":603126294,"senderChainKey":{"iteration":0,"seed":"ucjL0VC0g6g9v2OaCjDA9w1iHz05261pIJEJZlg5u+A="},"senderSigningKey":{"public":"BTH3GBajX6rpGgpXeAIYVpisQ5WQZhUHx08f8KXuOn9s"},"senderMessageKeys":[]},{"senderKeyId":1930755069,"senderChainKey":{"iteration":0,"seed":"PrwkIUfa++SnMCXvhnaR8gyClUjifPiWX3K2lhDVIK0="},"senderSigningKey":{"public":"BUby1EJirbl4yf70k+1yu+d2DPWOE/zYlj61K82H5LVM"},"senderMessageKeys":[]},{"senderKeyId":625657135,"senderChainKey":{"iteration":0,"seed":"CICQHtyZrOFUgiUsK+LFizZJb/0nvOF7YKxjZ3JyYf8="},"senderSigningKey":{"public":"BTQV2iE7+l7QKunSN3NjrbPom0RdTUwy3kZMzM2LTHNO"},"senderMessageKeys":[]},{"senderKeyId":625657135,"senderChainKey":{"iteration":0,"seed":"CICQHtyZrOFUgiUsK+LFizZJb/0nvOF7YKxjZ3JyYf8="},"senderSigningKey":{"public":"BTQV2iE7+l7QKunSN3NjrbPom0RdTUwy3kZMzM2LTHNO"},"senderMessageKeys":[]},{"senderKeyId":638512070,"senderChainKey":{"iteration":0,"seed":"3wShbILtFTvtNW/lovSxhQAsxFrceqCJkYZMHUXuwIQ="},"senderSigningKey":{"public":"BRRsj+S2tDY7UbB4Zwa9MqGn6r7OyeYeEA/xZz8ouKNY"}}]