[{"senderKeyId":238953730,"senderChainKey":{"iteration":0,"seed":"CoULRtoGNJwucOluWb+mQh4QnU0NY24sfiNvvEWFdMo="},"senderSigningKey":{"public":"BTu3cl+51Il1pYRqw3T+SyASZKcTa2CJ2UNJiFzHikQV"},"senderMessageKeys":[]},{"senderKeyId":238953730,"senderChainKey":{"iteration":0,"seed":"CoULRtoGNJwucOluWb+mQh4QnU0NY24sfiNvvEWFdMo="},"senderSigningKey":{"public":"BTu3cl+51Il1pYRqw3T+SyASZKcTa2CJ2UNJiFzHikQV"},"senderMessageKeys":[]},{"senderKeyId":44679735,"senderChainKey":{"iteration":0,"seed":"icLatKjDeT6FtxcFY5MV+uGH+S6ziO4UsMcLcWHKvC0="},"senderSigningKey":{"public":"BamuWATYwKJOZTZetzlLouw+YlHO8F8gm7rnR7qAKj9G"},"senderMessageKeys":[]},{"senderKeyId":1020602827,"senderChainKey":{"iteration":0,"seed":"oofqgZsQwy76vaSlwpojhJ72sVCu44f7Ds6BrAqHqpM="},"senderSigningKey":{"public":"Bd5OxSTvrK8nlIFrIbNvNoiGGob2c35x5gqjUMRJhIdz"},"senderMessageKeys":[]},{"senderKeyId":655703720,"senderChainKey":{"iteration":0,"seed":"lZGcwJHH1acwK6rw3hEEWfVGNIdW6KdZV1ypzgPMVbI="},"senderSigningKey":{"public":"Bb+UGL9KKg1TJFZkfXFLUZsRefBYRsbeI7CKtsBcbcAF"}}]