[{"senderKeyId":1402818370,"senderChainKey":{"iteration":0,"seed":"nfc/EtKdvnEof+6A+suOG1w7i9GbvVHIAv43SjqHutA="},"senderSigningKey":{"public":"BQ7zQdJv7mx33sO0ogEwB+N6o2GN/AgdhujmSEVEGBhE"},"senderMessageKeys":[]},{"senderKeyId":484036194,"senderChainKey":{"iteration":0,"seed":"kEjl5zYTcKaFNQs0H7vVB1kMVzvGljtJoRsHti+qCVg="},"senderSigningKey":{"public":"BTX1eup4SLJMrllSjnmbJGlZQo2MPVnd2T+q7/0RjuUa"},"senderMessageKeys":[]},{"senderKeyId":473357228,"senderChainKey":{"iteration":0,"seed":"Wlnz0Mw5lrNUQTdZ/6Mma24U2nUK5mKLMEn4gjAEacg="},"senderSigningKey":{"public":"BSuX9cKUUAKVa5XVwlkbOZVS3Sn/XOpzbdZLMZVLVj9l"},"senderMessageKeys":[]},{"senderKeyId":250093987,"senderChainKey":{"iteration":0,"seed":"He/eqVu6vl9JQGrb4d5g7xhMrBiGgQ4J0HK9Hpg7t1Q="},"senderSigningKey":{"public":"BUzYji8PcQ0Eecg7fOi0KpzyITWxG1b8RFetkYpmsZEu"},"senderMessageKeys":[]},{"senderKeyId":1098947632,"senderChainKey":{"iteration":1,"seed":"awiLXb/C+Xa8Ic2mwk412mIUuMzIaPTNhqzJ1I1oNsg="},"senderSigningKey":{"public":"BZRFRwWdDH8V8OMEzmkyOqEnDInn9DhAchts8+11mccO"}}]