[{"senderKeyId":681250150,"senderChainKey":{"iteration":15,"seed":"gV7iZZ4j7jaBfNbzI6r2YYgi3PGhEXANFGnZrGeS654="},"senderSigningKey":{"public":"BcqIzFUoE4EdIB6tKcBU1MmiRJWRyu0oQiVPFvsRv0ZU"},"senderMessageKeys":[]},{"senderKeyId":195179572,"senderChainKey":{"iteration":57,"seed":"RwINd/45ZciZvA60m0y6Ang7SussdG8inUD5gLUNbws="},"senderSigningKey":{"public":"BTYDecYUwjiQfgyygH4V3mmcvdIlmlGNrorwWs+vViYz"},"senderMessageKeys":[]},{"senderKeyId":653655393,"senderChainKey":{"iteration":1,"seed":"+L19IdiC0ulGwhLEeKwr0ohC6bLddVUiLtkzyTXdiFI="},"senderSigningKey":{"public":"BdaaQBoE3dilQ91gVYsj/K27cNDvDbP9uRvYqpHb+T9C"},"senderMessageKeys":[]},{"senderKeyId":1733013834,"senderChainKey":{"iteration":19,"seed":"EonTUDLEz/dUI1uvqZ9nsVdhiAXU/UuVxZqiiT8M2R0="},"senderSigningKey":{"public":"BZMI5zOv2IBv/5DOeHvBHM7jCbeDCk+rI0MeckxAmg5S"},"senderMessageKeys":[]},{"senderKeyId":1977842898,"senderChainKey":{"iteration":58,"seed":"7AIeWABXneN+kmKWRXmpZl3fRv5jiRHFYWwXAsQJjng="},"senderSigningKey":{"public":"Bag8sWY6Tw9/bt+vxrDGCgi40moudP4Zi6XFn9ot9iJi"},"senderMessageKeys":[]}]