[{"senderKeyId":1893777474,"senderChainKey":{"iteration":0,"seed":"5ECPPfcOwG3FxfgABn7kc9Bs92Jrt3NV17G6Unxfw4I="},"senderSigningKey":{"public":"Bc8PLA5Raous7PR9XLIzOTnlC3iNyItc4D+Xxw5dHHJY"},"senderMessageKeys":[]},{"senderKeyId":1814096115,"senderChainKey":{"iteration":0,"seed":"tEr0fr9KyxKxKIy9loQ92omR+nClCOa9WKZLYddM6Kk="},"senderSigningKey":{"public":"BeTAcuyr+7jtzOB+TH+7n9djD7rVfAyr0Cny0vxIfC54"},"senderMessageKeys":[]},{"senderKeyId":1723039500,"senderChainKey":{"iteration":0,"seed":"sx8z+GTVNPXs4F0kqwoIeYAWJKd8mxdoqFZS/x+Quxs="},"senderSigningKey":{"public":"Bd56LS9iLwH8i8FPPf3YRNPNRT/f22R+JvZ/Aa9s2Lcg"},"senderMessageKeys":[]},{"senderKeyId":1976033261,"senderChainKey":{"iteration":0,"seed":"juaaHL2c+uT1sM5zVSIId0dEZqh+NPKL74z5lovlgCI="},"senderSigningKey":{"public":"BQFx4QEQzDbPnFGl1AiW5CqvZQG1F7Ekx141GIayvVUA"},"senderMessageKeys":[]},{"senderKeyId":511958985,"senderChainKey":{"iteration":0,"seed":"ypQHKDg1GQAqBBVpVji+CUX+n4CWX08vXrk8emOVRQI="},"senderSigningKey":{"public":"BYCfiCg+0o8iKuXq4dEYwygNj1iQ1sCT4KXpSiyPt5JC"}}]