[{"senderKeyId":1328221924,"senderChainKey":{"iteration":0,"seed":"kAn4uE0+X0lBafrgC+AANJ9yozfXffhyQ+W7utYqbDQ="},"senderSigningKey":{"public":"BQQmRz2PkTA8kvvSxiVxZR+QsYdZx5bMDdaB2GudhVI7"},"senderMessageKeys":[]},{"senderKeyId":105181609,"senderChainKey":{"iteration":0,"seed":"aFz+I0M9az9GAEWM6FrvQebn2i05AJv3uW/0D8/3r8Y="},"senderSigningKey":{"public":"BW+sXpsIok9Idw8XfXBEVN5wj5LrY/2K54MwkS0BuLIB"},"senderMessageKeys":[]},{"senderKeyId":105181609,"senderChainKey":{"iteration":0,"seed":"aFz+I0M9az9GAEWM6FrvQebn2i05AJv3uW/0D8/3r8Y="},"senderSigningKey":{"public":"BW+sXpsIok9Idw8XfXBEVN5wj5LrY/2K54MwkS0BuLIB"},"senderMessageKeys":[]},{"senderKeyId":2101298391,"senderChainKey":{"iteration":0,"seed":"uN5EvLY6RENvRLLRlySZzMiOE+71YvZF+qt7up6+fVY="},"senderSigningKey":{"public":"BdwWNLEz1kWejbLt+5aRFyQFjwGjzM8+bjBjB3FK750l"},"senderMessageKeys":[]},{"senderKeyId":997001155,"senderChainKey":{"iteration":0,"seed":"JDCPkYtM0g+3uOYAWahmJgPRrNW7TKMtjULYtUxf3aA="},"senderSigningKey":{"public":"BavoCNdJoqVkVulj9nufm6n76nR9x4y27zJls7LuWXlg"}}]