[{"senderKeyId":901628998,"senderChainKey":{"iteration":0,"seed":"5boJd548YzF8OaQisC5FBRlTzyXOrwVXSmrZ2WYrx0A="},"senderSigningKey":{"public":"BeQzGPJxfadNEaCvnY+dqaAjwgNqvTuqfvRvf4d+8j9M"},"senderMessageKeys":[]},{"senderKeyId":1686911596,"senderChainKey":{"iteration":0,"seed":"yU27eopC0VnHJjFwkMHdjKBCuWnWR2+YvXt27e35V9k="},"senderSigningKey":{"public":"Bb1rAsbs7yYq/gqWo6Q+iyYFml7waqJegquqOU2zWv1x"},"senderMessageKeys":[]},{"senderKeyId":1131926338,"senderChainKey":{"iteration":1,"seed":"MyRCcYQXe1VoMUCxyrTd5nbm1jIcKfztSuvTUNF6oUM="},"senderSigningKey":{"public":"BVQHBF/zmmQtr4eDSL2M3QYteJCSZGoisTMjXURnddNT"},"senderMessageKeys":[]},{"senderKeyId":1032196377,"senderChainKey":{"iteration":0,"seed":"Zbwfoc5bW+oQSbsLtvr0HxeJWCv7FOZtJxqyKg/pcXY="},"senderSigningKey":{"public":"BV4UJkwv772vjnw3YfOriMa7PfjIaBWFaDf/EVIpuvMs"},"senderMessageKeys":[]},{"senderKeyId":1822093697,"senderChainKey":{"iteration":1,"seed":"xdzALCtgraUwlVPG87rENzc/9/vwvXYa+EoI982V020="},"senderSigningKey":{"public":"BZveLq2ZYgqlUMNWzvfw7jSMVtt2ABQNDsZFTnZgfxAb"},"senderMessageKeys":[]}]