[{"senderKeyId":1467403882,"senderChainKey":{"iteration":0,"seed":"QsF0nFS8symQiHi/d0ru25ItoG6bgf80oPBgW+RkSs8="},"senderSigningKey":{"public":"BRb8QF4/tWaPNpcW/Un/OKAaPWKSDLs/hdvTzbNVXA4L"},"senderMessageKeys":[]},{"senderKeyId":1467403882,"senderChainKey":{"iteration":0,"seed":"QsF0nFS8symQiHi/d0ru25ItoG6bgf80oPBgW+RkSs8="},"senderSigningKey":{"public":"BRb8QF4/tWaPNpcW/Un/OKAaPWKSDLs/hdvTzbNVXA4L"},"senderMessageKeys":[]},{"senderKeyId":1467403882,"senderChainKey":{"iteration":0,"seed":"QsF0nFS8symQiHi/d0ru25ItoG6bgf80oPBgW+RkSs8="},"senderSigningKey":{"public":"BRb8QF4/tWaPNpcW/Un/OKAaPWKSDLs/hdvTzbNVXA4L"},"senderMessageKeys":[]},{"senderKeyId":89380588,"senderChainKey":{"iteration":0,"seed":"14E5nSG/xWT2YUG35sauX6wpqaIWbqDOtgBIaE252bE="},"senderSigningKey":{"public":"BaX4fh7zYZkZBElAqXtHcpkHG+UUyLXjA2oNnPtgxEcP"},"senderMessageKeys":[]},{"senderKeyId":89380588,"senderChainKey":{"iteration":0,"seed":"14E5nSG/xWT2YUG35sauX6wpqaIWbqDOtgBIaE252bE="},"senderSigningKey":{"public":"BaX4fh7zYZkZBElAqXtHcpkHG+UUyLXjA2oNnPtgxEcP"}}]