[{"senderKeyId":1403100837,"senderChainKey":{"iteration":0,"seed":"oTvNXdCo+PzMv3A/aSS9wDqn95pcmPit4QPtIu+Ja2c="},"senderSigningKey":{"public":"BX474EnAJ5XDFJ1V9qBdxFy1+NkXgGwUVe5Xo06DbF9h"},"senderMessageKeys":[]},{"senderKeyId":1939658122,"senderChainKey":{"iteration":0,"seed":"U8RVL5l+0u3Z5rg69xjYGwbgw49oAJg+DdcdsN+dbJM="},"senderSigningKey":{"public":"BZkB6lH5ONRVKivKB9C09vI7NR9/VcJn644KGNz2MfYh"},"senderMessageKeys":[]},{"senderKeyId":912697785,"senderChainKey":{"iteration":0,"seed":"e/WuQmhetSX+ijnL3gT7g4Lt8yo8FthTT+Vl6OKG2+U="},"senderSigningKey":{"public":"BWvr9maa1XtHmAINm5wwejgSbJHN0Y+DKtzxCLD/zEN+"},"senderMessageKeys":[]},{"senderKeyId":912697785,"senderChainKey":{"iteration":0,"seed":"e/WuQmhetSX+ijnL3gT7g4Lt8yo8FthTT+Vl6OKG2+U="},"senderSigningKey":{"public":"BWvr9maa1XtHmAINm5wwejgSbJHN0Y+DKtzxCLD/zEN+"},"senderMessageKeys":[]},{"senderKeyId":778798029,"senderChainKey":{"iteration":0,"seed":"WaxUBz6YuQoq5ZbZfnSdjGkOlrtzAR/+VHLLbt6xqQ0="},"senderSigningKey":{"public":"BZhFSnTu3SwJ9kWMiuY11uXmqkQC6EU4hoB9hcRAYGo2"}}]