[{"senderKeyId":1424782350,"senderChainKey":{"iteration":2,"seed":"VfOqcFJsNQswLqz9coWnxg8t9mBLQNHUhITfALOyRk4="},"senderSigningKey":{"public":"BX0nDLHpfGifwHp5EJDX1LJVKMKtsD21aVEltxT5wdFI"},"senderMessageKeys":[]},{"senderKeyId":1424782350,"senderChainKey":{"iteration":2,"seed":"VfOqcFJsNQswLqz9coWnxg8t9mBLQNHUhITfALOyRk4="},"senderSigningKey":{"public":"BX0nDLHpfGifwHp5EJDX1LJVKMKtsD21aVEltxT5wdFI"},"senderMessageKeys":[]},{"senderKeyId":552711180,"senderChainKey":{"iteration":1,"seed":"rc1ljcxXtWuCfB3xjAg/6zhhWTVivYVtGyQq9AjRI4c="},"senderSigningKey":{"public":"Bf4qy9ubKwU5xnOxb3GFYvfImb7gCbUYZCRUdmlq91EA"},"senderMessageKeys":[]},{"senderKeyId":470371990,"senderChainKey":{"iteration":1,"seed":"hQU1LQ6mbFzyRKgOWjDoKEAPKGLxMYlwsrTrC2oFAbc="},"senderSigningKey":{"public":"BYw5suW79uQZl2of7NpvkbY6GkaKMbP60FOzm043KNAp"},"senderMessageKeys":[]},{"senderKeyId":947412906,"senderChainKey":{"iteration":1,"seed":"JigSms9hjNXKJSH/OIgdECfn5qNS3wC+twlc91oDpd4="},"senderSigningKey":{"public":"BQMJLheWcBeaiZysOkevum1P8t0EjcGmuVftQ8fzwhdf"}}]