[{"senderKeyId":1950581391,"senderChainKey":{"iteration":2,"seed":"5m+HBeauwGTSP4yYSgUoH/JpmF8++kGR0/ZlSMy9kWA="},"senderSigningKey":{"public":"BbKnA15FoIDAWONs3hOaksNacYrAstOcJTweS2WWOvcW"},"senderMessageKeys":[]},{"senderKeyId":320952810,"senderChainKey":{"iteration":0,"seed":"ieMmVscFD6BIiJL8IwtNgU2cpuk58grM6Ei/yqcI43o="},"senderSigningKey":{"public":"BReRFeUrs+E7EraAZSmVeCqxUFMXmoC6GBJi0C7mn1wH"},"senderMessageKeys":[]},{"senderKeyId":946629843,"senderChainKey":{"iteration":0,"seed":"wQam9yeh6YmoqWuwN+wKQEJ77SC6coKeRgJjNMRJq94="},"senderSigningKey":{"public":"BQWv76pLDYl+bebLOxV3Qy65zPols8SGiRQE8BEMn+8Q"},"senderMessageKeys":[]},{"senderKeyId":68321261,"senderChainKey":{"iteration":0,"seed":"I4nKiY6ILtssfS7yJJWLQzUMtmictyNLJT5kU6OA7+Y="},"senderSigningKey":{"public":"BTXK/V+oo5hiDGmbAsNPgA2/RLrpbySptmzjevYejrcj"},"senderMessageKeys":[]},{"senderKeyId":502949460,"senderChainKey":{"iteration":0,"seed":"STTMh/GN/BQ0mnPUdFO+9S8i+zP2fqQ8LFNbTuSg2jU="},"senderSigningKey":{"public":"BQ9BP/vlulpk4K8TEHGtT/Lu/1DmJzwEiDdRP2SjQFwb"}}]