[{"senderKeyId":808914104,"senderChainKey":{"iteration":0,"seed":"9WFo8otaYujh6qyBJvzGGbOGCdTFNqatz1MoNuQM8XE="},"senderSigningKey":{"public":"BQtaGUHHdgb35YyrsM9LVQlUqaHS8xgnixKB9z7UXtcy"},"senderMessageKeys":[]},{"senderKeyId":1301704907,"senderChainKey":{"iteration":0,"seed":"IglIFlyKcTMMpGaXoN55YgFG8gW3ToUpmTIFS14c5y4="},"senderSigningKey":{"public":"BfE2KPlT8nB8fokRcYCQL3fvVs1yf77036vQZXYwJ24q"},"senderMessageKeys":[]},{"senderKeyId":1735769258,"senderChainKey":{"iteration":0,"seed":"enwFlTqM5jgEnE28ck87f6+HfjDX1O/AsQvKMDy8eCM="},"senderSigningKey":{"public":"BTj9NQUHdiGvA3FUkvyENAVgN44OJ1EMWjhCxcBUPQx8"},"senderMessageKeys":[]},{"senderKeyId":81580181,"senderChainKey":{"iteration":0,"seed":"5ikqQLcdWZqtOHo54Fv92gavoNRbAlM9H7jatvVn3lE="},"senderSigningKey":{"public":"BZ9EtudppbACiytAGC/J8BoEFjc+GXPQkTetMZOcpkIF"},"senderMessageKeys":[]},{"senderKeyId":757597649,"senderChainKey":{"iteration":0,"seed":"QK6d2jzb1EkaU8lXgZITbXnzLZYgwlpADsYNxSb4ZS0="},"senderSigningKey":{"public":"BaIxD4M4TiSP1lsIBOdLKMna2SR0TmzR0UJWUL2Yf0pl"}}]