[{"senderKeyId":722898741,"senderChainKey":{"iteration":0,"seed":"2FHcyRUWEGYFPxG8SsooTeKkP7QXmXTbnswcerwjJt0="},"senderSigningKey":{"public":"BVGAYrLXPAJHzh2Wb7iVMED+j71KSOAwYnyLPqwsRjBk"},"senderMessageKeys":[]},{"senderKeyId":404194436,"senderChainKey":{"iteration":0,"seed":"otA2irS2bGM4rBbLqz523uvfoxb7HT3W3F66suw/oS0="},"senderSigningKey":{"public":"BfAcQ0rt8GDJb0SQ1kAhMNi1VIoiNLHe2ru/AXJ7Wb0m"},"senderMessageKeys":[]},{"senderKeyId":1892793519,"senderChainKey":{"iteration":0,"seed":"onqAL0/70joLmPNG/tfpiM7R7Q8gkVFA33FIu3iUkMk="},"senderSigningKey":{"public":"BRyOL5ySUzTTSuWTwjDDvrMSd46PjVg3MbViYbIYy+xO"},"senderMessageKeys":[]},{"senderKeyId":2069966589,"senderChainKey":{"iteration":5,"seed":"Q/eYBcUCY7d+JOKD0J95l6nW7RQLTIzdKmtqoatkueQ="},"senderSigningKey":{"public":"BfK9/ePbT6KhP41f3qdwReL+mc3XXZKHSRXi5TdDFQVh"},"senderMessageKeys":[]},{"senderKeyId":2069966589,"senderChainKey":{"iteration":0,"seed":"pw+zVlFcb4Dk0CQJntuW4gfujOGlFd7pRdREIQp66NI="},"senderSigningKey":{"public":"BfK9/ePbT6KhP41f3qdwReL+mc3XXZKHSRXi5TdDFQVh"}}]