[{"senderKeyId":1650861441,"senderChainKey":{"iteration":10,"seed":"U04U3EtNp4BczNWY8qfHvz2hcp+YY5EgwIR2RRdj/Fk="},"senderSigningKey":{"public":"BeZIISKIqDpCWiZezD0hx8xt/PLLxvutjE7rnYJ8ZHEu"},"senderMessageKeys":[]},{"senderKeyId":847260602,"senderChainKey":{"iteration":7,"seed":"zRnhaO/BvfEh//HHNjFdEzah1MgNg4Xre501attHodI="},"senderSigningKey":{"public":"BXfsrkYe8UD6667PK4ry5TUs2xClEKrvkc5HUxlL2VUw"},"senderMessageKeys":[]},{"senderKeyId":1188942632,"senderChainKey":{"iteration":2,"seed":"nCpMhgoJge0acemA5NY83r5h5utZd4W6DRYPxGmYi3c="},"senderSigningKey":{"public":"BUY0wEwQrDf7Fq1AkPnze/QA2Y4JfYrOAorC8ILUdcBF"}},{"senderKeyId":1595400699,"senderChainKey":{"iteration":3,"seed":"BYrbcivBEaYI8lkUf9GYg7Yfu3ZCHryfHjhEkqv6JSo="},"senderSigningKey":{"public":"BeZU6HJdL9skvvo1dawDN5XQrPNUtIkMtVGQ6lRLS1tH"}},{"senderKeyId":1937433875,"senderChainKey":{"iteration":15,"seed":"3Yf5Py+Fw/w96GIAHdSNtb+BEuEtCkmGdhH+AP7B6Ig="},"senderSigningKey":{"public":"BXoxZTa4pm0NfVXsk8S/TUPQhhPbQojzRXHu80FSNOxV"}}]