[{"senderKeyId":988337973,"senderChainKey":{"iteration":0,"seed":"PESwZg1i89JcYdTAx9e7BFWwcqk7NFH5HISexdPInx8="},"senderSigningKey":{"public":"BdJddw9CfLPr/8oGOUEQOsJJVLY1FVofglVSI4ApkPh/"},"senderMessageKeys":[]},{"senderKeyId":1890711769,"senderChainKey":{"iteration":0,"seed":"2eSEqiZvc254ECNMI7e5WHkq1MwOZIcD8ZyFYyW/v2A="},"senderSigningKey":{"public":"Bd0fq9MmWiQ85wUteuYMPg45LjDB0ZhRbPMUeVgpWxdn"},"senderMessageKeys":[]},{"senderKeyId":2024254736,"senderChainKey":{"iteration":0,"seed":"oex/46F+jqbwLbuzeYj8z+43weWVdwlujVkwaV+M0LU="},"senderSigningKey":{"public":"Bc8NM6Amttr0wtbqMvMN4opiG6RwhB6asouJDEaJzG8B"},"senderMessageKeys":[]},{"senderKeyId":1009139444,"senderChainKey":{"iteration":0,"seed":"MPkK6GWO8+z0kaqNn3FZeIl3yMtm5ulEhd353ZU2MVA="},"senderSigningKey":{"public":"Bf1K3rmJ3v4bU9KPoQ4GhRVwoPHwuticAHC5DpuyanYh"},"senderMessageKeys":[]},{"senderKeyId":1595879796,"senderChainKey":{"iteration":0,"seed":"ZU3ZRqnqSq5pAMHD7ODL9OkvFUvjmdYsopNdiJmKbIE="},"senderSigningKey":{"public":"BXF2rnAJHEGay4YIEYrXQA8ABY277AyDrjJDV4i6NVNv"}}]