[{"senderKeyId":1815207839,"senderChainKey":{"iteration":0,"seed":"2Tw0d4jPQMZ8XPS0NU0JBKiV8jSLrCm/5kjbNOymXjI="},"senderSigningKey":{"public":"BYKTj8BKlRbotQYu4lTpip1sGuxBW3BiE2/mCfawEIIa"},"senderMessageKeys":[]},{"senderKeyId":931016794,"senderChainKey":{"iteration":2,"seed":"ST+kC0vCI8fMODL7S3YH5+VsbToM94U8luOGCp/sWXw="},"senderSigningKey":{"public":"BRpUcdBMOaXBbyySnhZo5DucoPf2VwnJk5JoIGFr2+No"},"senderMessageKeys":[]},{"senderKeyId":1449678991,"senderChainKey":{"iteration":0,"seed":"++S5suf4JvDUaxQ1UU2CCKiX84Tg9UrmXZ3WERMn4CU="},"senderSigningKey":{"public":"BZR4uNqXdOuZqiB05B2eZ/sVh+v1UU0yifE6XD+AxSh5"},"senderMessageKeys":[]},{"senderKeyId":699281672,"senderChainKey":{"iteration":8,"seed":"/fL2C473Fq1GsIMDVjJU7DiAQ/hlK3+vdxAUoRWeXbQ="},"senderSigningKey":{"public":"BYCwP66b9HLrXk32Hiho85fhwqGCVSwM5TjLpsZc+sIP"},"senderMessageKeys":[]},{"senderKeyId":1889405193,"senderChainKey":{"iteration":2,"seed":"p5czXlknGcRKLoGdYZmMGVN/xrqczqipMq1yYD8uByc="},"senderSigningKey":{"public":"BYLmMmSjUN7kH9CDBvMjLOdbpbKpODHXL22EJpQxV/MN"}}]