[{"senderKeyId":727802120,"senderChainKey":{"iteration":0,"seed":"xMY3Swl2USzRrauGiLdknxm4KvEDz1g+Ztz72Lz9A1Y="},"senderSigningKey":{"public":"Bf8LJih6I2AUHxpqfalBSrSN7COdEmGHm2631B82fEMV"},"senderMessageKeys":[]},{"senderKeyId":1089084371,"senderChainKey":{"iteration":0,"seed":"Tj24j+iBhboywBOvJc3/8KXEt/qY1V6yG0DqLceLNSA="},"senderSigningKey":{"public":"BYhnRCH3MiTY+tdAIn4qNl+NsiBdpRe69cXuWFt0EN4b"},"senderMessageKeys":[]},{"senderKeyId":220514437,"senderChainKey":{"iteration":0,"seed":"EtT/CitwKJvEMURA8hwcmKDnEp6QbRj7q0UjZVEVddY="},"senderSigningKey":{"public":"BYDyAvg1QdQCevA6ybsbvABw2rhZJQ5cPh6Qc2+dPzV9"},"senderMessageKeys":[]},{"senderKeyId":62866117,"senderChainKey":{"iteration":0,"seed":"S0/S+pI1pUjhv4x5WomWZqDchGvZLTnlrYGtKQm5h5E="},"senderSigningKey":{"public":"BXjPn5BsAP/e6FItAbtronvkBPGQsch18Ni62clp81gt"},"senderMessageKeys":[]},{"senderKeyId":627220056,"senderChainKey":{"iteration":0,"seed":"QwULHLU5hHlo3dpNyuquZoldGu9sQHyJMgTqwF/nLow="},"senderSigningKey":{"public":"BXSdY3NI4Fx3DlZNrExr0Y7wqjYu4CT/gLIGYDX8Stoo"}}]