[{"senderKeyId":1545247393,"senderChainKey":{"iteration":0,"seed":"ZhnoZHEjDH6t33O8Yw4cWETMKxbPTkIbWLc3fqNIIKE="},"senderSigningKey":{"public":"BYkxcRBodm+P9JLBtcEpuzELd4iJd/37QWICXBg+n9JB"},"senderMessageKeys":[]},{"senderKeyId":853706942,"senderChainKey":{"iteration":0,"seed":"8tefCmGg5X3FGK4uZr8mU14lW8qOZ3eGOFtSrEFn4Cs="},"senderSigningKey":{"public":"BRqUFvVm5Kx2nSNn+bkmPCFLfjp7WTcVB5sbMeXY3PJc"},"senderMessageKeys":[]},{"senderKeyId":160184496,"senderChainKey":{"iteration":0,"seed":"Tx9NfG3pE0SHHUKG/THZQgCsjmtYOwumzBfkW6mhqoI="},"senderSigningKey":{"public":"BaXnaLmCSoKbngYccWjG5rKnyyAyUjcgY5BQrytVQ1lq"},"senderMessageKeys":[]},{"senderKeyId":160184496,"senderChainKey":{"iteration":0,"seed":"Tx9NfG3pE0SHHUKG/THZQgCsjmtYOwumzBfkW6mhqoI="},"senderSigningKey":{"public":"BaXnaLmCSoKbngYccWjG5rKnyyAyUjcgY5BQrytVQ1lq"},"senderMessageKeys":[]},{"senderKeyId":1204082057,"senderChainKey":{"iteration":0,"seed":"BFHZardvnYKsdSXskaTdssUcsg4ZzMHMEjEXGxov9jI="},"senderSigningKey":{"public":"BUv8SYQyFAexozwWehIOBp+bYbJAMAUvI8rRDEviZjRr"}}]