[{"senderKeyId":1199350225,"senderChainKey":{"iteration":0,"seed":"lxFJQXXHg2svR99dhlEvzeQ1xji/543LS7Bv7ybyYKY="},"senderSigningKey":{"public":"BdEjw+BknRyXTi6exJttqP8LDKzQ2sLSB7/Tb4Gl6oVY"},"senderMessageKeys":[]},{"senderKeyId":1199350225,"senderChainKey":{"iteration":0,"seed":"lxFJQXXHg2svR99dhlEvzeQ1xji/543LS7Bv7ybyYKY="},"senderSigningKey":{"public":"BdEjw+BknRyXTi6exJttqP8LDKzQ2sLSB7/Tb4Gl6oVY"},"senderMessageKeys":[]},{"senderKeyId":1199350225,"senderChainKey":{"iteration":0,"seed":"lxFJQXXHg2svR99dhlEvzeQ1xji/543LS7Bv7ybyYKY="},"senderSigningKey":{"public":"BdEjw+BknRyXTi6exJttqP8LDKzQ2sLSB7/Tb4Gl6oVY"},"senderMessageKeys":[]},{"senderKeyId":1199350225,"senderChainKey":{"iteration":0,"seed":"lxFJQXXHg2svR99dhlEvzeQ1xji/543LS7Bv7ybyYKY="},"senderSigningKey":{"public":"BdEjw+BknRyXTi6exJttqP8LDKzQ2sLSB7/Tb4Gl6oVY"},"senderMessageKeys":[]},{"senderKeyId":639430805,"senderChainKey":{"iteration":0,"seed":"znGR76Myx7ViuDZtc0p475t21wwhrrzwCGuyW5aTZ2I="},"senderSigningKey":{"public":"BWz5Zue3cMiKWD6yRATauxlkB1i16XAy3QHoIcG/r0JV"}}]