{"_sessions":{"BTKgoWm0z9+9maaQ1KoXIBtERWT5cr/wjvOwGMx1mrAn":{"registrationId":982502313,"currentRatchet":{"ephemeralKeyPair":{"pubKey":"BVsm7UeetBrSIgTHap097cPOiiDY37vlq1UWRF9M4n4O","privKey":"SJg5s6AuSp4jAtsECRuAvc9tzAR/P4f+63TsdfJ/kWo="},"lastRemoteEphemeralKey":"BXmRM6CMLOi1S2B08MUSlmJ6LhES2rJUiVc2Bh05GwZI","previousCounter":0,"rootKey":"W1wiYBIC+tTuJ4NFM1hCV5v+2DKY9ESuSgdnvIHjAl4="},"indexInfo":{"baseKey":"BTKgoWm0z9+9maaQ1KoXIBtERWT5cr/wjvOwGMx1mrAn","baseKeyType":2,"closed":-1,"used":1696718594440,"created":1695852498591,"remoteIdentityKey":"BTiwiDmpnD/qqnWGuqdV5ZHVKXdr0wtI+EMHN0LPmlMl"},"_chains":{"BU86Dzo1ZbIpbF8W7qCsobgt7MPaccsbM7ZBYMYjnA48":{"chainKey":{"counter":0},"chainType":2,"messageKeys":{}},"BdHnBUo/DiKQ85SIW8ee99XbbChOTWU+xvDdGIREsg5H":{"chainKey":{"counter":0},"chainType":2,"messageKeys":{}},"BYIOYSzWpoRYtIWdf+3Y8dp89EXLHSY3XAmDPaMwKAkC":{"chainKey":{"counter":2},"chainType":2,"messageKeys":{}},"BVc/vY13lfl++RyTuNZYJvT9GFekOmniVRz4SseUY+tT":{"chainKey":{"counter":0},"chainType":2,"messageKeys":{}},"BQqAd17WKPvvK4ByducO1iSWFgwSA9bXnfkHYsVeJcZC":{"chainKey":{"counter":0},"chainType":2,"messageKeys":{}},"BQsiyZapjymEWOSknWDB7NXf6heras4JVkWyMUSpf7dE":{"chainKey":{"counter":0},"chainType":2,"messageKeys":{}},"BVBJUMGi/v/6N7+6BEwMXVIUIRREHcfbmA4YFFGvFvdN":{"chainKey":{"counter":0},"chainType":2,"messageKeys":{}},"BSvipsgFM7CYjvImyqmunEpLDsPkDkg//m1TYbDO0khm":{"chainKey":{"counter":0},"chainType":2,"messageKeys":{}},"BfVdWYLaQTeNJyDl1vFOXziHv0o5oM0pDlXYjs/RqmIl":{"chainKey":{"counter":3},"chainType":2,"messageKeys":{}},"BdlM1hYfR/6KskJNrIeLhJH5rnmlBDoJwxKvq4EDW4J2":{"chainKey":{"counter":0},"chainType":2,"messageKeys":{}},"BREPRceiZwGh09+oNeIHamV9JObUXgEed+lFEDDLPQZI":{"chainKey":{"counter":1},"chainType":2,"messageKeys":{}},"BY586Wq5JmHN9TiC2nYL0LWGIBqKOeGuS0Gu2TCjGIcu":{"chainKey":{"counter":0},"chainType":2,"messageKeys":{}},"BdWVUoXowaYNRWcv1KfnRIoR8DJJzGWMo8/lJvvcwTYT":{"chainKey":{"counter":0},"chainType":2,"messageKeys":{}},"Bfn48RlD2YmnezEfmzBTZWbgO2Zcn8k/yjuNybgrp5AM":{"chainKey":{"counter":0},"chainType":2,"messageKeys":{}},"BXmRM6CMLOi1S2B08MUSlmJ6LhES2rJUiVc2Bh05GwZI":{"chainKey":{"counter":0,"key":"YzkvKAo2Rwq30gzjY1jgjVvMepLYd1e6JOd9MeiZCGY="},"chainType":2,"messageKeys":{}},"BVsm7UeetBrSIgTHap097cPOiiDY37vlq1UWRF9M4n4O":{"chainKey":{"counter":0,"key":"hPjBIXDCZD4tbwsSp4VA6rBeYwPlpBkaTQCPtyQnWio="},"chainType":1,"messageKeys":{}}}}},"version":"v1"}