{"_sessions":{"BV5Ysho0xJX7BbCCcUW3AJ6yEoJKOdLT1kqZjHu45eIR":{"registrationId":2095186333,"currentRatchet":{"ephemeralKeyPair":{"pubKey":"Bam7U4Zp90ETOX9xbLBbQNEDdLL+4IpAGCOHMSt0K055","privKey":"cOBoXw68mdnyZB0dYI/P35F0tSpBS3iXd9avHr/16XA="},"lastRemoteEphemeralKey":"BdykPvMU38NdPzapcXExkXK4aogL45C3oI7qnucvHYt6","previousCounter":2,"rootKey":"MqUeVimTiQzKx/tZlQF1yyiCFWEwG0hrEAEpPAoYkbY="},"indexInfo":{"baseKey":"BV5Ysho0xJX7BbCCcUW3AJ6yEoJKOdLT1kqZjHu45eIR","baseKeyType":2,"closed":-1,"used":1696688714247,"created":1695852500055,"remoteIdentityKey":"Bc17ATvoV4J5tsdHFvC82TeyPJSSDMeX0pEysIpHBDFv"},"_chains":{"BfjKbnTumWb3ESSrYwkX4xdclOzw+2qRnjrSKvOgz+0P":{"chainKey":{"counter":0},"chainType":2,"messageKeys":{}},"BetImcLcdti+t1uTGbIktsScM0g6mdsZtVFmq2V3YGxy":{"chainKey":{"counter":0},"chainType":2,"messageKeys":{}},"Bbz3P0Y1nahF6EO/x714vLLN5EdTczxg3gQQuaLSyVVM":{"chainKey":{"counter":1},"chainType":2,"messageKeys":{}},"BXZ8lwZwQB9JGkITO752RvNoqcjqUhPyPDs5TsZLyT4L":{"chainKey":{"counter":0},"chainType":2,"messageKeys":{}},"BQZB/9/PsbCADgihr0jPx9kikUP2ajYuW6vi+oPUG5FR":{"chainKey":{"counter":0},"chainType":2,"messageKeys":{}},"BZ3WDSxgVWKXtIunFJq93QQUzUrLiEz3WVJ57t8d7+pk":{"chainKey":{"counter":0},"chainType":2,"messageKeys":{}},"Be+7bp5S0GLtYciJxB4Ba97vHZKsDtzF6YeKKgL9+V8l":{"chainKey":{"counter":0},"chainType":2,"messageKeys":{}},"BcV6rYeWGK333WJofYJpu0jTX8JMMFbysHMH7q85HIoO":{"chainKey":{"counter":0},"chainType":2,"messageKeys":{}},"BSlJcYsU+g/Cqw/o7NwdhphXZgXbidhjQ4OpS9jlIh0p":{"chainKey":{"counter":2},"chainType":2,"messageKeys":{}},"BRp+4wQ3AMrkbQr2fyzpOfhryyy2nOh1h7RhOT0cRpFr":{"chainKey":{"counter":0},"chainType":2,"messageKeys":{}},"BQCum+MgKOfwyEG40sTvHLFnySZMHKVDPErM1lvJzH5r":{"chainKey":{"counter":0},"chainType":2,"messageKeys":{}},"BYCaro++29uwk6MYPTmo1oZrwQt6sD7i4e6h5tsrqyZK":{"chainKey":{"counter":0},"chainType":2,"messageKeys":{}},"BQ7FJdjpynsYs9IJa7iXnln2JDSr1vQkMIiPdn6p4msQ":{"chainKey":{"counter":0},"chainType":2,"messageKeys":{}},"BdykPvMU38NdPzapcXExkXK4aogL45C3oI7qnucvHYt6":{"chainKey":{"counter":0,"key":"ghB82oQHPsdplhFQslett0Szj+c8SwjNChHDCkwm3R8="},"chainType":2,"messageKeys":{}},"Bam7U4Zp90ETOX9xbLBbQNEDdLL+4IpAGCOHMSt0K055":{"chainKey":{"counter":1,"key":"f3DoTYyJZ/mPhkFK4G5Sm6Fb5jeuETWVqZY2yAi7poU="},"chainType":1,"messageKeys":{}}}}},"version":"v1"}