{"_sessions":{"BWdOEYyriAJR9zMH6qI7XuyV6ZJTJCEfyDwXE50anl0C":{"registrationId":1655492684,"currentRatchet":{"ephemeralKeyPair":{"pubKey":"BXon+jwHtiP11T7j+m6wL/g6JR1okI/9ShmoRPMB2Vkl","privKey":"WDytpux+sUCTkQkKEouGop5dTzqj0DTaV5xy3X5yWF0="},"lastRemoteEphemeralKey":"BZSupoFGJe9LZCr7k4QJ706fyb6gmm6LVi5mFM0edZBn","previousCounter":2,"rootKey":"p687Wte5Exaca/bmV+2mpLpRBFC7wLZoxQcnwmqSaLU="},"indexInfo":{"baseKey":"BWdOEYyriAJR9zMH6qI7XuyV6ZJTJCEfyDwXE50anl0C","baseKeyType":2,"closed":-1,"used":1696688697579,"created":1695852499755,"remoteIdentityKey":"BXtiUB7tpdtcNxUERgyBegIoYlo0jetQov/LX+wvKiss"},"_chains":{"BQbwGfJw6J8eKAlTzicK08cL8kfpDYY7fqPLEGAJhY1j":{"chainKey":{"counter":0},"chainType":2,"messageKeys":{}},"BfB0E7qAiw+ejo374DJerwWBA8R4EfLQAxrBBrxbv3Ml":{"chainKey":{"counter":0},"chainType":2,"messageKeys":{}},"BYy5hheORYTX1IPutj8LFYfLDexNVDMOO8WNGtmz4Nwu":{"chainKey":{"counter":2},"chainType":2,"messageKeys":{}},"Bbvxk0XQ0OVagQm5HaAghHrjuxee8/BtfXsL2YWdRXl0":{"chainKey":{"counter":0},"chainType":2,"messageKeys":{}},"BbgE5LkC70o5GWJ6khlJuiYiWNFf7D4iUbnRPUCHpqRT":{"chainKey":{"counter":1},"chainType":2,"messageKeys":{}},"Bekl5FM7Ri9PjhUDpU8eOA9Rf7dDBeWhBSlDv9aVPY55":{"chainKey":{"counter":0},"chainType":2,"messageKeys":{}},"BSded4zMOF1Yaq8RB4XQxlqzzHCqzRhhvotRrdT1sa0O":{"chainKey":{"counter":0},"chainType":2,"messageKeys":{}},"BUvNUiYD9twWs3nAFhnNYjOHXYL4EfFNew6B8p6MbHNr":{"chainKey":{"counter":0},"chainType":2,"messageKeys":{}},"BfVtifUjqeQhfoOXOhcN/i9KJrYdS0WsdgR32N+/IEJQ":{"chainKey":{"counter":2},"chainType":2,"messageKeys":{}},"Bc9rrF/qf4vPkunPz8mIH04f6kcUV6gbA/kfTe7JU7t0":{"chainKey":{"counter":0},"chainType":2,"messageKeys":{}},"BRANpVP3HCHoDLA4oH76ZGteiY0m6FEJ2Dshh7E6wgsa":{"chainKey":{"counter":0},"chainType":2,"messageKeys":{}},"Bb/rmW7Wr2X9dBAfWYx3b60NXcY3G6Wgf95GXVJjFEYi":{"chainKey":{"counter":0},"chainType":2,"messageKeys":{}},"BT2zVrZ+H27p7DdEt2aWxwYuCXE5Sb7iUlxyYbK77210":{"chainKey":{"counter":0},"chainType":2,"messageKeys":{}},"BZSupoFGJe9LZCr7k4QJ706fyb6gmm6LVi5mFM0edZBn":{"chainKey":{"counter":0,"key":"Mh8ippdhdgr0Z+a8kp5HleSssF50X/wRhMXZGfROa8g="},"chainType":2,"messageKeys":{}},"BXon+jwHtiP11T7j+m6wL/g6JR1okI/9ShmoRPMB2Vkl":{"chainKey":{"counter":1,"key":"UlA/cZ8SryUTpV0SA8P+DfrRwr2oqpq3bxGKzHuLr9s="},"chainType":1,"messageKeys":{}}}}},"version":"v1"}