{"_sessions":{"BTuJJvoqfJfOtDhh55y2ItEznmwclZPNdZp8vEOl4qg6":{"registrationId":977271029,"currentRatchet":{"ephemeralKeyPair":{"pubKey":"BQTIfled2X/A6r8uVWBDMErmzi29t/2W7aeId8dYj+lJ","privKey":"KNH3/rDRdBqbQMXGpL+Pauc0zFcBc8KqPqbxtj7wLFQ="},"lastRemoteEphemeralKey":"BcS024lAYmgbdpdXTnFyfO/8JuVKF/JapTBF2YffYQJX","previousCounter":2,"rootKey":"B/S4qra+XumxXC1HrxoXx4qph1RATpJPt8EYylGAyVY="},"indexInfo":{"baseKey":"BTuJJvoqfJfOtDhh55y2ItEznmwclZPNdZp8vEOl4qg6","baseKeyType":1,"closed":-1,"used":1695853067501,"created":1695853014963,"remoteIdentityKey":"BZ/Xl19qhI1mFdLSb6jBxr4b9TKkctpDY4fJQ3pR+YQ6"},"_chains":{"BcS024lAYmgbdpdXTnFyfO/8JuVKF/JapTBF2YffYQJX":{"chainKey":{"counter":0,"key":"cJ0vyHh1lR6nsVPf3oIW5cxs7k4NUv87F/3LcfHWKfs="},"chainType":2,"messageKeys":{}},"BQTIfled2X/A6r8uVWBDMErmzi29t/2W7aeId8dYj+lJ":{"chainKey":{"counter":-1,"key":"R14SF6dufQADz8+DedIFdxhZ9SkcdIdXlFg/IcVKo8w="},"chainType":1,"messageKeys":{}}}}},"version":"v1"}