{"_sessions":{"Bf1qlJzd5fTNjs3CdABJfHdJk31uJSMq+Rriw80f8sFp":{"registrationId":1965198670,"currentRatchet":{"ephemeralKeyPair":{"pubKey":"BcsaabKMZrrL/kxkVK3LQJ4KjG3ViH1NKj/HwjY6Z5Mz","privKey":"4PaB21FSOCdxAHRJdMfgcaWgDtt52XlDTEkMCt0m8Xc="},"lastRemoteEphemeralKey":"BVypq/wcVaT/MVGztRKp5ej7Udl+5xH5cgQYr8bVBT9B","previousCounter":2,"rootKey":"BiDCLVq4nCNZ6tPc469ywQ5CYHzFZYhe3VD0uSqlwRI="},"indexInfo":{"baseKey":"Bf1qlJzd5fTNjs3CdABJfHdJk31uJSMq+Rriw80f8sFp","baseKeyType":2,"closed":-1,"used":1696688698150,"created":1695852499899,"remoteIdentityKey":"BSlYEAjx+i62pLRxotp9z+Au5W1t/8N7cGxMI0rZEJV0"},"_chains":{"BZaMgjPnd1Ur8bI96jddbYWErQ46On1YGW3/oFS3aS9m":{"chainKey":{"counter":0},"chainType":2,"messageKeys":{}},"BcSY6qS9Y0gEd6a51Tnpm1LLQajWVKYom75R75DtQORO":{"chainKey":{"counter":0},"chainType":2,"messageKeys":{}},"BSA3FxfzTk14iVDVMUjM4d42FpuuyDNfXclDDtgBght8":{"chainKey":{"counter":1},"chainType":2,"messageKeys":{"0":"70I1e+fr/xFU9nw/Fk4UcdFK2mIwy9BOU22P4LRfEOQ="}},"Bdk6INKOVKfr7e7Qc9f7xNITn76b9LGYrfFi/0IxXfgr":{"chainKey":{"counter":0},"chainType":2,"messageKeys":{}},"BerDV53KOlS4v4XWYI5QgTDc9H0TfxOhleNw8R3ocuBg":{"chainKey":{"counter":0},"chainType":2,"messageKeys":{}},"BW6gAxchUQicAyHZdAr3oL9j2Br/5Dou9q/gQary21dt":{"chainKey":{"counter":0},"chainType":2,"messageKeys":{}},"BfQiGJ+hmai+LCC4EKPjn9j1ixhRBi6gxW0m+WbLgQ90":{"chainKey":{"counter":0},"chainType":2,"messageKeys":{}},"BUDCJjG3hb7rIWXlrm0pTw0SwX+HqjEk4S99Y9Vl5mQ7":{"chainKey":{"counter":2},"chainType":2,"messageKeys":{}},"BW0/9KqGr5TxklWhcT9E/r6RPyrOzb8VavCE3XnkXHdB":{"chainKey":{"counter":0},"chainType":2,"messageKeys":{}},"BUYSvmbt2sxK6MKVznggA2oSlMoNgQpGgEjyIDIaST8+":{"chainKey":{"counter":0},"chainType":2,"messageKeys":{}},"Bbnz25HXjDWwbJR8PFABLXFPjdWbZtbOItq4jAZV6vNf":{"chainKey":{"counter":0},"chainType":2,"messageKeys":{}},"BXBwMNkpUjLvYJJE73rTcwO8oNFochODS5bjMTu2zasZ":{"chainKey":{"counter":0},"chainType":2,"messageKeys":{}},"BVypq/wcVaT/MVGztRKp5ej7Udl+5xH5cgQYr8bVBT9B":{"chainKey":{"counter":0,"key":"KmiufTRULG+4aEZ4x5o8RG/uJLQhIpPgWtE+QJHnnQ8="},"chainType":2,"messageKeys":{}},"BcsaabKMZrrL/kxkVK3LQJ4KjG3ViH1NKj/HwjY6Z5Mz":{"chainKey":{"counter":1,"key":"pa8PCG8Xyl7yPRk4thGYhbtlIHfEsseifmtO4Z8Y0IM="},"chainType":1,"messageKeys":{}}}}},"version":"v1"}