{"_sessions":{"BZ70ekErpH6p4jW3KeP/bXwpdip+zKF0ZmZG3zHF7PBT":{"registrationId":817852248,"currentRatchet":{"ephemeralKeyPair":{"pubKey":"BS3ELEnCYKWfP28mIJWkEnK5E4ky6H5hdNqJrdISbgw1","privKey":"kFuwEIGUg0VgmTVhLjCOdpwIXE5QRx+Y51aMgD1djGU="},"lastRemoteEphemeralKey":"BVhtq6h+kMA8e8K9kdsPVOE8iaN3hACyEUOWBMOo8AMT","previousCounter":0,"rootKey":"RK6dXCJ7LGfML9aiMabCmORd2gI0Rz/Ka3Rlmmi3J28="},"indexInfo":{"baseKey":"BZ70ekErpH6p4jW3KeP/bXwpdip+zKF0ZmZG3zHF7PBT","baseKeyType":1,"closed":1696248882912,"used":1696248882804,"created":1696248882804,"remoteIdentityKey":"BacqTfVUpPilA2dUF9/EMAZJ+WHqLVBlZfMF0WJJHyRs"},"_chains":{"BS3ELEnCYKWfP28mIJWkEnK5E4ky6H5hdNqJrdISbgw1":{"chainKey":{"counter":-1,"key":"TIDMRJPxUBC5SUBKPK9SxKjmD1wxvHcqmp14Up2SOx0="},"chainType":1,"messageKeys":{}}},"pendingPreKey":{"signedKeyId":0,"baseKey":"BZ70ekErpH6p4jW3KeP/bXwpdip+zKF0ZmZG3zHF7PBT","preKeyId":11546703}},"BQY/iru17WYTmMIFCZ6Os7mtcba1b2kXhuxk8+NgFVZ2":{"registrationId":817852248,"currentRatchet":{"ephemeralKeyPair":{"pubKey":"BTQ/uG/JcHQix7sA2Q/3jOrKolrmX+f/wFeR3y9HQU8s","privKey":"KD04YXe9nWTMpORleyyl/KALix8OjYgE9TkR5WMHjGE="},"lastRemoteEphemeralKey":"BVhtq6h+kMA8e8K9kdsPVOE8iaN3hACyEUOWBMOo8AMT","previousCounter":0,"rootKey":"lcKemsed+jyWc2rd/GYBm3/uGYo9zXuGAxWsor4/p14="},"indexInfo":{"baseKey":"BQY/iru17WYTmMIFCZ6Os7mtcba1b2kXhuxk8+NgFVZ2","baseKeyType":1,"closed":1696248883053,"used":1696248882910,"created":1696248882910,"remoteIdentityKey":"BacqTfVUpPilA2dUF9/EMAZJ+WHqLVBlZfMF0WJJHyRs"},"_chains":{"BTQ/uG/JcHQix7sA2Q/3jOrKolrmX+f/wFeR3y9HQU8s":{"chainKey":{"counter":-1,"key":"S6wlR4dUDa2uzSLSDi/x1gh7pKt3cIxiy2a6D4IXRjw="},"chainType":1,"messageKeys":{}}},"pendingPreKey":{"signedKeyId":0,"baseKey":"BQY/iru17WYTmMIFCZ6Os7mtcba1b2kXhuxk8+NgFVZ2","preKeyId":11546416}},"BVVGdbADGYdMftSuo6hfPLvXSBja/mtJX8RoNJd7hDtW":{"registrationId":817852248,"currentRatchet":{"ephemeralKeyPair":{"pubKey":"BXxhyhguV8UDaAuHn2U5L3QNj+vhPmCR2sUU7B0SISFU","privKey":"aKJqDhjYJyMpYuuHT6KPgVbwq0kGd+XR5I9kRgUqKmE="},"lastRemoteEphemeralKey":"BVhtq6h+kMA8e8K9kdsPVOE8iaN3hACyEUOWBMOo8AMT","previousCounter":0,"rootKey":"H/zN4hzz4tWcQmTqeLhEYNHgHHbNeb1m6Vb0zyZkZ3g="},"indexInfo":{"baseKey":"BVVGdbADGYdMftSuo6hfPLvXSBja/mtJX8RoNJd7hDtW","baseKeyType":1,"closed":1696248883170,"used":1696248883051,"created":1696248883051,"remoteIdentityKey":"BacqTfVUpPilA2dUF9/EMAZJ+WHqLVBlZfMF0WJJHyRs"},"_chains":{"BXxhyhguV8UDaAuHn2U5L3QNj+vhPmCR2sUU7B0SISFU":{"chainKey":{"counter":-1,"key":"Cypdovyn9X/bzjDA6yN4ld8H2tnjTwqg/2hQMZ0+yjY="},"chainType":1,"messageKeys":{}}},"pendingPreKey":{"signedKeyId":0,"baseKey":"BVVGdbADGYdMftSuo6hfPLvXSBja/mtJX8RoNJd7hDtW","preKeyId":11546370}},"BU7w3z2v/Ep1wfmASqG1Hkhrla513dkmTtV3heKwbLUd":{"registrationId":817852248,"currentRatchet":{"ephemeralKeyPair":{"pubKey":"BcQVdNZv+PIwueVBTwDSOiXToe2YXI5cYPzhGdU/bOVS","privKey":"8HmNFgQgeDWAV/F3ocTsHcCfyHsZkmLd+LbR5klSBHY="},"lastRemoteEphemeralKey":"BVhtq6h+kMA8e8K9kdsPVOE8iaN3hACyEUOWBMOo8AMT","previousCounter":0,"rootKey":"KDUK5nNW0V0SZYSIkbuq/WFvSr9EhOxUcAFsoIBBiDs="},"indexInfo":{"baseKey":"BU7w3z2v/Ep1wfmASqG1Hkhrla513dkmTtV3heKwbLUd","baseKeyType":1,"closed":1696248883278,"used":1696248883167,"created":1696248883167,"remoteIdentityKey":"BacqTfVUpPilA2dUF9/EMAZJ+WHqLVBlZfMF0WJJHyRs"},"_chains":{"BcQVdNZv+PIwueVBTwDSOiXToe2YXI5cYPzhGdU/bOVS":{"chainKey":{"counter":-1,"key":"1OaM+MoDQA6kp/2nwbjBgCpPlyzFk7pU/MTZfSxAtvw="},"chainType":1,"messageKeys":{}}},"pendingPreKey":{"signedKeyId":0,"baseKey":"BU7w3z2v/Ep1wfmASqG1Hkhrla513dkmTtV3heKwbLUd","preKeyId":11546388}},"BSHN0Haqr93Em+i00mINqnSK8G+2kYKKlC1Kr/UEbYYO":{"registrationId":817852248,"currentRatchet":{"ephemeralKeyPair":{"pubKey":"BdELGpD7rxwAw5TjbXF+PTRNwkI/lD+qxBtwYf7lklZK","privKey":"UGEmq5fP8l1brTNAwfMnSQYv9lb6IvYPx8/dQsFjHHQ="},"lastRemoteEphemeralKey":"BVhtq6h+kMA8e8K9kdsPVOE8iaN3hACyEUOWBMOo8AMT","previousCounter":0,"rootKey":"0Q30oVADXX7vd2uBMBRIpfpUt3NHvmY3b/D6t5AUxWk="},"indexInfo":{"baseKey":"BSHN0Haqr93Em+i00mINqnSK8G+2kYKKlC1Kr/UEbYYO","baseKeyType":1,"closed":1696248883387,"used":1696248883276,"created":1696248883276,"remoteIdentityKey":"BacqTfVUpPilA2dUF9/EMAZJ+WHqLVBlZfMF0WJJHyRs"},"_chains":{"BdELGpD7rxwAw5TjbXF+PTRNwkI/lD+qxBtwYf7lklZK":{"chainKey":{"counter":-1,"key":"Js6YZ+l/uQt9q7Ku2X9GRu2dcuUcIETvX41V4rlggQE="},"chainType":1,"messageKeys":{}}},"pendingPreKey":{"signedKeyId":0,"baseKey":"BSHN0Haqr93Em+i00mINqnSK8G+2kYKKlC1Kr/UEbYYO","preKeyId":11546461}},"BdMIrdZINWByOwlO5Cp4U0jctSSUxST+fR3iVrrCMPt5":{"registrationId":817852248,"currentRatchet":{"ephemeralKeyPair":{"pubKey":"Bel1fq0pareWUj6E/Xyt1tKZ39swJTTvnCNVEOFNQohI","privKey":"YCHIOnTUoRUFOeEdEG8NDxaB1Gib0NrEiIgJoLVzKk4="},"lastRemoteEphemeralKey":"BVhtq6h+kMA8e8K9kdsPVOE8iaN3hACyEUOWBMOo8AMT","previousCounter":0,"rootKey":"rjk72YsuS4NTGi0hf4vUa6elKsZ3UDd1simZftgg0bE="},"indexInfo":{"baseKey":"BdMIrdZINWByOwlO5Cp4U0jctSSUxST+fR3iVrrCMPt5","baseKeyType":1,"closed":1696248883488,"used":1696248883385,"created":1696248883385,"remoteIdentityKey":"BacqTfVUpPilA2dUF9/EMAZJ+WHqLVBlZfMF0WJJHyRs"},"_chains":{"Bel1fq0pareWUj6E/Xyt1tKZ39swJTTvnCNVEOFNQohI":{"chainKey":{"counter":-1,"key":"eTBhTPP1KqNCQ/n9VEpMRlIH4ewSs504MB94CSgo3zM="},"chainType":1,"messageKeys":{}}},"pendingPreKey":{"signedKeyId":0,"baseKey":"BdMIrdZINWByOwlO5Cp4U0jctSSUxST+fR3iVrrCMPt5","preKeyId":11546446}},"BWfMBTjjnhee2Dw4eL/3ABW5jN3kgRFz0kIGWxunEnw6":{"registrationId":817852248,"currentRatchet":{"ephemeralKeyPair":{"pubKey":"BRUpwQafASwN2O/fTpRsQxujHOzCb4jom6KEpb7Igcwo","privKey":"ODHozmWuYJQSoHRaaJeKN5tOELaCr9Hwu8q5LRURils="},"lastRemoteEphemeralKey":"BVhtq6h+kMA8e8K9kdsPVOE8iaN3hACyEUOWBMOo8AMT","previousCounter":0,"rootKey":"oLXncFyA3YAkVkZCt+0oPDXbONcdt5xMKGoyOuZ7gn4="},"indexInfo":{"baseKey":"BWfMBTjjnhee2Dw4eL/3ABW5jN3kgRFz0kIGWxunEnw6","baseKeyType":1,"closed":1696248883581,"used":1696248883485,"created":1696248883485,"remoteIdentityKey":"BacqTfVUpPilA2dUF9/EMAZJ+WHqLVBlZfMF0WJJHyRs"},"_chains":{"BRUpwQafASwN2O/fTpRsQxujHOzCb4jom6KEpb7Igcwo":{"chainKey":{"counter":-1,"key":"qtrSk3UoKf/zJ+u+upe6weHxHSDjXqdd44PoVfT1dKo="},"chainType":1,"messageKeys":{}}},"pendingPreKey":{"signedKeyId":0,"baseKey":"BWfMBTjjnhee2Dw4eL/3ABW5jN3kgRFz0kIGWxunEnw6","preKeyId":11546444}},"BVn4oGIdTBRPPBMnXagjQY8bSvSDecy29xW4pVc+vHg4":{"registrationId":817852248,"currentRatchet":{"ephemeralKeyPair":{"pubKey":"BRKUTEK4kDv2GmU/a2ywYbHKUIQtKSKmGtsj462E9ORy","privKey":"MCksEFISgPMCWUXchNJBmsLP2wtdZa+jW6B7rCq3EGM="},"lastRemoteEphemeralKey":"BVhtq6h+kMA8e8K9kdsPVOE8iaN3hACyEUOWBMOo8AMT","previousCounter":0,"rootKey":"8zhzWv+KOq7IdYTajIxos9YmshZyxNOk9Krb7cEIyCw="},"indexInfo":{"baseKey":"BVn4oGIdTBRPPBMnXagjQY8bSvSDecy29xW4pVc+vHg4","baseKeyType":1,"closed":1696248883679,"used":1696248883578,"created":1696248883578,"remoteIdentityKey":"BacqTfVUpPilA2dUF9/EMAZJ+WHqLVBlZfMF0WJJHyRs"},"_chains":{"BRKUTEK4kDv2GmU/a2ywYbHKUIQtKSKmGtsj462E9ORy":{"chainKey":{"counter":-1,"key":"VGOP8P+YvPj0WcmuYsH7psWk0GF4HU3kWTouPQOZCfI="},"chainType":1,"messageKeys":{}}},"pendingPreKey":{"signedKeyId":0,"baseKey":"BVn4oGIdTBRPPBMnXagjQY8bSvSDecy29xW4pVc+vHg4","preKeyId":11546257}},"Bc3SWlQ4/6myXWpHSUvmhZACV6v3yTqQAToKklb330Q3":{"registrationId":817852248,"currentRatchet":{"ephemeralKeyPair":{"pubKey":"Bcjhd5YjeK+Omo3xz00UmZ36gb1goD4avxPCQCqGVQoP","privKey":"4AM8DsEP5zbMhGWaCY1qmHR5tBOEAPm2RSwHTjBQFF8="},"lastRemoteEphemeralKey":"BVhtq6h+kMA8e8K9kdsPVOE8iaN3hACyEUOWBMOo8AMT","previousCounter":0,"rootKey":"EST3n7LmvCCr++UCJSfD3lIwHkSHCc6Wmup2a+QENk0="},"indexInfo":{"baseKey":"Bc3SWlQ4/6myXWpHSUvmhZACV6v3yTqQAToKklb330Q3","baseKeyType":1,"closed":1696248883793,"used":1696248883677,"created":1696248883677,"remoteIdentityKey":"BacqTfVUpPilA2dUF9/EMAZJ+WHqLVBlZfMF0WJJHyRs"},"_chains":{"Bcjhd5YjeK+Omo3xz00UmZ36gb1goD4avxPCQCqGVQoP":{"chainKey":{"counter":-1,"key":"09XAvXtKl9M3Z0LmQBhYQ0OOAkBK7amajgvrAEMVIyg="},"chainType":1,"messageKeys":{}}},"pendingPreKey":{"signedKeyId":0,"baseKey":"Bc3SWlQ4/6myXWpHSUvmhZACV6v3yTqQAToKklb330Q3","preKeyId":11546400}},"BabC7sxKKhL/PsA9CdXjhNCPsdG4JTVKhCuBsqaz5N10":{"registrationId":817852248,"currentRatchet":{"ephemeralKeyPair":{"pubKey":"BSn0LWPzKjK+6HdRjQLiv2JEmzVzrQWci1ot25y0w25U","privKey":"eCq+cxMWD4kJZQVaP35lnzUZVi23dOe7zhrjw97ou10="},"lastRemoteEphemeralKey":"BVhtq6h+kMA8e8K9kdsPVOE8iaN3hACyEUOWBMOo8AMT","previousCounter":0,"rootKey":"oTv0rFr3nniVqgzqgcCWSA99kvFpSROA0rDFeJGdAYk="},"indexInfo":{"baseKey":"BabC7sxKKhL/PsA9CdXjhNCPsdG4JTVKhCuBsqaz5N10","baseKeyType":1,"closed":1696248883891,"used":1696248883791,"created":1696248883791,"remoteIdentityKey":"BacqTfVUpPilA2dUF9/EMAZJ+WHqLVBlZfMF0WJJHyRs"},"_chains":{"BSn0LWPzKjK+6HdRjQLiv2JEmzVzrQWci1ot25y0w25U":{"chainKey":{"counter":-1,"key":"0uSxEqxqrr+0uM60g+Ar8JPPsb6pi6vWs0lZhQ4IjRg="},"chainType":1,"messageKeys":{}}},"pendingPreKey":{"signedKeyId":0,"baseKey":"BabC7sxKKhL/PsA9CdXjhNCPsdG4JTVKhCuBsqaz5N10","preKeyId":11546529}},"Bd019svKCjj0M/Fqy7fAxrq/RWWdiqVbbr1zLJAJ5sJ2":{"registrationId":817852248,"currentRatchet":{"ephemeralKeyPair":{"pubKey":"BdK0JJBIjrVkk5ybEI0HFtybM81Y6EW/kSfbiMI7QPlJ","privKey":"gF/ji4EQiIQwcjSpW48FcbnooU8UCGR89g8oomn6Tlw="},"lastRemoteEphemeralKey":"BVhtq6h+kMA8e8K9kdsPVOE8iaN3hACyEUOWBMOo8AMT","previousCounter":0,"rootKey":"sLJgnGua6WJeFsQtTOdjfGiucG3q2f+YHSgON1gzevM="},"indexInfo":{"baseKey":"Bd019svKCjj0M/Fqy7fAxrq/RWWdiqVbbr1zLJAJ5sJ2","baseKeyType":1,"closed":1696248884011,"used":1696248883889,"created":1696248883889,"remoteIdentityKey":"BacqTfVUpPilA2dUF9/EMAZJ+WHqLVBlZfMF0WJJHyRs"},"_chains":{"BdK0JJBIjrVkk5ybEI0HFtybM81Y6EW/kSfbiMI7QPlJ":{"chainKey":{"counter":-1,"key":"hug49AB5VX+cFOwpH2VD6+W/HMl0T9H16PCB0WplBEQ="},"chainType":1,"messageKeys":{}}},"pendingPreKey":{"signedKeyId":0,"baseKey":"Bd019svKCjj0M/Fqy7fAxrq/RWWdiqVbbr1zLJAJ5sJ2","preKeyId":11546612}},"BWHiYnmlazRMtp/vq+JwQPrcofQvFYOb6WqojS8i0oIF":{"registrationId":817852248,"currentRatchet":{"ephemeralKeyPair":{"pubKey":"BZdCS4g/8jcyCso//eHhU0k6rXHVuvfHkVYZgPd/HCBV","privKey":"yHqOoKJ5vmZonoCwljED3gJJs9HxelednZLVhuw7A1k="},"lastRemoteEphemeralKey":"BVhtq6h+kMA8e8K9kdsPVOE8iaN3hACyEUOWBMOo8AMT","previousCounter":0,"rootKey":"6glfH8FJymmjHPlFrA6N4o8guXX+1o1cZDmMB50n3aw="},"indexInfo":{"baseKey":"BWHiYnmlazRMtp/vq+JwQPrcofQvFYOb6WqojS8i0oIF","baseKeyType":1,"closed":1696248884141,"used":1696248884008,"created":1696248884008,"remoteIdentityKey":"BacqTfVUpPilA2dUF9/EMAZJ+WHqLVBlZfMF0WJJHyRs"},"_chains":{"BZdCS4g/8jcyCso//eHhU0k6rXHVuvfHkVYZgPd/HCBV":{"chainKey":{"counter":-1,"key":"9xWeAVnRtIHBtpZgetpbApUttRBD1D0gsdKod6Zh2A4="},"chainType":1,"messageKeys":{}}},"pendingPreKey":{"signedKeyId":0,"baseKey":"BWHiYnmlazRMtp/vq+JwQPrcofQvFYOb6WqojS8i0oIF","preKeyId":11546689}},"BQg2v5gCSGIDfY+jIBhMB3BjsF9zVqDMcWqrZqYEYp5K":{"registrationId":817852248,"currentRatchet":{"ephemeralKeyPair":{"pubKey":"BZn86ItPCc2+uk3zTRrFfsJWRIXYrt7h2nwBTwhWaQBh","privKey":"OE4KYrVRvzCgCvz0AHAlQdtHgFu4V6I7u0/5RLh3A2M="},"lastRemoteEphemeralKey":"BVhtq6h+kMA8e8K9kdsPVOE8iaN3hACyEUOWBMOo8AMT","previousCounter":0,"rootKey":"LE0cM9o0g2rAs9nbXxmFVbLoeUQXtvRi8ToVUHRX0wM="},"indexInfo":{"baseKey":"BQg2v5gCSGIDfY+jIBhMB3BjsF9zVqDMcWqrZqYEYp5K","baseKeyType":1,"closed":1696248884257,"used":1696248884140,"created":1696248884140,"remoteIdentityKey":"BacqTfVUpPilA2dUF9/EMAZJ+WHqLVBlZfMF0WJJHyRs"},"_chains":{"BZn86ItPCc2+uk3zTRrFfsJWRIXYrt7h2nwBTwhWaQBh":{"chainKey":{"counter":-1,"key":"5Z/z8v4Mc/eqq4/lxjxIbylmPKWzf4G9yIw0qHwWDbA="},"chainType":1,"messageKeys":{}}},"pendingPreKey":{"signedKeyId":0,"baseKey":"BQg2v5gCSGIDfY+jIBhMB3BjsF9zVqDMcWqrZqYEYp5K","preKeyId":11546198}},"BVTh35eoUdEkW+MoGTAlmzaf/sEZ55uUIFaUmIG/WLMC":{"registrationId":817852248,"currentRatchet":{"ephemeralKeyPair":{"pubKey":"BVbdrPCzCnWAmnYTWCmjIH+z2B7cnyOPACPm8dHioJJb","privKey":"yGXyobKuQNyzyAHNdWUuT7jDhuzx++kPvK2Hty7Kz0A="},"lastRemoteEphemeralKey":"BVhtq6h+kMA8e8K9kdsPVOE8iaN3hACyEUOWBMOo8AMT","previousCounter":0,"rootKey":"xoee8F2y5eoQv0Y1/c7lGYxg7B3FtKQsF2Q0lTOPwIM="},"indexInfo":{"baseKey":"BVTh35eoUdEkW+MoGTAlmzaf/sEZ55uUIFaUmIG/WLMC","baseKeyType":1,"closed":1696248884433,"used":1696248884255,"created":1696248884255,"remoteIdentityKey":"BacqTfVUpPilA2dUF9/EMAZJ+WHqLVBlZfMF0WJJHyRs"},"_chains":{"BVbdrPCzCnWAmnYTWCmjIH+z2B7cnyOPACPm8dHioJJb":{"chainKey":{"counter":-1,"key":"SCAm8JI2aUjT65mkNCXmXbzvuQSbWb7Fc+3a2vEaezE="},"chainType":1,"messageKeys":{}}},"pendingPreKey":{"signedKeyId":0,"baseKey":"BVTh35eoUdEkW+MoGTAlmzaf/sEZ55uUIFaUmIG/WLMC","preKeyId":11546617}},"BUkd2i6Q3qAFontHZSZDu0YAWvIVNW/6St9nGVCdfYkb":{"registrationId":817852248,"currentRatchet":{"ephemeralKeyPair":{"pubKey":"BWloQr45I8pNrtt+RQvlQzWwoX42midPVk6DOYkQpFEL","privKey":"aALLgwOC5jNgGkWyvzSgl2Qq7xpwKX9DU840eUm/DFA="},"lastRemoteEphemeralKey":"BVhtq6h+kMA8e8K9kdsPVOE8iaN3hACyEUOWBMOo8AMT","previousCounter":0,"rootKey":"KYjDqgN1WT24K2PEA2tReN1YeP030oEOXEShmyACHeY="},"indexInfo":{"baseKey":"BUkd2i6Q3qAFontHZSZDu0YAWvIVNW/6St9nGVCdfYkb","baseKeyType":1,"closed":1696248884564,"used":1696248884430,"created":1696248884430,"remoteIdentityKey":"BacqTfVUpPilA2dUF9/EMAZJ+WHqLVBlZfMF0WJJHyRs"},"_chains":{"BWloQr45I8pNrtt+RQvlQzWwoX42midPVk6DOYkQpFEL":{"chainKey":{"counter":-1,"key":"kp6p1Bx0fPQOoAHahKkMbqohyID0oLs34dIrvg98/Lg="},"chainType":1,"messageKeys":{}}},"pendingPreKey":{"signedKeyId":0,"baseKey":"BUkd2i6Q3qAFontHZSZDu0YAWvIVNW/6St9nGVCdfYkb","preKeyId":11546651}},"BeUEiS6OCUr+FD9Mcc7mmVnWGYjzet4rnjo3gdm5Xbg2":{"registrationId":817852248,"currentRatchet":{"ephemeralKeyPair":{"pubKey":"BSKyyKGP7n5fbtBLxgYGBOoO1nKsTfKaKn3pR1zGhSso","privKey":"MGoqBUejjqkg3b/U7FoxWQVampFsjha0r+vzkPOnw0o="},"lastRemoteEphemeralKey":"BVhtq6h+kMA8e8K9kdsPVOE8iaN3hACyEUOWBMOo8AMT","previousCounter":0,"rootKey":"4dtR6WNK22tPcnJ7JnSJ3Ksfk6xjyKskuBD0BPua5rU="},"indexInfo":{"baseKey":"BeUEiS6OCUr+FD9Mcc7mmVnWGYjzet4rnjo3gdm5Xbg2","baseKeyType":1,"closed":1696248884656,"used":1696248884562,"created":1696248884562,"remoteIdentityKey":"BacqTfVUpPilA2dUF9/EMAZJ+WHqLVBlZfMF0WJJHyRs"},"_chains":{"BSKyyKGP7n5fbtBLxgYGBOoO1nKsTfKaKn3pR1zGhSso":{"chainKey":{"counter":-1,"key":"MV0NXRIxP93hVW1RE9qyypmd73Rx7ZOXqCZsHimKCBk="},"chainType":1,"messageKeys":{}}},"pendingPreKey":{"signedKeyId":0,"baseKey":"BeUEiS6OCUr+FD9Mcc7mmVnWGYjzet4rnjo3gdm5Xbg2","preKeyId":11546657}},"BdwhOrdGLpVJn70yF2GP8kQ26P+lkveURII/OVNLdkYO":{"registrationId":817852248,"currentRatchet":{"ephemeralKeyPair":{"pubKey":"BfwUBwuD1b31ZRDqZM9kAU6iEzQnSWFplOjlbVAsJ1Rf","privKey":"CKnH16iS1wxDlFbx0arOxPsVpUJtXzgnL1Y0WAH3V2c="},"lastRemoteEphemeralKey":"BVhtq6h+kMA8e8K9kdsPVOE8iaN3hACyEUOWBMOo8AMT","previousCounter":0,"rootKey":"Hh0GW3zafgWJgIDrx4R0+nxm5wbU2CCOijVBpxtBQ2Q="},"indexInfo":{"baseKey":"BdwhOrdGLpVJn70yF2GP8kQ26P+lkveURII/OVNLdkYO","baseKeyType":1,"closed":1696248884794,"used":1696248884654,"created":1696248884654,"remoteIdentityKey":"BacqTfVUpPilA2dUF9/EMAZJ+WHqLVBlZfMF0WJJHyRs"},"_chains":{"BfwUBwuD1b31ZRDqZM9kAU6iEzQnSWFplOjlbVAsJ1Rf":{"chainKey":{"counter":-1,"key":"A570mKl6pZgBvXHB33udrjx2crqD8BSLBtB1pcEGumw="},"chainType":1,"messageKeys":{}}},"pendingPreKey":{"signedKeyId":0,"baseKey":"BdwhOrdGLpVJn70yF2GP8kQ26P+lkveURII/OVNLdkYO","preKeyId":11546454}},"BSYbh+5Xq5knJMWiVKLmQfeqZq629rg5MAyp1l0m8pgT":{"registrationId":817852248,"currentRatchet":{"ephemeralKeyPair":{"pubKey":"BaaSDjLRaKfrqpd8mNgDR8fZTWiLYHpTRua5ppaQgdBo","privKey":"GDN4kT2nh7OKJbFFL1f0HSKkkG+MOZQmKjEpYCFGW3k="},"lastRemoteEphemeralKey":"BVhtq6h+kMA8e8K9kdsPVOE8iaN3hACyEUOWBMOo8AMT","previousCounter":0,"rootKey":"rorjNuf1DJyMUET5loUXbBj53M0+re8tECYj9mQpx2s="},"indexInfo":{"baseKey":"BSYbh+5Xq5knJMWiVKLmQfeqZq629rg5MAyp1l0m8pgT","baseKeyType":1,"closed":1696248884888,"used":1696248884792,"created":1696248884792,"remoteIdentityKey":"BacqTfVUpPilA2dUF9/EMAZJ+WHqLVBlZfMF0WJJHyRs"},"_chains":{"BaaSDjLRaKfrqpd8mNgDR8fZTWiLYHpTRua5ppaQgdBo":{"chainKey":{"counter":-1,"key":"XHloXnBZck9hfsNrv31x0p0kK25nxzXttvQ//tZ+RgA="},"chainType":1,"messageKeys":{}}},"pendingPreKey":{"signedKeyId":0,"baseKey":"BSYbh+5Xq5knJMWiVKLmQfeqZq629rg5MAyp1l0m8pgT","preKeyId":11546662}},"BS5sw0VphIIOgWv0Cs7Kyo583HcNPso1aVItggpgZ1cZ":{"registrationId":817852248,"currentRatchet":{"ephemeralKeyPair":{"pubKey":"BStiNE7xVQ70v/x/QzfYcwZO1EA/rONPwBj4fo9AQdtv","privKey":"aOWfgJ9n1BOQKe2O/wKwf67AK8qhMaO3TSaJeTDeWGM="},"lastRemoteEphemeralKey":"BVhtq6h+kMA8e8K9kdsPVOE8iaN3hACyEUOWBMOo8AMT","previousCounter":0,"rootKey":"5hSoSEwSqdndLsShWAk8Cd+BeZQmH0JJAg0Hzh/xSAY="},"indexInfo":{"baseKey":"BS5sw0VphIIOgWv0Cs7Kyo583HcNPso1aVItggpgZ1cZ","baseKeyType":1,"closed":1696248885025,"used":1696248884884,"created":1696248884884,"remoteIdentityKey":"BacqTfVUpPilA2dUF9/EMAZJ+WHqLVBlZfMF0WJJHyRs"},"_chains":{"BStiNE7xVQ70v/x/QzfYcwZO1EA/rONPwBj4fo9AQdtv":{"chainKey":{"counter":-1,"key":"DENGhotHJLPwyQcy6ESI6ffL2jKPEVym7wmJw1Oeg2E="},"chainType":1,"messageKeys":{}}},"pendingPreKey":{"signedKeyId":0,"baseKey":"BS5sw0VphIIOgWv0Cs7Kyo583HcNPso1aVItggpgZ1cZ","preKeyId":11546458}},"BcPr51y0QJcJmjvY8K7SCM1dihSMAPfpBo+W9Gy0DNlR":{"registrationId":817852248,"currentRatchet":{"ephemeralKeyPair":{"pubKey":"BU5Qw7aS386Jj0m21eWSz886xOdEulcX++ZMf1FOUj9q","privKey":"UC0C2E3u696IxloDMs5bJLKyZWxgEdbsMZEA+1In+V8="},"lastRemoteEphemeralKey":"BVhtq6h+kMA8e8K9kdsPVOE8iaN3hACyEUOWBMOo8AMT","previousCounter":0,"rootKey":"VEa4cZf47jxctfi/PgonOyuy8+WcJEC8SHj02SzudPw="},"indexInfo":{"baseKey":"BcPr51y0QJcJmjvY8K7SCM1dihSMAPfpBo+W9Gy0DNlR","baseKeyType":1,"closed":1696248885129,"used":1696248885023,"created":1696248885023,"remoteIdentityKey":"BacqTfVUpPilA2dUF9/EMAZJ+WHqLVBlZfMF0WJJHyRs"},"_chains":{"BU5Qw7aS386Jj0m21eWSz886xOdEulcX++ZMf1FOUj9q":{"chainKey":{"counter":-1,"key":"NTVIQTIYlsnPE5vZgLLdsPEKmxVOoZ8U3P0S/cxiirg="},"chainType":1,"messageKeys":{}}},"pendingPreKey":{"signedKeyId":0,"baseKey":"BcPr51y0QJcJmjvY8K7SCM1dihSMAPfpBo+W9Gy0DNlR","preKeyId":11546433}},"BQItJSe6JkHev7+fe4E5o4x/UVQ2jL6egfMut8PGyE1m":{"registrationId":817852248,"currentRatchet":{"ephemeralKeyPair":{"pubKey":"BdSFQXioweWOKeClin1SFu9IRyLIfvEd/qHolMlXMhwS","privKey":"kKvhookRiiuhMWKepq/7mpxvjrv6YiI7OfRJAXq3BEI="},"lastRemoteEphemeralKey":"BVhtq6h+kMA8e8K9kdsPVOE8iaN3hACyEUOWBMOo8AMT","previousCounter":0,"rootKey":"64g0YqATdu1sZuqLXZqfj4ujkaoWbt1yHBLWN8uTbCA="},"indexInfo":{"baseKey":"BQItJSe6JkHev7+fe4E5o4x/UVQ2jL6egfMut8PGyE1m","baseKeyType":1,"closed":1696248885228,"used":1696248885127,"created":1696248885127,"remoteIdentityKey":"BacqTfVUpPilA2dUF9/EMAZJ+WHqLVBlZfMF0WJJHyRs"},"_chains":{"BdSFQXioweWOKeClin1SFu9IRyLIfvEd/qHolMlXMhwS":{"chainKey":{"counter":-1,"key":"ghvTW/N5PiPVe5Zw5GoNhGyEQy4lgFVxpITbP5Q+M5g="},"chainType":1,"messageKeys":{}}},"pendingPreKey":{"signedKeyId":0,"baseKey":"BQItJSe6JkHev7+fe4E5o4x/UVQ2jL6egfMut8PGyE1m","preKeyId":11546435}},"BQSA+IH2rpew+2H7xOreuNWbmd1RHNgjjsqTfk6opI8t":{"registrationId":817852248,"currentRatchet":{"ephemeralKeyPair":{"pubKey":"BXK1I1KCRdQTSkiGeuBxEVpJzU5dOvd/Dem86t1J2IQ9","privKey":"oFlKNBEOk3wJgaBXCQyCPPSoJkNG7y38B4B5iIwhpVo="},"lastRemoteEphemeralKey":"BVhtq6h+kMA8e8K9kdsPVOE8iaN3hACyEUOWBMOo8AMT","previousCounter":0,"rootKey":"vj6dPiG+lwkgwJcP5e4dbJSOmXKCfgWOHKz8Z+wr1kE="},"indexInfo":{"baseKey":"BQSA+IH2rpew+2H7xOreuNWbmd1RHNgjjsqTfk6opI8t","baseKeyType":1,"closed":1696248885347,"used":1696248885226,"created":1696248885226,"remoteIdentityKey":"BacqTfVUpPilA2dUF9/EMAZJ+WHqLVBlZfMF0WJJHyRs"},"_chains":{"BXK1I1KCRdQTSkiGeuBxEVpJzU5dOvd/Dem86t1J2IQ9":{"chainKey":{"counter":-1,"key":"2B7roc3toomJ6H2UZVdeo9BlECbH2Dzv73j79Lxqbj8="},"chainType":1,"messageKeys":{}}},"pendingPreKey":{"signedKeyId":0,"baseKey":"BQSA+IH2rpew+2H7xOreuNWbmd1RHNgjjsqTfk6opI8t","preKeyId":11546790}},"BSmbdCVpcMDlfNKYupbw8jQuVL41LWjgd24hMM0BZd54":{"registrationId":817852248,"currentRatchet":{"ephemeralKeyPair":{"pubKey":"BcDUKhLJZVyrAm7ILkwKyD7GTFov149h9gVbkVLWVnMP","privKey":"qH6ZDxL6raKG0iAP06qcL6GobABCXSxfFdvUyC3++3g="},"lastRemoteEphemeralKey":"BVhtq6h+kMA8e8K9kdsPVOE8iaN3hACyEUOWBMOo8AMT","previousCounter":0,"rootKey":"bo/aruxxqVgCLCjEp21hpGKmxMFbwTmAAj39T1iq+S4="},"indexInfo":{"baseKey":"BSmbdCVpcMDlfNKYupbw8jQuVL41LWjgd24hMM0BZd54","baseKeyType":1,"closed":1696248885468,"used":1696248885345,"created":1696248885345,"remoteIdentityKey":"BacqTfVUpPilA2dUF9/EMAZJ+WHqLVBlZfMF0WJJHyRs"},"_chains":{"BcDUKhLJZVyrAm7ILkwKyD7GTFov149h9gVbkVLWVnMP":{"chainKey":{"counter":-1,"key":"QEyjbvEmlAY50/ds7+b7wWXXLzpZr0WLICGgoxUSZGE="},"chainType":1,"messageKeys":{}}},"pendingPreKey":{"signedKeyId":0,"baseKey":"BSmbdCVpcMDlfNKYupbw8jQuVL41LWjgd24hMM0BZd54","preKeyId":11546619}},"BYUBzkDZzA3vDdzKycKkYdaGDQTpScgbVK0KItZl60w8":{"registrationId":817852248,"currentRatchet":{"ephemeralKeyPair":{"pubKey":"BX8InmPUS87ZgVC1MfHD/yCFMEbpTk8lyEisViStOx55","privKey":"2Jc07oC3sS4OIJMQ/3biAxU1i0vhV7fBThUPqp4tsEY="},"lastRemoteEphemeralKey":"BVhtq6h+kMA8e8K9kdsPVOE8iaN3hACyEUOWBMOo8AMT","previousCounter":0,"rootKey":"Pz1RHQowlhdguTqdzEK9R2q4bATvj6tZVp2GsC6mCSg="},"indexInfo":{"baseKey":"BYUBzkDZzA3vDdzKycKkYdaGDQTpScgbVK0KItZl60w8","baseKeyType":1,"closed":1696248885566,"used":1696248885466,"created":1696248885466,"remoteIdentityKey":"BacqTfVUpPilA2dUF9/EMAZJ+WHqLVBlZfMF0WJJHyRs"},"_chains":{"BX8InmPUS87ZgVC1MfHD/yCFMEbpTk8lyEisViStOx55":{"chainKey":{"counter":-1,"key":"KiacHI0GM88zjajlHPbLuEYT8HjTsg7FKIb2JlPugtM="},"chainType":1,"messageKeys":{}}},"pendingPreKey":{"signedKeyId":0,"baseKey":"BYUBzkDZzA3vDdzKycKkYdaGDQTpScgbVK0KItZl60w8","preKeyId":11546537}},"BUMkyivBQ8Rj9M7bLtB6GismIYRipeRipyc7uf+dwrBm":{"registrationId":817852248,"currentRatchet":{"ephemeralKeyPair":{"pubKey":"BeUP6kVyChpbxjVuqlaZwfl5eQb/uhYcEObas62kZBFf","privKey":"2JA+N8YZYg51r/Gv4MWIGcrxNEC1KYrpq66avkz+2Eg="},"lastRemoteEphemeralKey":"BVhtq6h+kMA8e8K9kdsPVOE8iaN3hACyEUOWBMOo8AMT","previousCounter":0,"rootKey":"HlnmuuOyTWkiTBB4WGdOY6ZDUylZrl6vL2/9WQtlb+E="},"indexInfo":{"baseKey":"BUMkyivBQ8Rj9M7bLtB6GismIYRipeRipyc7uf+dwrBm","baseKeyType":1,"closed":1696248885672,"used":1696248885563,"created":1696248885563,"remoteIdentityKey":"BacqTfVUpPilA2dUF9/EMAZJ+WHqLVBlZfMF0WJJHyRs"},"_chains":{"BeUP6kVyChpbxjVuqlaZwfl5eQb/uhYcEObas62kZBFf":{"chainKey":{"counter":-1,"key":"hYxvxB0eKCG64Nh3NGlK3fUT9bQgR05rskByTspFVD0="},"chainType":1,"messageKeys":{}}},"pendingPreKey":{"signedKeyId":0,"baseKey":"BUMkyivBQ8Rj9M7bLtB6GismIYRipeRipyc7uf+dwrBm","preKeyId":11546646}},"Bb14ZO3zsocWkBv0zf0ITuKliOuo7vtPpU3QySZaOzlm":{"registrationId":817852248,"currentRatchet":{"ephemeralKeyPair":{"pubKey":"BbCEKfKAqiHacDVW/WSRk67eZvCy1j0mYPxg60dIYmYG","privKey":"wI5oFXVCv4tgThuTR2v0zaK9o8O6XNLvrcGPwrErenI="},"lastRemoteEphemeralKey":"BVhtq6h+kMA8e8K9kdsPVOE8iaN3hACyEUOWBMOo8AMT","previousCounter":0,"rootKey":"Z+53Y5mt278YeCrDgiBDpjZ014jh8Os5Buj5sJq46ro="},"indexInfo":{"baseKey":"Bb14ZO3zsocWkBv0zf0ITuKliOuo7vtPpU3QySZaOzlm","baseKeyType":1,"closed":1696248885805,"used":1696248885670,"created":1696248885670,"remoteIdentityKey":"BacqTfVUpPilA2dUF9/EMAZJ+WHqLVBlZfMF0WJJHyRs"},"_chains":{"BbCEKfKAqiHacDVW/WSRk67eZvCy1j0mYPxg60dIYmYG":{"chainKey":{"counter":-1,"key":"NtDiFkpfw2LGPrO6Rz2FiOeRJeMtZQFvv1DmJ2oSS0M="},"chainType":1,"messageKeys":{}}},"pendingPreKey":{"signedKeyId":0,"baseKey":"Bb14ZO3zsocWkBv0zf0ITuKliOuo7vtPpU3QySZaOzlm","preKeyId":11546460}},"BQXQ6hhx8ufEfWU1Hid3tUEYBRiPRlu666m/JUCb3mYs":{"registrationId":817852248,"currentRatchet":{"ephemeralKeyPair":{"pubKey":"BeiBqw9YmyWXvfSntub0Z3SxFPJi9DjlgCWOHU1P9z8O","privKey":"QEUD36xMTpdQTs1Tz5bqJ3uBg8t2sDSVIt6uE1N6bmA="},"lastRemoteEphemeralKey":"BVhtq6h+kMA8e8K9kdsPVOE8iaN3hACyEUOWBMOo8AMT","previousCounter":0,"rootKey":"ZSfjeXQAJKRLz0djDsDqOApzwiJpMI/HyiFsa1HgdQE="},"indexInfo":{"baseKey":"BQXQ6hhx8ufEfWU1Hid3tUEYBRiPRlu666m/JUCb3mYs","baseKeyType":1,"closed":1696248885907,"used":1696248885803,"created":1696248885803,"remoteIdentityKey":"BacqTfVUpPilA2dUF9/EMAZJ+WHqLVBlZfMF0WJJHyRs"},"_chains":{"BeiBqw9YmyWXvfSntub0Z3SxFPJi9DjlgCWOHU1P9z8O":{"chainKey":{"counter":-1,"key":"EKn2nRRfBje5AhRPQ/z8cLsB6aIxo3qRrnVjR6Bxhi4="},"chainType":1,"messageKeys":{}}},"pendingPreKey":{"signedKeyId":0,"baseKey":"BQXQ6hhx8ufEfWU1Hid3tUEYBRiPRlu666m/JUCb3mYs","preKeyId":11546512}},"BZIiY6/ys9/LL5EgXS+SQx2O7XDROO/NjtlU4tRpPCMf":{"registrationId":817852248,"currentRatchet":{"ephemeralKeyPair":{"pubKey":"BWZKWLQRo/C8T3nQ3ewaNX++FvHbslI+0cB0ed/xX4Bl","privKey":"0DSQ/6/cgJCm0UyqOd/jVrH7eMXmttrPFVpQJ8qYqnk="},"lastRemoteEphemeralKey":"BVhtq6h+kMA8e8K9kdsPVOE8iaN3hACyEUOWBMOo8AMT","previousCounter":0,"rootKey":"TpFeUG/A8SQIWphWK/HQtkug7i93O++FvJN0uz44y0Q="},"indexInfo":{"baseKey":"BZIiY6/ys9/LL5EgXS+SQx2O7XDROO/NjtlU4tRpPCMf","baseKeyType":1,"closed":1696248886022,"used":1696248885904,"created":1696248885904,"remoteIdentityKey":"BacqTfVUpPilA2dUF9/EMAZJ+WHqLVBlZfMF0WJJHyRs"},"_chains":{"BWZKWLQRo/C8T3nQ3ewaNX++FvHbslI+0cB0ed/xX4Bl":{"chainKey":{"counter":-1,"key":"KSA+WmDShpgotglFSkYVpuzVCPG0o+ow3iKQqkRQ+18="},"chainType":1,"messageKeys":{}}},"pendingPreKey":{"signedKeyId":0,"baseKey":"BZIiY6/ys9/LL5EgXS+SQx2O7XDROO/NjtlU4tRpPCMf","preKeyId":11546539}},"BULlLhXgtnXFKxEKZW1cRqX8dW690qQSxQDyhD4PxNst":{"registrationId":817852248,"currentRatchet":{"ephemeralKeyPair":{"pubKey":"BZ4GgOuxFpPn4MQOa0y7K+mZzegTHa2GMKnT4s4jsZsw","privKey":"KCrIWra8zm7liaOcjgiRv6mJ3sNLkLA+8LYSV7tBZFg="},"lastRemoteEphemeralKey":"BVhtq6h+kMA8e8K9kdsPVOE8iaN3hACyEUOWBMOo8AMT","previousCounter":0,"rootKey":"RbU1jC/5VMB2borWwpJwuzGO/iM8UUB/znK19PZMY20="},"indexInfo":{"baseKey":"BULlLhXgtnXFKxEKZW1cRqX8dW690qQSxQDyhD4PxNst","baseKeyType":1,"closed":1696248886215,"used":1696248886019,"created":1696248886019,"remoteIdentityKey":"BacqTfVUpPilA2dUF9/EMAZJ+WHqLVBlZfMF0WJJHyRs"},"_chains":{"BZ4GgOuxFpPn4MQOa0y7K+mZzegTHa2GMKnT4s4jsZsw":{"chainKey":{"counter":-1,"key":"wemmoJmZ6Oe93mCx8pIeMjZf2NONM+RyXmUQTV18yag="},"chainType":1,"messageKeys":{}}},"pendingPreKey":{"signedKeyId":0,"baseKey":"BULlLhXgtnXFKxEKZW1cRqX8dW690qQSxQDyhD4PxNst","preKeyId":11546517}},"BcyED76aqTxCscibs5c6PRzbtPxI57rWGq58Riac/80g":{"registrationId":817852248,"currentRatchet":{"ephemeralKeyPair":{"pubKey":"BcDkSTo5epS95qchgZLNlimNOAQRSkLIkDYOT486hXFF","privKey":"6FreW+DxEcmHI+JcAFe5YykrTylcgjeGTDNZsZdf7Xs="},"lastRemoteEphemeralKey":"BVhtq6h+kMA8e8K9kdsPVOE8iaN3hACyEUOWBMOo8AMT","previousCounter":0,"rootKey":"U2Wwf6bdTKCwyX0VsGuf/+FDkZM26bx0wvdwAalr2g8="},"indexInfo":{"baseKey":"BcyED76aqTxCscibs5c6PRzbtPxI57rWGq58Riac/80g","baseKeyType":1,"closed":1696248886317,"used":1696248886212,"created":1696248886212,"remoteIdentityKey":"BacqTfVUpPilA2dUF9/EMAZJ+WHqLVBlZfMF0WJJHyRs"},"_chains":{"BcDkSTo5epS95qchgZLNlimNOAQRSkLIkDYOT486hXFF":{"chainKey":{"counter":-1,"key":"rIOJYFTO+wg7UUzh7Tb6elW5gXRvijgY+yXEnnXifEg="},"chainType":1,"messageKeys":{}}},"pendingPreKey":{"signedKeyId":0,"baseKey":"BcyED76aqTxCscibs5c6PRzbtPxI57rWGq58Riac/80g","preKeyId":11546514}},"Bf5/lVx5gz+AKVfnWKFP201xhFmphiin/zkdOL2nG2g2":{"registrationId":817852248,"currentRatchet":{"ephemeralKeyPair":{"pubKey":"BcJZZpKhLWf63TI72oNHg2yQ3tTGaQCKJ8iBLV4YRal1","privKey":"0DmA2cVgGIXJSD9aK1i3W5+KsTL8UscV0jD9NTh/ZGk="},"lastRemoteEphemeralKey":"BVhtq6h+kMA8e8K9kdsPVOE8iaN3hACyEUOWBMOo8AMT","previousCounter":0,"rootKey":"WHR+znNmQD2XRW2eYL4cFzRJRayMN2WEJB7euofnu0I="},"indexInfo":{"baseKey":"Bf5/lVx5gz+AKVfnWKFP201xhFmphiin/zkdOL2nG2g2","baseKeyType":1,"closed":1696248886441,"used":1696248886315,"created":1696248886315,"remoteIdentityKey":"BacqTfVUpPilA2dUF9/EMAZJ+WHqLVBlZfMF0WJJHyRs"},"_chains":{"BcJZZpKhLWf63TI72oNHg2yQ3tTGaQCKJ8iBLV4YRal1":{"chainKey":{"counter":-1,"key":"drMKm+kgfw9Olt/ODpV5IyswQ2NDdr0fc8MAed5tPs8="},"chainType":1,"messageKeys":{}}},"pendingPreKey":{"signedKeyId":0,"baseKey":"Bf5/lVx5gz+AKVfnWKFP201xhFmphiin/zkdOL2nG2g2","preKeyId":11546719}},"BQytunovi0vKhbgUR43Xu5sP/Q+zu8ADkYxyBI3vrWUR":{"registrationId":817852248,"currentRatchet":{"ephemeralKeyPair":{"pubKey":"BSIaENSHfX8q3g1Yl+X6h+qFG2U7+alKLCijKjg8XhtF","privKey":"oCQXUDv7aYBJCzfrTrnad5zTg6M+oszx1i0vOXpLdmI="},"lastRemoteEphemeralKey":"BVhtq6h+kMA8e8K9kdsPVOE8iaN3hACyEUOWBMOo8AMT","previousCounter":0,"rootKey":"QESEu/7rZK3XL9nreUnV8FRwOOM93RPHMzRoRTubNGQ="},"indexInfo":{"baseKey":"BQytunovi0vKhbgUR43Xu5sP/Q+zu8ADkYxyBI3vrWUR","baseKeyType":1,"closed":1696248886539,"used":1696248886438,"created":1696248886438,"remoteIdentityKey":"BacqTfVUpPilA2dUF9/EMAZJ+WHqLVBlZfMF0WJJHyRs"},"_chains":{"BSIaENSHfX8q3g1Yl+X6h+qFG2U7+alKLCijKjg8XhtF":{"chainKey":{"counter":-1,"key":"4w/6Vb9e0LyXGSoNQnGS/U/iKFSHU70+JxDkTXjd+BE="},"chainType":1,"messageKeys":{}}},"pendingPreKey":{"signedKeyId":0,"baseKey":"BQytunovi0vKhbgUR43Xu5sP/Q+zu8ADkYxyBI3vrWUR","preKeyId":11546484}},"BQ/foBOlHe+PGV2EJGapIz/4FurAmUkEPu4gIXUDBjlT":{"registrationId":817852248,"currentRatchet":{"ephemeralKeyPair":{"pubKey":"BRdA8pJWD3be1F22f1u/XiTb3xPL7BSpQ4SlEXppossw","privKey":"WDmVIpAjHQfxsVOJQeNiee2wPzxj+7HaxAB8iowF4V8="},"lastRemoteEphemeralKey":"BVhtq6h+kMA8e8K9kdsPVOE8iaN3hACyEUOWBMOo8AMT","previousCounter":0,"rootKey":"yMYYiFQZvaXRcTFKj8BHrfdPRofr7hK7Shcsfww75jA="},"indexInfo":{"baseKey":"BQ/foBOlHe+PGV2EJGapIz/4FurAmUkEPu4gIXUDBjlT","baseKeyType":1,"closed":1696248886651,"used":1696248886536,"created":1696248886536,"remoteIdentityKey":"BacqTfVUpPilA2dUF9/EMAZJ+WHqLVBlZfMF0WJJHyRs"},"_chains":{"BRdA8pJWD3be1F22f1u/XiTb3xPL7BSpQ4SlEXppossw":{"chainKey":{"counter":-1,"key":"NWrXyqyi3IOPrrfa4gbEqvGgQTvtWXy6KblAdFFOcqs="},"chainType":1,"messageKeys":{}}},"pendingPreKey":{"signedKeyId":0,"baseKey":"BQ/foBOlHe+PGV2EJGapIz/4FurAmUkEPu4gIXUDBjlT","preKeyId":11546656}},"BblrWzh12j10wAvoQOvfoBTLkzzLo1BIij2HeSRYPr9f":{"registrationId":817852248,"currentRatchet":{"ephemeralKeyPair":{"pubKey":"BQZ9AHFG8xdZ047dXuvV7HcGYEoYi8F0Fxrl0/7nvksq","privKey":"eCR6dOJXSKtTkbxRuAqEv5L4/NJSRj6tzZWklqy+8Wo="},"lastRemoteEphemeralKey":"BVhtq6h+kMA8e8K9kdsPVOE8iaN3hACyEUOWBMOo8AMT","previousCounter":0,"rootKey":"K+fzv9AS1PMrLoD8c7QIgIV5XkoJbL0WdmhnfbuSkE0="},"indexInfo":{"baseKey":"BblrWzh12j10wAvoQOvfoBTLkzzLo1BIij2HeSRYPr9f","baseKeyType":1,"closed":1696248886764,"used":1696248886648,"created":1696248886648,"remoteIdentityKey":"BacqTfVUpPilA2dUF9/EMAZJ+WHqLVBlZfMF0WJJHyRs"},"_chains":{"BQZ9AHFG8xdZ047dXuvV7HcGYEoYi8F0Fxrl0/7nvksq":{"chainKey":{"counter":-1,"key":"l5QKkkRPYiScpzUPD2K6RmJM4ehRFbbA/mIOHXDSDjU="},"chainType":1,"messageKeys":{}}},"pendingPreKey":{"signedKeyId":0,"baseKey":"BblrWzh12j10wAvoQOvfoBTLkzzLo1BIij2HeSRYPr9f","preKeyId":11546427}},"BSQJjAXln89ATvvGLsj4UFKXn262NbeBn19w+oL0R+wJ":{"registrationId":817852248,"currentRatchet":{"ephemeralKeyPair":{"pubKey":"BbxYLiK1F4opf/AW2WANKqPJb3dzA2wuzP5cgqOftkBp","privKey":"YFi60DvFIvHEcSyWLEzVb+ThZZqVSK7lbx7NFiiY03g="},"lastRemoteEphemeralKey":"BVhtq6h+kMA8e8K9kdsPVOE8iaN3hACyEUOWBMOo8AMT","previousCounter":0,"rootKey":"2VuFOcZOJVDbahpmU/CRVzwA6pAo9QPDaQFnT2LNCrY="},"indexInfo":{"baseKey":"BSQJjAXln89ATvvGLsj4UFKXn262NbeBn19w+oL0R+wJ","baseKeyType":1,"closed":1696248886867,"used":1696248886761,"created":1696248886761,"remoteIdentityKey":"BacqTfVUpPilA2dUF9/EMAZJ+WHqLVBlZfMF0WJJHyRs"},"_chains":{"BbxYLiK1F4opf/AW2WANKqPJb3dzA2wuzP5cgqOftkBp":{"chainKey":{"counter":-1,"key":"ye7JZgzWjNAQ8rXo9x8bWzksk3f4PhV25conNpOvoFA="},"chainType":1,"messageKeys":{}}},"pendingPreKey":{"signedKeyId":0,"baseKey":"BSQJjAXln89ATvvGLsj4UFKXn262NbeBn19w+oL0R+wJ","preKeyId":11546708}},"BcpoW4WvkfqdxKDi7hZflO6D08M2F7zbfxXordoA3fAV":{"registrationId":817852248,"currentRatchet":{"ephemeralKeyPair":{"pubKey":"BSA+Jqp3Q97mn88FPKOQF4yFbrJKZCYQ5IOwyaYkCXRC","privKey":"IEvJpv3BfF7ChNN0CqYS7DLj10fukTKPx1t5L9nT0Ug="},"lastRemoteEphemeralKey":"BVhtq6h+kMA8e8K9kdsPVOE8iaN3hACyEUOWBMOo8AMT","previousCounter":0,"rootKey":"Srwe7HiMHz/3AKdVTqOiCnjml0HwCy0qORdp8RV4WHQ="},"indexInfo":{"baseKey":"BcpoW4WvkfqdxKDi7hZflO6D08M2F7zbfxXordoA3fAV","baseKeyType":1,"closed":1696248886984,"used":1696248886864,"created":1696248886864,"remoteIdentityKey":"BacqTfVUpPilA2dUF9/EMAZJ+WHqLVBlZfMF0WJJHyRs"},"_chains":{"BSA+Jqp3Q97mn88FPKOQF4yFbrJKZCYQ5IOwyaYkCXRC":{"chainKey":{"counter":-1,"key":"83HnBFDWrBsKDqnr6JTdT+/7HWtvc0ZT8/ZYx2awPpQ="},"chainType":1,"messageKeys":{}}},"pendingPreKey":{"signedKeyId":0,"baseKey":"BcpoW4WvkfqdxKDi7hZflO6D08M2F7zbfxXordoA3fAV","preKeyId":11546769}},"BaG95BgX+d5hylq4mpo4862TES9wYO7RheEjirPexjNf":{"registrationId":817852248,"currentRatchet":{"ephemeralKeyPair":{"pubKey":"BRBon+V1I+U7IQ55/j722P7QIN5/5fvxveRfafbEVHAa","privKey":"iK7eHyMQ+lirsOj4anK5txvKODX9TtYpn7cdaORfU3M="},"lastRemoteEphemeralKey":"BVhtq6h+kMA8e8K9kdsPVOE8iaN3hACyEUOWBMOo8AMT","previousCounter":0,"rootKey":"Mpjwf5kmrW4gjSkplzTDrP+jgpl91OWVgk+9PYw80JA="},"indexInfo":{"baseKey":"BaG95BgX+d5hylq4mpo4862TES9wYO7RheEjirPexjNf","baseKeyType":1,"closed":1696248887082,"used":1696248886981,"created":1696248886981,"remoteIdentityKey":"BacqTfVUpPilA2dUF9/EMAZJ+WHqLVBlZfMF0WJJHyRs"},"_chains":{"BRBon+V1I+U7IQ55/j722P7QIN5/5fvxveRfafbEVHAa":{"chainKey":{"counter":-1,"key":"RJkLjbVtDp97i3uZIQZwKoenshldSZtN9WryNBnevWg="},"chainType":1,"messageKeys":{}}},"pendingPreKey":{"signedKeyId":0,"baseKey":"BaG95BgX+d5hylq4mpo4862TES9wYO7RheEjirPexjNf","preKeyId":11546621}},"BRsAKfT1clKJwS8Vlu4Hkm+NDVzWXdOnHb80QN2/I5o0":{"registrationId":817852248,"currentRatchet":{"ephemeralKeyPair":{"pubKey":"BX1IwkS9oxKbzLbG589Z/gHUcFLrxXBFXqv5JCP/mdZ+","privKey":"EHpMcieaX30krNfzaIyg7SIR33pASpWz/VM2vLk/ekc="},"lastRemoteEphemeralKey":"BVhtq6h+kMA8e8K9kdsPVOE8iaN3hACyEUOWBMOo8AMT","previousCounter":0,"rootKey":"ya064YuovPfIALMP1HSNnJNlMxiflfM74bdcPMcFILM="},"indexInfo":{"baseKey":"BRsAKfT1clKJwS8Vlu4Hkm+NDVzWXdOnHb80QN2/I5o0","baseKeyType":1,"closed":1696248887200,"used":1696248887079,"created":1696248887079,"remoteIdentityKey":"BacqTfVUpPilA2dUF9/EMAZJ+WHqLVBlZfMF0WJJHyRs"},"_chains":{"BX1IwkS9oxKbzLbG589Z/gHUcFLrxXBFXqv5JCP/mdZ+":{"chainKey":{"counter":-1,"key":"wiOs6ELujq2nEhhKwYdqucUNN+1nqaGo3kQjlLCbmJU="},"chainType":1,"messageKeys":{}}},"pendingPreKey":{"signedKeyId":0,"baseKey":"BRsAKfT1clKJwS8Vlu4Hkm+NDVzWXdOnHb80QN2/I5o0","preKeyId":11546251}},"BUbb3d4Dj8PxRwU6CaGmw3AEr0lSqJJ3I05kyYn0qTd9":{"registrationId":817852248,"currentRatchet":{"ephemeralKeyPair":{"pubKey":"BdkO6XLKVcl3m2GzSTRQd54PI9MCr/umSYuuMAWwpyA5","privKey":"YMM18iVss5bVXWFS7ODNlQ70u8vzXpGA4Poi2zDlMHY="},"lastRemoteEphemeralKey":"BVhtq6h+kMA8e8K9kdsPVOE8iaN3hACyEUOWBMOo8AMT","previousCounter":0,"rootKey":"de3HmkZ58DTSHHLZoq2hWgCKGXneZCG0v/ax4KanX8E="},"indexInfo":{"baseKey":"BUbb3d4Dj8PxRwU6CaGmw3AEr0lSqJJ3I05kyYn0qTd9","baseKeyType":1,"closed":1696248887315,"used":1696248887198,"created":1696248887198,"remoteIdentityKey":"BacqTfVUpPilA2dUF9/EMAZJ+WHqLVBlZfMF0WJJHyRs"},"_chains":{"BdkO6XLKVcl3m2GzSTRQd54PI9MCr/umSYuuMAWwpyA5":{"chainKey":{"counter":-1,"key":"watygKonjhLRwTXA9+eTpGu1HC0jS9/EQ3wG9FiM34U="},"chainType":1,"messageKeys":{}}},"pendingPreKey":{"signedKeyId":0,"baseKey":"BUbb3d4Dj8PxRwU6CaGmw3AEr0lSqJJ3I05kyYn0qTd9","preKeyId":11546439}},"BRJbkelPSaVcrloDWAdPQ4wG5Ze35tKqP2ne3i1p7I0x":{"registrationId":817852248,"currentRatchet":{"ephemeralKeyPair":{"pubKey":"BXQzzd8t7n+IasuP02axghBH7CVU44oG88dBiC0Bsc8z","privKey":"iLzMh8ql4klrmXl9sIdHA1sswfb53txQg/VsxtwZQlY="},"lastRemoteEphemeralKey":"BVg+yxX+PKUs4hGTWpQIeFlGt+QkkLB6bjkZhDdWMBpR","previousCounter":0,"rootKey":"uUrwXH1RiNaO6cWPOtJTAUPW4/mKBk4ZlrUJiwV6vmo="},"indexInfo":{"baseKey":"BRJbkelPSaVcrloDWAdPQ4wG5Ze35tKqP2ne3i1p7I0x","baseKeyType":1,"closed":-1,"used":1696272924031,"created":1696248887312,"remoteIdentityKey":"BacqTfVUpPilA2dUF9/EMAZJ+WHqLVBlZfMF0WJJHyRs"},"_chains":{"BR17tMo5kaFRF7sKNdRHm9zx3YOd/EGSnmFrx2w1754Y":{"chainKey":{"counter":0},"chainType":2,"messageKeys":{}},"BVg+yxX+PKUs4hGTWpQIeFlGt+QkkLB6bjkZhDdWMBpR":{"chainKey":{"counter":0,"key":"3DPfJycxjgSs2qogMuVrIfiL5X7GO0Q01yTkRBTktHQ="},"chainType":2,"messageKeys":{}},"BXQzzd8t7n+IasuP02axghBH7CVU44oG88dBiC0Bsc8z":{"chainKey":{"counter":-1,"key":"WlMH0FIZ4ASZ/umaan1X0nyFJOEATcbDXFPzzrokJB0="},"chainType":1,"messageKeys":{}}}}},"version":"v1"}