{"_sessions":{"Bf5I7/V2/vYnOKsTTuzjp43xwyIOJ2OyUn83YoLzKyJ3":{"registrationId":5610,"currentRatchet":{"ephemeralKeyPair":{"pubKey":"Bb3HJ/kfUUmCC3+DCwd6pCrYJwIjCRASFWrsvAplzsIX","privKey":"CPbdUQummDlSYGiWO9X+Thy4aIVk2GlrTdHN2VyQcmg="},"lastRemoteEphemeralKey":"Bf+aXfbu+RUFox9Y0sD/h01OLM19d3EYeRTEiicfLKIM","previousCounter":0,"rootKey":"TzmNGwEhbr6m37R2kaw6ZApSRkpkd8r9Uj7ospWeEWo="},"indexInfo":{"baseKey":"Bf5I7/V2/vYnOKsTTuzjp43xwyIOJ2OyUn83YoLzKyJ3","baseKeyType":1,"closed":-1,"used":1696327187794,"created":1696327187794,"remoteIdentityKey":"Ben1MLiGtax8/teH2sTJ7u8FnoZZuVNhU2WYocwKyWsm"},"_chains":{"Bb3HJ/kfUUmCC3+DCwd6pCrYJwIjCRASFWrsvAplzsIX":{"chainKey":{"counter":13,"key":"0MoQhdC/wfzv5MZFWfem0jkRNjie9nxHXsfMNyyD0/k="},"chainType":1,"messageKeys":{}}},"pendingPreKey":{"signedKeyId":1,"baseKey":"Bf5I7/V2/vYnOKsTTuzjp43xwyIOJ2OyUn83YoLzKyJ3","preKeyId":179}}},"version":"v1"}