{"_sessions":{"BRAGd1V7AIX3NM9sOyzwWMoVxBRrTUxooqIWvHnk+6dD":{"registrationId":1980382300,"currentRatchet":{"ephemeralKeyPair":{"pubKey":"BREGIuhUwWEug21tyniKXna8mxBF9v0WGqVIjDdMOytT","privKey":"CLnkp+aTxCX5QXqxID5jXeovGwI1Kt2mce/fFDUQwWg="},"lastRemoteEphemeralKey":"BaHkDFab5AAA4UynZ67pPiKjGYFm5KY1aBgibEEAMmxn","previousCounter":0,"rootKey":"1HblJTcac71mhQ0lRfg9H4jb22mXh76Ok9ssgklrsvk="},"indexInfo":{"baseKey":"BRAGd1V7AIX3NM9sOyzwWMoVxBRrTUxooqIWvHnk+6dD","baseKeyType":1,"closed":-1,"used":1696711389290,"created":1696711389290,"remoteIdentityKey":"BSW0DQoeP+12O1iP/XuOyi0ab6A5+i7PsZlSdYXv+xJY"},"_chains":{"BREGIuhUwWEug21tyniKXna8mxBF9v0WGqVIjDdMOytT":{"chainKey":{"counter":0,"key":"pU95/nXeOVHb16y1SnC7rCuUapJlZhs4itzjG8OvBDA="},"chainType":1,"messageKeys":{}}},"pendingPreKey":{"signedKeyId":0,"baseKey":"BRAGd1V7AIX3NM9sOyzwWMoVxBRrTUxooqIWvHnk+6dD","preKeyId":5454985}}},"version":"v1"}