{"_sessions":{"BVYAlALN7DCpG2+xcFOVJAYnM6zZ9XEDft34F5S8iYA1":{"registrationId":9657,"currentRatchet":{"ephemeralKeyPair":{"pubKey":"BSe8b4A3AiUE5Ct9Q1424t49ZLn3/VemlzGrequH1k1R","privKey":"cNB2RgFEr7ponX/fpYLoOkuXRX9zeo5z39H8L3BQlXs="},"lastRemoteEphemeralKey":"BTqhMH7KqQ8+3rEqt5vNaoVUx0dG2Sm8ZMPBSXtlMXp2","previousCounter":0,"rootKey":"m9csgraN4sEVuQx4Ws8OaglqzwHcepCkJGYazb28Lm0="},"indexInfo":{"baseKey":"BVYAlALN7DCpG2+xcFOVJAYnM6zZ9XEDft34F5S8iYA1","baseKeyType":1,"closed":-1,"used":1696515609112,"created":1696515609112,"remoteIdentityKey":"BQfC4xZ9lQutrNjbcIOe38OrZqDA9OnFSClu5yYobz5h"},"_chains":{"BSe8b4A3AiUE5Ct9Q1424t49ZLn3/VemlzGrequH1k1R":{"chainKey":{"counter":8,"key":"93SwOuFuBvRMbN2Z/lBFJvAKR1XdJx7qz4ocN+ySses="},"chainType":1,"messageKeys":{}}},"pendingPreKey":{"signedKeyId":1,"baseKey":"BVYAlALN7DCpG2+xcFOVJAYnM6zZ9XEDft34F5S8iYA1","preKeyId":200}}},"version":"v1"}