{"_sessions":{"BRD24OFVAnZDiqr9TJ0v5e4YAuxxljaK/+x+4zgZV1lA":{"registrationId":1465639492,"currentRatchet":{"ephemeralKeyPair":{"pubKey":"BSen7e0qHHYDNGKcD8loIPc2wjVh/UROfZ46BNgNOZAz","privKey":"aFuCm60GrvZqFktmJD1RHpEJZXrIZtN3fMUBaAf6qFM="},"lastRemoteEphemeralKey":"Bb9LuHNmA4cHCY0UeTFvy20JNr7tcqD4d5ZgSaZF1TYc","previousCounter":2,"rootKey":"iexCIOj9rVfPmFXTJ9SoKNSwjaizowjimL13pOXHcDc="},"indexInfo":{"baseKey":"BRD24OFVAnZDiqr9TJ0v5e4YAuxxljaK/+x+4zgZV1lA","baseKeyType":1,"closed":-1,"used":1696688697686,"created":1696221699371,"remoteIdentityKey":"BY/DMHC1aUogfmwrDEP7c0J0pPVFo689YeOI0klyi0V8"},"_chains":{"BRRdEhIVgD5EwNlnE18MszHtsMgI3RBKt/WezZVuLbxa":{"chainKey":{"counter":0},"chainType":2,"messageKeys":{}},"BWrDoE3CXR0aB195hzkqxkVeLO3xbxfacxPdaiHQd/Jb":{"chainKey":{"counter":0},"chainType":2,"messageKeys":{}},"BV0B7Fi4xxwgapfbVVEb+0Me4dJRwrISiDoEyctdJgow":{"chainKey":{"counter":3},"chainType":2,"messageKeys":{}},"BVUJNMSlOm6TbKXTD7WfreX6+dNQ5xRLIF1jXB8JWqQy":{"chainKey":{"counter":0},"chainType":2,"messageKeys":{}},"BR5cdTQb1w0uum54hNH3RjUQWhrKyU9T2XThOoiDG71v":{"chainKey":{"counter":0},"chainType":2,"messageKeys":{}},"BXsXQD1HCSKlccMrYAalvoRFth1gN+tx/l60XSFl9gBH":{"chainKey":{"counter":0},"chainType":2,"messageKeys":{}},"BQgU06a+EddRqrcQrOh5QB0L21zpcgkSn8GCzamj/hty":{"chainKey":{"counter":0},"chainType":2,"messageKeys":{}},"Bb9LuHNmA4cHCY0UeTFvy20JNr7tcqD4d5ZgSaZF1TYc":{"chainKey":{"counter":0,"key":"GWdpjsVRu4OZKf2eoINlHsOxJm3bQzS8Z6lQLvb6wko="},"chainType":2,"messageKeys":{}},"BSen7e0qHHYDNGKcD8loIPc2wjVh/UROfZ46BNgNOZAz":{"chainKey":{"counter":1,"key":"rJZYbh/h6j4UJlsJTUECd7hKan+br1O4ioHaIERh1dQ="},"chainType":1,"messageKeys":{}}}}},"version":"v1"}