{"_sessions":{"BQGXpUZHd6A1aRoDTA3p7O5hAgxaL+qHFtRgV3/HjBtq":{"registrationId":1426484352,"currentRatchet":{"ephemeralKeyPair":{"pubKey":"BbMP6aTFDUFUkkTOL3T+XyiXv7sZ9KACkuzCn2gch8cR","privKey":"QIj+0ZbZLmt1j8mUEmgF2KET/ms2Gs3dIZKUG5WJ934="},"lastRemoteEphemeralKey":"Ba9KNYEwqdZsPWB/CN+18ZMEtzhsKc8HQuAU83sggqZT","previousCounter":0,"rootKey":"TF7LpOxBjbFJuJSa+T/2+XYQkYu2kzXq5C8cMcOB7g8="},"indexInfo":{"baseKey":"BQGXpUZHd6A1aRoDTA3p7O5hAgxaL+qHFtRgV3/HjBtq","baseKeyType":1,"closed":-1,"used":1695853014888,"created":1695853014888,"remoteIdentityKey":"BbdN+PliIiAGyr/+cA6Sn/fMKwJmsShWbmCFWDiEMtwn"},"_chains":{"BbMP6aTFDUFUkkTOL3T+XyiXv7sZ9KACkuzCn2gch8cR":{"chainKey":{"counter":27,"key":"zVDxG0rEOiUzDEAr2YMERRKTuc/lJmhpitQwnkkWy6U="},"chainType":1,"messageKeys":{}}},"pendingPreKey":{"signedKeyId":2,"baseKey":"BQGXpUZHd6A1aRoDTA3p7O5hAgxaL+qHFtRgV3/HjBtq"}}},"version":"v1"}