{"_sessions":{"BTGat7oi/WYinw/MPDJbA0wNlkFeKfk5UzAj04vE1o10":{"registrationId":1011321419,"currentRatchet":{"ephemeralKeyPair":{"pubKey":"BWGswhkThW2QP0Ewk0j1bO0KmdxPMBF2bFMjPtgN5rZQ","privKey":"UHJ9WVrG+3z8oJpVGje/Th4BKlgWKIYAg75JqcMTXkE="},"lastRemoteEphemeralKey":"BbRQakD0Q5cFXwO6RC3976D4y+aZ+yrb8RyHm46IKUp1","previousCounter":1,"rootKey":"fBEWpchkxa8PNjf43KkuLgxkVQ1EyuNT8e1aIt/rI6Q="},"indexInfo":{"baseKey":"BTGat7oi/WYinw/MPDJbA0wNlkFeKfk5UzAj04vE1o10","baseKeyType":2,"closed":-1,"used":1696787733033,"created":1695852499446,"remoteIdentityKey":"BXkL4Oy8/OL/8hCiBRhBt9J3dKcHkcm2np95Gz+XiZkc"},"_chains":{"BVs2u+Mr6ecOSzeQuxe/Xg0+LR8APs/PcFB5AHkhEpgJ":{"chainKey":{"counter":0},"chainType":2,"messageKeys":{}},"BQdz5O1LddeP3G4KCp7Vetpq8zJEPnAf9q+IBZ5N1WNx":{"chainKey":{"counter":0},"chainType":2,"messageKeys":{}},"BQqeT97MLoitlv8jvgUAae/fY3SN8C6VhZ9cdp/b8KJN":{"chainKey":{"counter":2},"chainType":2,"messageKeys":{}},"BccpKSap5bqpC8yDo8pvbW7s6h1Or1OeY/WRSyv2FVBR":{"chainKey":{"counter":0},"chainType":2,"messageKeys":{}},"BeayXneo4/vezF/EqyhH9VcirTNArJ51kUfE2ARA60pv":{"chainKey":{"counter":1},"chainType":2,"messageKeys":{}},"BSq6oi3ZV89lZcP2m7XD2LnUweSH7iUxZaAdTthzSfYL":{"chainKey":{"counter":0},"chainType":2,"messageKeys":{}},"BfF5fA9KbWCslrvS++AuwC7zi7RaFCaNFEsg/sa3Mx8P":{"chainKey":{"counter":4},"chainType":2,"messageKeys":{}},"BSCcCYXbUgLw3qaU8GAb0SjmyTbHSLnlI2yJVJEG3KJU":{"chainKey":{"counter":0},"chainType":2,"messageKeys":{}},"Bbfh772GqkqjurSnF8qsfePIdOWqTcwk1oc0z8WR3TQC":{"chainKey":{"counter":9},"chainType":2,"messageKeys":{}},"BRlzNiaYq1NZS0RPrerlwQMQvmAscg2SnI8fuyY3I4dN":{"chainKey":{"counter":3},"chainType":2,"messageKeys":{}},"BcGEsSs/XTO/gODYgb5uepqGNalpgigO/0fUmOC+8sBd":{"chainKey":{"counter":1},"chainType":2,"messageKeys":{}},"BQJxRP6Ypu6re+bfxlUlP32FTETQr00uXv3VZRyzCmtP":{"chainKey":{"counter":0},"chainType":2,"messageKeys":{}},"BUgWdcpiLkjoxdgfN8DN4s97GSJt2rQKPch/wwB+z/EF":{"chainKey":{"counter":0},"chainType":2,"messageKeys":{}},"BXIzakGaMG7fqecfbErTQhKPoZO5OjAK4+zCwhtTmEN6":{"chainKey":{"counter":0},"chainType":2,"messageKeys":{}},"BZhqrySVN7MTG73MMEzLNdRGnb23tbFC8PomphNZF6Z8":{"chainKey":{"counter":1},"chainType":2,"messageKeys":{}},"BYczSXjlbPkRKT3q5WF05l2vddAUJmVFTTtFfa+4u6Bz":{"chainKey":{"counter":0},"chainType":2,"messageKeys":{}},"BY9GD0Fv6EXDZcVaa+vlozShj7oRWX91e6+jE9gtrUNw":{"chainKey":{"counter":0},"chainType":2,"messageKeys":{}},"BbRQakD0Q5cFXwO6RC3976D4y+aZ+yrb8RyHm46IKUp1":{"chainKey":{"counter":0,"key":"WBZL56si7/c9QQbQhl1KLqe1+JFzdR60QOV9mTDQAQE="},"chainType":2,"messageKeys":{}},"BWGswhkThW2QP0Ewk0j1bO0KmdxPMBF2bFMjPtgN5rZQ":{"chainKey":{"counter":-1,"key":"Fe1uApagJOMp3p6i8jFTe51Y+90OZoBrFKTovgEosTs="},"chainType":1,"messageKeys":{}}}}},"version":"v1"}