{"_sessions":{"Bfx7IJq37P0ej+h62vEFx6CKhA8W5V74+F9MSZJqF4tf":{"registrationId":1925374864,"currentRatchet":{"ephemeralKeyPair":{"pubKey":"BUK3RIEdXNKt/RoFuQCCumjG6pZCvZx1DVq+/Y/0Q51C","privKey":"iHFdFddQrFAUywQKAnfBjI04wdNvKgSqg/ehy2n3dVQ="},"lastRemoteEphemeralKey":"BbtbdJ8WCMbJ+tglFfv+buCOv66H7F9NX0UAyTHj1xJQ","previousCounter":1,"rootKey":"SuiN6a2gyBWVjP5NONcArICLx4gNutwWn2lZV3xRt6s="},"indexInfo":{"baseKey":"Bfx7IJq37P0ej+h62vEFx6CKhA8W5V74+F9MSZJqF4tf","baseKeyType":2,"closed":-1,"used":1696688700611,"created":1695852501480,"remoteIdentityKey":"BbGkLjbNqnSaNYTjFmR1bj9xv3fpyj5N2WCIBSglAoYN"},"_chains":{"BRslVQwWE3Ebo2bZvSAQU86HuFF7uQ+OenOVMaJT/gEN":{"chainKey":{"counter":0},"chainType":2,"messageKeys":{}},"BRQCo6AdwlkBcrqDv/z9FwN2TGU/3f9/C21doN1GWitm":{"chainKey":{"counter":0},"chainType":2,"messageKeys":{}},"BRzs75J6zBir3xWNgTZuHjtSjQShhRDmJKntpBb2n/wz":{"chainKey":{"counter":1},"chainType":2,"messageKeys":{}},"BcX0GtgTsWaZ06nb0XqFlq0M9i75YV1WMu/DHyQHbIdX":{"chainKey":{"counter":0},"chainType":2,"messageKeys":{}},"BTVc2+75NZ9VxP7aOvBycVHjmaIBSFMXng4inFPrL61n":{"chainKey":{"counter":0},"chainType":2,"messageKeys":{}},"BZ/L2Kq30ZV0aW6njoOkk2DNLGf8ToKZmT5VTuzlCntz":{"chainKey":{"counter":0},"chainType":2,"messageKeys":{}},"BdvtBHPBGsSI9NR4w1wYixKNoBbgpimmK7pUDR4dT+sQ":{"chainKey":{"counter":0},"chainType":2,"messageKeys":{}},"BarNoYL8xDrWDyQSwmjUpyqkbV1pjxCqc2lNeRwlhD9i":{"chainKey":{"counter":2},"chainType":2,"messageKeys":{}},"BYylXV8DsjxYWfBPLVV/jVI0xyUE0mNvJglMbJVwuY4u":{"chainKey":{"counter":0},"chainType":2,"messageKeys":{}},"BdZ78Kbicn8qxyUbK+dljVnFX7HM8S8zOpBTw3+vkZIn":{"chainKey":{"counter":0},"chainType":2,"messageKeys":{}},"BV+8rEZeA5WQlDuwmLdP7HUD+pCp3VqW6n2vdBft5Hxj":{"chainKey":{"counter":0},"chainType":2,"messageKeys":{}},"BbtbdJ8WCMbJ+tglFfv+buCOv66H7F9NX0UAyTHj1xJQ":{"chainKey":{"counter":0,"key":"GoFC6oM4APi91wbtisL81kdCkIc0Wh3+EFb+o3jUQcg="},"chainType":2,"messageKeys":{}},"BUK3RIEdXNKt/RoFuQCCumjG6pZCvZx1DVq+/Y/0Q51C":{"chainKey":{"counter":1,"key":"Xe09//5ywZ9RaXNobyzw5nKjxyHW273t2zEx45So8ns="},"chainType":1,"messageKeys":{}}}}},"version":"v1"}