{"_sessions":{"BTy8pplSj1rzJe8BSx7yHfv/JJ+zmEN58Hpf1nu1m7wm":{"registrationId":776670311,"currentRatchet":{"ephemeralKeyPair":{"pubKey":"BRNBtvJevChUjIMA7QADcN6DVl8mPodYd7Z3PGtcSYxK","privKey":"YN6QeX++XjkKxPjicSJzPSbE+lhchSQ78lCwvfViJmk="},"lastRemoteEphemeralKey":"BfqjmExdKFNIZfCi08dd/0Xy7EnzsAeOdcBsL1f5CUBI","previousCounter":2,"rootKey":"qHrAvbnKONUT5wesTegJ2KpzjTZtIqPKhV9Bdta/OzI="},"indexInfo":{"baseKey":"BTy8pplSj1rzJe8BSx7yHfv/JJ+zmEN58Hpf1nu1m7wm","baseKeyType":2,"closed":-1,"used":1696688696899,"created":1695852513357,"remoteIdentityKey":"BZN09s5sYXd8Tr20+XJakYRh35/jGc30kZ1x9Sh2yoVL"},"_chains":{"BdO+20wmgKFu0po47RXqO+j1kXhcHfU9dAd6r+NkRAlZ":{"chainKey":{"counter":0},"chainType":2,"messageKeys":{}},"BRaUv8IFTFEPxrz2dKriweXRyOcylv/CJhOe6/IU6+Bm":{"chainKey":{"counter":0},"chainType":2,"messageKeys":{}},"BfO5AzmfV9w0FaaX8EeMVax9OyPvONym6dyms0NN82kv":{"chainKey":{"counter":1},"chainType":2,"messageKeys":{}},"BdTISEnYNdPUKzIS+fDT/9XNYyyWedttMOJqLB4cuJsN":{"chainKey":{"counter":0},"chainType":2,"messageKeys":{}},"BZVN4DrHRVPIQl2oh+nRq7I6KrIsmf41LVQ25vXeoBs0":{"chainKey":{"counter":0},"chainType":2,"messageKeys":{}},"BVBvSNI8qy/KOfWfLrNlyeiZpbyb9SKDEMyekS/xggEX":{"chainKey":{"counter":2},"chainType":2,"messageKeys":{}},"BbpB0NTGDlXu29go6bzL1hvAEBO115MEgYwbhVPUNxYs":{"chainKey":{"counter":0},"chainType":2,"messageKeys":{}},"BalMfAAwBKpRb5j3qtWjGfcgtZ5KXUDBGyUIr5SaFS8U":{"chainKey":{"counter":2},"chainType":2,"messageKeys":{"0":"f/5zVaY0OnmMNF15F+C/daeo2xftCNxG655StK6EHp4=","1":"KRC+trhSOVRr2DaJN+2cItbOqi53zSmGmHfjeo1Hdvo="}},"BZCsBzFg+vDfpf0k3PIlAb1F38Wl/Zm49bfX4mHjvewv":{"chainKey":{"counter":0},"chainType":2,"messageKeys":{}},"BUCl/cbsiH3kdIoGj9C2+ZfaJtMQ6bBU0xM30HTwdOsB":{"chainKey":{"counter":0},"chainType":2,"messageKeys":{}},"BfqjmExdKFNIZfCi08dd/0Xy7EnzsAeOdcBsL1f5CUBI":{"chainKey":{"counter":0,"key":"nWjLIQ9zvqP3GpGqJHjqgvNKgUY9V0DR1zdg1mtUPCk="},"chainType":2,"messageKeys":{}},"BRNBtvJevChUjIMA7QADcN6DVl8mPodYd7Z3PGtcSYxK":{"chainKey":{"counter":1,"key":"pQXmrT2IK8B57A/7e8oT0WDfZuiS69fWfICpUpSQbrw="},"chainType":1,"messageKeys":{}}}}},"version":"v1"}