{"_sessions":{"BQdL+jY0MqAKWmK+DmKWUmgg82Y+mEs1IKz2mYc/QhYy":{"registrationId":1536,"currentRatchet":{"ephemeralKeyPair":{"pubKey":"Bc1v9/rEKkCt8egKIgL+lqoji2TYaYAOVcfdzBFB6c1E","privKey":"eCS6Y8MdTIpJeufCuoBst9TehLcy1TF2gquQ0KGWhXs="},"lastRemoteEphemeralKey":"BW6jQCQna9OMGuhiX4x5lqBXCKHpI8Pi4sXSmC+UdWEv","previousCounter":0,"rootKey":"ALXbUmkkhnMgF5LfYKwvqIBIeGLLCbrhVGQopJFpq7Q="},"indexInfo":{"baseKey":"BQdL+jY0MqAKWmK+DmKWUmgg82Y+mEs1IKz2mYc/QhYy","baseKeyType":1,"closed":-1,"used":1695853014773,"created":1695853014773,"remoteIdentityKey":"BY/Nuq+bxesUtPy9f7fHjZdlotp6I/9cXIJNUBLXWnlC"},"_chains":{"Bc1v9/rEKkCt8egKIgL+lqoji2TYaYAOVcfdzBFB6c1E":{"chainKey":{"counter":1,"key":"0sgLSXx1bPTEpVQRnOKGKuNnIVgULL0OjAXYEX3X+dI="},"chainType":1,"messageKeys":{}}},"pendingPreKey":{"signedKeyId":1,"baseKey":"BQdL+jY0MqAKWmK+DmKWUmgg82Y+mEs1IKz2mYc/QhYy"}}},"version":"v1"}