{"_sessions":{"BZDH5ufyWqNA6gYxVtlXgEFmAOC10fIuWJBvkaVaSJtP":{"registrationId":205858576,"currentRatchet":{"ephemeralKeyPair":{"pubKey":"BaOJWOp7fP2r1JEzqaELXNLyvhrwAQGRFWWJ6MR8tRVV","privKey":"4FZorXVKiXr6wQ1NPtiRWV3U/ZLyNAvpZ9yvgQr4C18="},"lastRemoteEphemeralKey":"BfxupLg4AHYuCRZ88yAv3HDBnSRs65rPJSD/4GmDtecW","previousCounter":0,"rootKey":"yfvB69I/SuqsLIDA0YDjzkiBc8EbmuXcdIP/51eF2XI="},"indexInfo":{"baseKey":"BZDH5ufyWqNA6gYxVtlXgEFmAOC10fIuWJBvkaVaSJtP","baseKeyType":1,"closed":-1,"used":1695853015015,"created":1695853015015,"remoteIdentityKey":"BZDEufT7goJxBvkQLhav1HUf9fIqoGHmXgjU4sExcm8R"},"_chains":{"BaOJWOp7fP2r1JEzqaELXNLyvhrwAQGRFWWJ6MR8tRVV":{"chainKey":{"counter":27,"key":"DiOSQW+R4XeYJnfKINjDeaCJ1kQ46Ah6sxOgfrQlAYc="},"chainType":1,"messageKeys":{}}},"pendingPreKey":{"signedKeyId":0,"baseKey":"BZDH5ufyWqNA6gYxVtlXgEFmAOC10fIuWJBvkaVaSJtP"}}},"version":"v1"}