{"_sessions":{"BVjz3zZ3C0lM8NfH7rdkBQC0pwrpr7ll2Y9mZV8Ijg8f":{"registrationId":13376,"currentRatchet":{"ephemeralKeyPair":{"pubKey":"BbVbuAjBVzGNb7o+F/ohnhARtd3nzubR9Lo2hhQJfdZ0","privKey":"EGIqm6PEIC04j1+ptqxUrXA0Ejfnsknyc3q8DpxV8HA="},"lastRemoteEphemeralKey":"BTEVcUFG7XU5TSz0CEWMejmiQZjpOZomH2+6V3S6APNd","previousCounter":0,"rootKey":"0j+w96TnNv57MlxuU0FO5oKo4XkrPcFsN5Qq0saqwn0="},"indexInfo":{"baseKey":"BVjz3zZ3C0lM8NfH7rdkBQC0pwrpr7ll2Y9mZV8Ijg8f","baseKeyType":1,"closed":-1,"used":1696266315572,"created":1696266315572,"remoteIdentityKey":"BZPJMWaBU238fODofz2bVMbj63ZYKhGlWqTIrrCQY7Re"},"_chains":{"BbVbuAjBVzGNb7o+F/ohnhARtd3nzubR9Lo2hhQJfdZ0":{"chainKey":{"counter":13,"key":"yHZhgOtjBGFHqBkLvnYnWK4sY65vGrayCkUUvkjl8QE="},"chainType":1,"messageKeys":{}}},"pendingPreKey":{"signedKeyId":1,"baseKey":"BVjz3zZ3C0lM8NfH7rdkBQC0pwrpr7ll2Y9mZV8Ijg8f","preKeyId":61}}},"version":"v1"}