{"_sessions":{"BZCv7WNDycuZxXs3Kb+pi7PAhTb57NxuQmYXEtN1ia9Y":{"registrationId":1013057391,"currentRatchet":{"ephemeralKeyPair":{"pubKey":"BSpKHYwhUtnIXf3eLP47b8++AHjlLWxH2nB+RtDvBHgG","privKey":"UEe9DmDFjHHPadJAw95JpcTaD2Xox1CgtGBdoCzaqUs="},"lastRemoteEphemeralKey":"BQs4zaYy/DQhFeYXaJE6itTo2sc1s7be5qHxafhr0K54","previousCounter":0,"rootKey":"0r0VHIWsNbf3mlM94l4lz6iVQhczOlrk6R3atfb+41s="},"indexInfo":{"baseKey":"BZCv7WNDycuZxXs3Kb+pi7PAhTb57NxuQmYXEtN1ia9Y","baseKeyType":1,"closed":-1,"used":1695853014935,"created":1695853014935,"remoteIdentityKey":"BTPSVS9KdyTcVqRpDBKxPSP4RhpiDwupZCKlR5B4bGhK"},"_chains":{"BSpKHYwhUtnIXf3eLP47b8++AHjlLWxH2nB+RtDvBHgG":{"chainKey":{"counter":27,"key":"5oXuTISDXb0qiIp3eRsF9LTMRO1iHaMKQ4MeEDDwYY8="},"chainType":1,"messageKeys":{}}},"pendingPreKey":{"signedKeyId":1,"baseKey":"BZCv7WNDycuZxXs3Kb+pi7PAhTb57NxuQmYXEtN1ia9Y"}}},"version":"v1"}