{"_sessions":{"BZ8TJm3RzMgXnpTi8EvuC5JzPtbaA2fl6Mx3tC7wyegk":{"registrationId":383115283,"currentRatchet":{"ephemeralKeyPair":{"pubKey":"BbAx6Oh0I8ycmvKzXXEOfd3a0nxmO6KljKBIlKKyOftx","privKey":"iN/smh2vnSkjkBw7/3ueDVNWX+KSflapfjVhgBcq02E="},"lastRemoteEphemeralKey":"BShBUfAuyRKrlu89aIhPEMF2TUzKJOjc4Yc+ZDFhmBFC","previousCounter":2,"rootKey":"3jpcHf8svDnP4Ku0MHvupXkH8l7GgbJ7Owh1jBLBgR4="},"indexInfo":{"baseKey":"BZ8TJm3RzMgXnpTi8EvuC5JzPtbaA2fl6Mx3tC7wyegk","baseKeyType":1,"closed":-1,"used":1696688697388,"created":1695853014992,"remoteIdentityKey":"BfzEX2D2r3KNv8JPaGhxx5a9jzf3tF2bYWLS0ybkwjVD"},"_chains":{"BfmK1V9P0Bqfpkbg9XYko8NURPgvJiplELXOwY3o11hY":{"chainKey":{"counter":1},"chainType":2,"messageKeys":{}},"BSkiJT/t9QDZWlfM0pOARMwvIiTOcM+9xiAFR7PGGXtr":{"chainKey":{"counter":0},"chainType":2,"messageKeys":{}},"BdohHOj1aWwYUsBrRkKQisSnH1FKfFhkelCEp6HXFUcO":{"chainKey":{"counter":0},"chainType":2,"messageKeys":{}},"BaCRk95eZ0Srt6H7acBPyDZoYpdFu07DTdZEOD9R+Wxd":{"chainKey":{"counter":3},"chainType":2,"messageKeys":{"0":"G3MOr0zYvSVz3zWzRxVw29rLjwIIwAIPXniE7AgvhuA="}},"BVBUs0VM2vBB2CaKEpwE4oWIanGkPOhtkgx9NorxSp5s":{"chainKey":{"counter":0},"chainType":2,"messageKeys":{}},"BWpjeTzvGEM4FvEpdE8sszm46jiePm533HkBBySLou1x":{"chainKey":{"counter":0},"chainType":2,"messageKeys":{}},"Bfp0k13XAFSJn7e1n/MJRG/NgTfm2AnYxjuRsgn61XIx":{"chainKey":{"counter":0},"chainType":2,"messageKeys":{}},"BQvP3rK6zhbWcZKKQljsKpWR1o94Q12dVcbVopeHHPcG":{"chainKey":{"counter":0},"chainType":2,"messageKeys":{}},"BShBUfAuyRKrlu89aIhPEMF2TUzKJOjc4Yc+ZDFhmBFC":{"chainKey":{"counter":0,"key":"QqlomW9auBjJ82h/cDBxW4yDKWG9ac8f3g92O09UtqU="},"chainType":2,"messageKeys":{}},"BbAx6Oh0I8ycmvKzXXEOfd3a0nxmO6KljKBIlKKyOftx":{"chainKey":{"counter":1,"key":"KlV3P86B76cIxziisvnx3oz/3DIaQ+CGr+mupblveH4="},"chainType":1,"messageKeys":{}}}}},"version":"v1"}