{"_sessions":{"Bfa56tef/HLkazqiJRw+uX2nyAmlvxpH7dgIb4mp8UsE":{"registrationId":10029,"currentRatchet":{"ephemeralKeyPair":{"pubKey":"BZ1cXTHwseO46hsLxbWSWg2m33r1BLEjHIP2A5+tq6Y1","privKey":"gBBF67qbOSmmpvRJ7kxZm78O2ATkAS9yTKlQ0XqJM30="},"lastRemoteEphemeralKey":"BewLDlirH/UmdX8KdV4p1gClkgDdEoVRBpCmtTQ/qVB/","previousCounter":0,"rootKey":"nOfAphL7nlJpZb5UsQ1nXs1S5OMfafs/oAG7m97iWhM="},"indexInfo":{"baseKey":"Bfa56tef/HLkazqiJRw+uX2nyAmlvxpH7dgIb4mp8UsE","baseKeyType":1,"closed":-1,"used":1696251387313,"created":1696251387313,"remoteIdentityKey":"BUIsXTUHF/RroDqAiA1fUziTFImygTSF7G++yiHZ9pgE"},"_chains":{"BZ1cXTHwseO46hsLxbWSWg2m33r1BLEjHIP2A5+tq6Y1":{"chainKey":{"counter":6,"key":"1VCd92V6+CyatsWMiCNjMvRcvif/jjY+rE+iEJXBCZM="},"chainType":1,"messageKeys":{}}},"pendingPreKey":{"signedKeyId":1,"baseKey":"Bfa56tef/HLkazqiJRw+uX2nyAmlvxpH7dgIb4mp8UsE","preKeyId":38}}},"version":"v1"}