{"_sessions":{"BWocb/m5gSqp1iqToqEaOnt54WkF4+Qvm4dhHYPjbgYC":{"registrationId":1267749155,"currentRatchet":{"ephemeralKeyPair":{"pubKey":"BTnqyUNT8czPEWs6uv3wM8YmcqEQhJko7sDmL7Y2PwA9","privKey":"uL4qx73k5r6z5LLSnaSqeI6dutoCZMQPjj5fUMjEl2I="},"lastRemoteEphemeralKey":"BUkB49l1ii3oCAjL3GQ/edjqV88uPnlTs5gci7I5TZoR","previousCounter":0,"rootKey":"CSaCo0lZnfiq6hUa81wohu/uNM2Am85psjPn8lmbfk0="},"indexInfo":{"baseKey":"BWocb/m5gSqp1iqToqEaOnt54WkF4+Qvm4dhHYPjbgYC","baseKeyType":1,"closed":1695988907776,"used":1695853014862,"created":1695853014862,"remoteIdentityKey":"BQsYm4fZiomEgz6RlZKNzVdtXJvzFxiolyyNKh/hv0Qb"},"_chains":{"BTnqyUNT8czPEWs6uv3wM8YmcqEQhJko7sDmL7Y2PwA9":{"chainKey":{"counter":7,"key":"kpla4qchYSI28xmRttFXZk56Mfs8QOaJghT2Fu1ZGUc="},"chainType":1,"messageKeys":{}}},"pendingPreKey":{"signedKeyId":7,"baseKey":"BWocb/m5gSqp1iqToqEaOnt54WkF4+Qvm4dhHYPjbgYC","preKeyId":8423615}},"Baw5X/Vr8cVOxGcy4Ib5eR87uSbYdzKqjMsGXzgczIMW":{"registrationId":1267749155,"currentRatchet":{"ephemeralKeyPair":{"pubKey":"BZcCDPH39ag9jrag7+VRTsadhZScXAYLssMtRTZUKNEV","privKey":"iMcM4DX1eG5qR7FqiDYPT2y+liXgAFc7e7b+JYgtrU0="},"lastRemoteEphemeralKey":"BUkB49l1ii3oCAjL3GQ/edjqV88uPnlTs5gci7I5TZoR","previousCounter":0,"rootKey":"kkBqY9dDgcowmiQwpuZWBrvbYdKmLmTIkuoT02lWgdI="},"indexInfo":{"baseKey":"Baw5X/Vr8cVOxGcy4Ib5eR87uSbYdzKqjMsGXzgczIMW","baseKeyType":1,"closed":1695988909052,"used":1695988907772,"created":1695988907772,"remoteIdentityKey":"BQsYm4fZiomEgz6RlZKNzVdtXJvzFxiolyyNKh/hv0Qb"},"_chains":{"BZcCDPH39ag9jrag7+VRTsadhZScXAYLssMtRTZUKNEV":{"chainKey":{"counter":-1,"key":"C7XTOYNptNwcYGqvX+0JOYP+qLh/FfEH9JvGJQDS268="},"chainType":1,"messageKeys":{}}},"pendingPreKey":{"signedKeyId":7,"baseKey":"Baw5X/Vr8cVOxGcy4Ib5eR87uSbYdzKqjMsGXzgczIMW","preKeyId":8424227}},"BetD9lDIUmEr9MIbeAR7EL0kt3R0MTaSUE4k+u032R1k":{"registrationId":1267749155,"currentRatchet":{"ephemeralKeyPair":{"pubKey":"BZlvQRZ6mCbTec3roHMYAG1XTW6zVZ5hrngoXL/GUK09","privKey":"GNDGQ+jgzNzEtVBMLv90dHL4M99lBLM0/uumsp6uu2c="},"lastRemoteEphemeralKey":"BUkB49l1ii3oCAjL3GQ/edjqV88uPnlTs5gci7I5TZoR","previousCounter":0,"rootKey":"fWr7wVY7zGOJUYee+p5xjg78wLnTcRcD/9C+jnZEOl8="},"indexInfo":{"baseKey":"BetD9lDIUmEr9MIbeAR7EL0kt3R0MTaSUE4k+u032R1k","baseKeyType":1,"closed":1695988918010,"used":1695988909049,"created":1695988909049,"remoteIdentityKey":"BQsYm4fZiomEgz6RlZKNzVdtXJvzFxiolyyNKh/hv0Qb"},"_chains":{"BZlvQRZ6mCbTec3roHMYAG1XTW6zVZ5hrngoXL/GUK09":{"chainKey":{"counter":-1,"key":"DnsySksuVDYZPCXewIMA/U6JNbcbDKcGZGmC0c8Xlzc="},"chainType":1,"messageKeys":{}}},"pendingPreKey":{"signedKeyId":7,"baseKey":"BetD9lDIUmEr9MIbeAR7EL0kt3R0MTaSUE4k+u032R1k","preKeyId":8424125}},"BVloshw/aLN9OaGW6uPQYhByosRnAm0kwzTrBZ/DQUtJ":{"registrationId":1267749155,"currentRatchet":{"ephemeralKeyPair":{"pubKey":"Be0KUs/CIdQyzcTlhAgLFVKHoDR2U/gkQuFLuuRG06EW","privKey":"oHJkzmHQhu/LHRx2eVtmHrAPe8dt6QcBXWzE8ekz/Ek="},"lastRemoteEphemeralKey":"BUkB49l1ii3oCAjL3GQ/edjqV88uPnlTs5gci7I5TZoR","previousCounter":0,"rootKey":"1QMHKqYInVSmQruHfHrpRvRV3vx4hTpjB7nqA+dgyZE="},"indexInfo":{"baseKey":"BVloshw/aLN9OaGW6uPQYhByosRnAm0kwzTrBZ/DQUtJ","baseKeyType":1,"closed":1695988930666,"used":1695988918007,"created":1695988918007,"remoteIdentityKey":"BQsYm4fZiomEgz6RlZKNzVdtXJvzFxiolyyNKh/hv0Qb"},"_chains":{"Be0KUs/CIdQyzcTlhAgLFVKHoDR2U/gkQuFLuuRG06EW":{"chainKey":{"counter":-1,"key":"5+b3TH59J/AegcLXrJ1uK/pZx/yABV2d6xZB82WrbFw="},"chainType":1,"messageKeys":{}}},"pendingPreKey":{"signedKeyId":7,"baseKey":"BVloshw/aLN9OaGW6uPQYhByosRnAm0kwzTrBZ/DQUtJ","preKeyId":8423693}},"BTF2g9xf0VMF9Ytjt5Hz7mIYEcIMqPtU1YC8N44I43Mx":{"registrationId":1267749155,"currentRatchet":{"ephemeralKeyPair":{"pubKey":"BS+CnaACtHraFuJoYonUP8W/vdB4Awi6AZJbb74vBh47","privKey":"CPm5rSHqjlnoCWNzTI+R/QhAe/Z/jMf0pQ0KnE3GrnM="},"lastRemoteEphemeralKey":"BUkB49l1ii3oCAjL3GQ/edjqV88uPnlTs5gci7I5TZoR","previousCounter":0,"rootKey":"WKfc1+YW98lWGds3Ms7JqM2Sjd+mml4e+RuW8q+3ZmM="},"indexInfo":{"baseKey":"BTF2g9xf0VMF9Ytjt5Hz7mIYEcIMqPtU1YC8N44I43Mx","baseKeyType":1,"closed":1695989077206,"used":1695988930664,"created":1695988930664,"remoteIdentityKey":"BQsYm4fZiomEgz6RlZKNzVdtXJvzFxiolyyNKh/hv0Qb"},"_chains":{"BS+CnaACtHraFuJoYonUP8W/vdB4Awi6AZJbb74vBh47":{"chainKey":{"counter":-1,"key":"CbYqzOOAOqDGNw5JIZszbx9Qm66ranYzovxW0Js/k2w="},"chainType":1,"messageKeys":{}}},"pendingPreKey":{"signedKeyId":7,"baseKey":"BTF2g9xf0VMF9Ytjt5Hz7mIYEcIMqPtU1YC8N44I43Mx","preKeyId":8423517}},"BYKNKd7osdWRSzCS5qAPnrvfySguLTS+Fw5P0CvEmj5o":{"registrationId":1267749155,"currentRatchet":{"ephemeralKeyPair":{"pubKey":"BWxhbEqY/NmCdnd5+AIEW8xh1A4uUE/p2mR8AXTZgnRo","privKey":"yNgEBOKWoJsgyx7pcVbzwBqX97t3HSeM29j0MLE7p0A="},"lastRemoteEphemeralKey":"BUkB49l1ii3oCAjL3GQ/edjqV88uPnlTs5gci7I5TZoR","previousCounter":0,"rootKey":"meb6aBtwn5oA/NvyNTsbrTYf2DvIV4KQ3u2AAkRDMH4="},"indexInfo":{"baseKey":"BYKNKd7osdWRSzCS5qAPnrvfySguLTS+Fw5P0CvEmj5o","baseKeyType":1,"closed":1695989092942,"used":1695989077203,"created":1695989077203,"remoteIdentityKey":"BQsYm4fZiomEgz6RlZKNzVdtXJvzFxiolyyNKh/hv0Qb"},"_chains":{"BWxhbEqY/NmCdnd5+AIEW8xh1A4uUE/p2mR8AXTZgnRo":{"chainKey":{"counter":-1,"key":"1rebM9jcaQMaWu8MG7gKoX4SZMbCp3JO16qaDchinlQ="},"chainType":1,"messageKeys":{}}},"pendingPreKey":{"signedKeyId":7,"baseKey":"BYKNKd7osdWRSzCS5qAPnrvfySguLTS+Fw5P0CvEmj5o","preKeyId":8423681}},"BZEMCNqnx59YPA+gpsGSPsswg7ojs1vSAgwf238LF/14":{"registrationId":1267749155,"currentRatchet":{"ephemeralKeyPair":{"pubKey":"Bf/oqbmrbVIwz7W0S6sU/0nLSmNvMAkH/xM/tQYxOy8g","privKey":"oEeQ7qcAn/M3Gn3dqwzQqZTtuu9OEe4jf1HuV/mtz1Y="},"lastRemoteEphemeralKey":"BUkB49l1ii3oCAjL3GQ/edjqV88uPnlTs5gci7I5TZoR","previousCounter":0,"rootKey":"jZMkKyh1ETmaTm2oNIn3pYQLE1ByPBDISkPBYYrf7Yw="},"indexInfo":{"baseKey":"BZEMCNqnx59YPA+gpsGSPsswg7ojs1vSAgwf238LF/14","baseKeyType":1,"closed":1695989107447,"used":1695989092939,"created":1695989092939,"remoteIdentityKey":"BQsYm4fZiomEgz6RlZKNzVdtXJvzFxiolyyNKh/hv0Qb"},"_chains":{"Bf/oqbmrbVIwz7W0S6sU/0nLSmNvMAkH/xM/tQYxOy8g":{"chainKey":{"counter":-1,"key":"lEx+F+OdJ1YVmZjWJpRfw0GfxgzDlIQ4kmXz5ndsKsY="},"chainType":1,"messageKeys":{}}},"pendingPreKey":{"signedKeyId":7,"baseKey":"BZEMCNqnx59YPA+gpsGSPsswg7ojs1vSAgwf238LF/14","preKeyId":8423677}},"BUkkyByU4+ucGU00EsNUsmfJfMuf9NMd6wXfVW2kEI5V":{"registrationId":1267749155,"currentRatchet":{"ephemeralKeyPair":{"pubKey":"BQjn9sZmiQPt/vBNjpwc06Qp2X6NKjMiBUwmN92sgfI6","privKey":"2BFHGQJUJi2OtH7KaeexztYyYgBmUTOd7QDP4ZVGtk8="},"lastRemoteEphemeralKey":"BSjfOfszgxj6GVXpiMSWtOorbG3Y762fn3La3rmOigZo","previousCounter":0,"rootKey":"n9x3/HcKtt3wGZ4TLcby6LM3Eda3ie3vrT17GdXHLf4="},"indexInfo":{"baseKey":"BUkkyByU4+ucGU00EsNUsmfJfMuf9NMd6wXfVW2kEI5V","baseKeyType":1,"closed":-1,"used":1696280278149,"created":1695989107445,"remoteIdentityKey":"BQsYm4fZiomEgz6RlZKNzVdtXJvzFxiolyyNKh/hv0Qb"},"_chains":{"BW1bsAt7qznSniCwbECxC9XAOjmbNiqnAXm03zJBigAy":{"chainKey":{"counter":0},"chainType":2,"messageKeys":{}},"BcCOZCsN93gHTlc5JFpBfSkuiZyJD6O5W7Tar/jMZs92":{"chainKey":{"counter":1},"chainType":2,"messageKeys":{"0":"df3fJotovtmeUppVGyzZ95LWW9t/kbT1hf7zzq8/hgQ="}},"BVlE7coUyAz35cE2I/sPs0DUHXe7B7Mtgh1Pl2Fv28wu":{"chainKey":{"counter":2},"chainType":2,"messageKeys":{"1":"kdkJx1HuW7DsmiDdC4QEvUXjgzt8GA7Kv+J8yuHgQvU="}},"BZE5i+WlcRH+q46PSahoeEI3gC1DMSbr4kYAhYagLd57":{"chainKey":{"counter":0},"chainType":2,"messageKeys":{}},"BSjfOfszgxj6GVXpiMSWtOorbG3Y762fn3La3rmOigZo":{"chainKey":{"counter":0,"key":"4QU99LMBB3+gnD3bgJBh6QE8eaIoZJSa4TeMyj7Svs0="},"chainType":2,"messageKeys":{}},"BQjn9sZmiQPt/vBNjpwc06Qp2X6NKjMiBUwmN92sgfI6":{"chainKey":{"counter":-1,"key":"sWRsISqRUNosaZLGfF7qjwICnD2XlGCdRGXkMuQjOBU="},"chainType":1,"messageKeys":{}}}}},"version":"v1"}