{"_sessions":{"BRFmSuCNDJosyuBwdBRHIqfGaBnNmQ2bq+SaS60iGhIq":{"registrationId":1895502567,"currentRatchet":{"ephemeralKeyPair":{"pubKey":"Bf1WvX6UpfVnjXC05kshARFC1Dh5UKT20eZGcHUyiMdz","privKey":"uCxBM82OseEwewDvfS8N2bXWmP53VsR2GVntS6uIkWE="},"lastRemoteEphemeralKey":"BThC/nJ8eLFzdtG7904V8ciiQvrJPTzPmxIAYieoL7ZD","previousCounter":0,"rootKey":"C9cuOFrgz/eEE4j2RTeuqRV8/MpikAAMo+iqkTeJdo8="},"indexInfo":{"baseKey":"BRFmSuCNDJosyuBwdBRHIqfGaBnNmQ2bq+SaS60iGhIq","baseKeyType":1,"closed":-1,"used":1695853014925,"created":1695853014925,"remoteIdentityKey":"BV2Q8b3ehGKn5GQrMa/fRhpWYHfYz7H/ZOiqFns9iBpR"},"_chains":{"Bf1WvX6UpfVnjXC05kshARFC1Dh5UKT20eZGcHUyiMdz":{"chainKey":{"counter":27,"key":"I5bJx80btCGMKz4BHYfNKq3O3tnKTYKtAUavr+AJSP0="},"chainType":1,"messageKeys":{}}},"pendingPreKey":{"signedKeyId":1,"baseKey":"BRFmSuCNDJosyuBwdBRHIqfGaBnNmQ2bq+SaS60iGhIq"}}},"version":"v1"}