{"_sessions":{"BaglpxT6hM4TmP5nCw9BsUpj7E8TOzPNxfhbUyLIh89K":{"registrationId":4252386,"currentRatchet":{"ephemeralKeyPair":{"pubKey":"BdztY9OhfKVaT82ry2l9dHq1wpZzS8WzkVDu5HHgvLM8","privKey":"KOkqwAbBdqzsyJ2F5bXXtVhJw45nnlwLszUOutPITk4="},"lastRemoteEphemeralKey":"BSg41i6FNc+NzsgePi7hWKFbHOAN69XB9YFstBxZnWdF","previousCounter":2,"rootKey":"9DKHVT/g4Ylr5KUtJtFlsyHOIK1rhTjpv7hdoxm2H4E="},"indexInfo":{"baseKey":"BaglpxT6hM4TmP5nCw9BsUpj7E8TOzPNxfhbUyLIh89K","baseKeyType":2,"closed":-1,"used":1696688697593,"created":1695852500132,"remoteIdentityKey":"BQlbnEMzhM6yv/pLyUv1k1IvCrYP5SZZY2nInf3tGKUl"},"_chains":{"BZYo2TGv1UfPldka/EolrA3UgsqAg9iE2ivnuJFoTS0+":{"chainKey":{"counter":0},"chainType":2,"messageKeys":{}},"BapHVuzNOwFuryFq27A73tHHkulE6wPLfFqfNNzKKiMr":{"chainKey":{"counter":0},"chainType":2,"messageKeys":{}},"BdM0NE2tLNkVJsJ4LmqAAm5BQG3s19+UK4AG98Ia7Xh/":{"chainKey":{"counter":1},"chainType":2,"messageKeys":{}},"BQRWXUQSmLDO5p8fqoTuZ9mGsqeyblPpVcNAGnyvILtI":{"chainKey":{"counter":0},"chainType":2,"messageKeys":{}},"BUrbqNG1N+ABk7IOruq2DbhJ21vwzsk/DZQQ2gBg3s0c":{"chainKey":{"counter":0},"chainType":2,"messageKeys":{}},"BYa092CKi7Pn8eRRMrws4ghxxHc5L/EhGk2v57ZvJEso":{"chainKey":{"counter":0},"chainType":2,"messageKeys":{}},"BXm+PT5ndIRSO49QAJl7fDwC0y6X42lN9770EhCgV2M5":{"chainKey":{"counter":0},"chainType":2,"messageKeys":{}},"BQiQ65FeLTIPIVVBSLEtKWsLz6I2S06N8ue3SLD84KhM":{"chainKey":{"counter":2},"chainType":2,"messageKeys":{}},"BeLfAPjToC0UqIDkVkvUMjPBSudO9xIu7HFzse6+LUx8":{"chainKey":{"counter":0},"chainType":2,"messageKeys":{}},"BSPpk2RzKC92C0ccF4HOBd42mPeY/12q5P65K+8ruFt9":{"chainKey":{"counter":0},"chainType":2,"messageKeys":{}},"BVKn7kdUdivq59lk9FBUU1mfBqQ7SPuGIDsyVj2ck01L":{"chainKey":{"counter":0},"chainType":2,"messageKeys":{}},"BTDfhKM7vlKG6Mbt0p/IGc8+Zye0nGfH4ElhwPPmxxZ5":{"chainKey":{"counter":0},"chainType":2,"messageKeys":{}},"BSg41i6FNc+NzsgePi7hWKFbHOAN69XB9YFstBxZnWdF":{"chainKey":{"counter":0,"key":"jXpnkXAYOZgKRcIO5eu5BT9cZJCdQCDTDpjbAbVOL9s="},"chainType":2,"messageKeys":{}},"BdztY9OhfKVaT82ry2l9dHq1wpZzS8WzkVDu5HHgvLM8":{"chainKey":{"counter":1,"key":"0vbtLJ9ocnmpyBF9kvUz8f998OKuYSpPAdKNX7Arij0="},"chainType":1,"messageKeys":{}}}}},"version":"v1"}