{"_sessions":{"BRESJwCMDC9KObfx/s2mjubsvGDe7cDdjQ1vXLUZ4xJS":{"registrationId":9687,"currentRatchet":{"ephemeralKeyPair":{"pubKey":"BVEEt7V8U+OETgC6pZ2xBiEBelRYqq0lc96USNn8SCxS","privKey":"GBUepkoNNxGBCqAut/+vdEXgGp1JlSuz/ihUCOkkunU="},"lastRemoteEphemeralKey":"BWxEw4xvVFTKg0T9ugOxDab4Fb8QV8eCoDd/flhvWOAf","previousCounter":0,"rootKey":"uEuUC5+DwQGe2MUnaya5EHvCUIdsWWykcdwdOumpMBA="},"indexInfo":{"baseKey":"BRESJwCMDC9KObfx/s2mjubsvGDe7cDdjQ1vXLUZ4xJS","baseKeyType":1,"closed":-1,"used":1695853014755,"created":1695853014755,"remoteIdentityKey":"BeNYqyVdsTHpcRzot78Egu+lEiuvArdHOziEVXTmWOpD"},"_chains":{"BVEEt7V8U+OETgC6pZ2xBiEBelRYqq0lc96USNn8SCxS":{"chainKey":{"counter":1,"key":"9LWpagpH1YqOzN66MS9PT63EfN+Nz1dow29NwgcjIdM="},"chainType":1,"messageKeys":{}}},"pendingPreKey":{"signedKeyId":1,"baseKey":"BRESJwCMDC9KObfx/s2mjubsvGDe7cDdjQ1vXLUZ4xJS"}}},"version":"v1"}