{"_sessions":{"BUrOyC7ACEOnCi5tBrcz3W4lsBPBcMqEowHclWVjZY4a":{"registrationId":2042801821,"currentRatchet":{"ephemeralKeyPair":{"pubKey":"BcHbCp4E7XWPzjcO2RyO+tNpawJTHmyPooBwW8eBdGc9","privKey":"8PWrDVEkzuNI9/dAs8hHr5eC6byRrfAZt22u7cp7qX0="},"lastRemoteEphemeralKey":"BWp8BojH60tm16GUnAsoRqrUOxf20x5l27nfjSqSP7lJ","previousCounter":1,"rootKey":"nCC+3eTKnVcFaSwc883K3SrKpTA2j/BQ07zKoHNsZvA="},"indexInfo":{"baseKey":"BUrOyC7ACEOnCi5tBrcz3W4lsBPBcMqEowHclWVjZY4a","baseKeyType":2,"closed":-1,"used":1696787729635,"created":1695852508081,"remoteIdentityKey":"BSSmb8UEZV4/6S8Z9JrdDownHvTk0trU2SQ5vjRymdNt"},"_chains":{"BXQhg44eSrbbj0AAkk4HycSe7h4LZC71LaUEHtmiO+1H":{"chainKey":{"counter":0},"chainType":2,"messageKeys":{}},"BXEiNEf9HmozIDWS53EeYeRijgK3uRw7QrAftIDRr+QM":{"chainKey":{"counter":2},"chainType":2,"messageKeys":{}},"BXuSyirHPyJasONP7iT5HjxZ+5VMPjxN/en18VN1zsxH":{"chainKey":{"counter":2},"chainType":2,"messageKeys":{}},"Barm/9Gj19THy6lDTBjgBg5u+SmwZjcBO4v4KpjKqQJt":{"chainKey":{"counter":0},"chainType":2,"messageKeys":{}},"Bc9dGt5bOcv/XVZimGk0bojKFckNd274cS/R+eWZY9Qp":{"chainKey":{"counter":0},"chainType":2,"messageKeys":{}},"Bfcr2zEZC+NS5NKhgFM/SBYwPt7RFHg7M0IpGxx18/JB":{"chainKey":{"counter":1},"chainType":2,"messageKeys":{}},"BdDaKITPyQGR+TrT2Qyj78/znvbHECA7P1jxJZYYVhke":{"chainKey":{"counter":1},"chainType":2,"messageKeys":{}},"BW2LH6bmNqheyPZxfHUBf8osxYtbbFraXUBBeaccCXkV":{"chainKey":{"counter":0},"chainType":2,"messageKeys":{}},"BRxjF2S6Z/+1YZiC3acHyZGmlsTznQkz/P+NYeZ7eg1Y":{"chainKey":{"counter":2},"chainType":2,"messageKeys":{}},"BTMVuIaRd31KwTqT8YnWlAOJ6XYV6vtmslSL7T3rtfU4":{"chainKey":{"counter":0},"chainType":2,"messageKeys":{}},"BS04pQLcSV0prjW9rKrol2a1lus48TAAJ+WyQk4j1Fdt":{"chainKey":{"counter":0},"chainType":2,"messageKeys":{}},"BRwMeyOznz4w9bOIYjAlFbHOP2rOxKCYMlhb8Ksm6mRa":{"chainKey":{"counter":0},"chainType":2,"messageKeys":{}},"BfxQswYosmb+nJOyMBMYmzAYQWzMwTuR2i0nlp3EFM1S":{"chainKey":{"counter":0},"chainType":2,"messageKeys":{}},"Bfwl0bq7djbRW8KYFXOI5PwPqBEjRnI4vhKqHk9ZAgpo":{"chainKey":{"counter":0},"chainType":2,"messageKeys":{}},"BWp8BojH60tm16GUnAsoRqrUOxf20x5l27nfjSqSP7lJ":{"chainKey":{"counter":1,"key":"bBi3fzc4UNpWREOH4nUQ9AMk+yYCaMePiX2bJ0KMrqw="},"chainType":2,"messageKeys":{}},"BcHbCp4E7XWPzjcO2RyO+tNpawJTHmyPooBwW8eBdGc9":{"chainKey":{"counter":-1,"key":"CtVwxWOwKv64EW5BvkOjZFsNn9EoPF4i8oQrQ+65ehg="},"chainType":1,"messageKeys":{}}}}},"version":"v1"}