{"_sessions":{"BcsmOYgAoIxUpBbuhUgd8KIM/qUv0zvLfzhFP9kcpKp/":{"registrationId":399127733,"currentRatchet":{"ephemeralKeyPair":{"pubKey":"BYJOjiOLQC4ErpXglBvBxD+a+tbXNtObM13nbHJDrtIT","privKey":"IE9n3uoCU0tW8N0ZwOF2Zn05WdYY2dwawo049E3M4XQ="},"lastRemoteEphemeralKey":"BYBOM9qeXcpzl+QlR6BHo/OO+zJGAv+ld7GTIathT6Nq","previousCounter":2,"rootKey":"ogMuavqvxCUUeK7ujNX8ARVDqZK+Fl4smPt6740Etwc="},"indexInfo":{"baseKey":"BcsmOYgAoIxUpBbuhUgd8KIM/qUv0zvLfzhFP9kcpKp/","baseKeyType":2,"closed":-1,"used":1696688696775,"created":1695852499317,"remoteIdentityKey":"BQ90E68t5isV+CmtDJH07nJDG1yoE27lKsCutcMhItM6"},"_chains":{"Bavd8p1DcbI/AXwCzbZAqpVKLQbRsPEuIY9lOqON9tRq":{"chainKey":{"counter":0},"chainType":2,"messageKeys":{}},"BWxAfcHy019j5lCEis+LiRFsns2ld/ovc5rzvb1KxQtv":{"chainKey":{"counter":0},"chainType":2,"messageKeys":{}},"BXEge+Ztergw6J2fQjXRlrTlSPv+SlFck9mfbM+6u4sM":{"chainKey":{"counter":1},"chainType":2,"messageKeys":{}},"BWiq32KIrnhidBCsWkT12mDDcFDPV62wd6BBvDyejhBb":{"chainKey":{"counter":0},"chainType":2,"messageKeys":{}},"Be+TN3w4ecncw3rl0tL/l4NaohEl9ys1uuDUPXkpQlB7":{"chainKey":{"counter":0},"chainType":2,"messageKeys":{}},"BVWnMSl0r28DK0Yw2Ln79XM+Xq/2ufFGkS91hXrxN8ld":{"chainKey":{"counter":0},"chainType":2,"messageKeys":{}},"BUDh78NJV0OO/7zriocnwgX7vSMbuc4POEKcxUMNPlI7":{"chainKey":{"counter":0},"chainType":2,"messageKeys":{}},"BUorliBrpewULvy1YOvC5lvk7DndTQXyR4ugbT02uxVY":{"chainKey":{"counter":0},"chainType":2,"messageKeys":{}},"BaVtXvfQhTEmfKQX+W3Fd5QjvEOkDUHX+a0Bom5i9zZ7":{"chainKey":{"counter":0},"chainType":2,"messageKeys":{}},"BQGZllogMFV1Gt6u3BFnVOja/aGwK3SpdxKilErzPT9X":{"chainKey":{"counter":0},"chainType":2,"messageKeys":{}},"BfVEq+QGCd7XgxlBn58Pcj5mP2/m6fMt2PunGvSeUFt5":{"chainKey":{"counter":0},"chainType":2,"messageKeys":{}},"BYk/oXhjSwTSKTybTNvmHCxIgiYZvugmL0unWUnYlmFh":{"chainKey":{"counter":0},"chainType":2,"messageKeys":{}},"BYBOM9qeXcpzl+QlR6BHo/OO+zJGAv+ld7GTIathT6Nq":{"chainKey":{"counter":0,"key":"g+g0JUQiZdaMNiFUBCfM+iKNyH+UL64QrO81AzprxsA="},"chainType":2,"messageKeys":{}},"BYJOjiOLQC4ErpXglBvBxD+a+tbXNtObM13nbHJDrtIT":{"chainKey":{"counter":1,"key":"uwvLQLTJnKYQLP3hZa6ds1PmJU/lnOSan5w7eFma9g8="},"chainType":1,"messageKeys":{}}}}},"version":"v1"}