{"_sessions":{"BZuONe95i1kM9swpn//GQF44qwjXeTVFPbPD6878a4h/":{"registrationId":1045461458,"currentRatchet":{"ephemeralKeyPair":{"pubKey":"Bca2EQFz6JVM1u610uCkPrPxmL60leEAw9zUQacsIBht","privKey":"QJlmtc/z54DCV9e0JIRoqnK3B8cMW+C0THUkF31EMkg="},"lastRemoteEphemeralKey":"BecPZ2J9oZtHNWEuhm7/LSENfsaii0AvVDRXkHMh1DEn","previousCounter":2,"rootKey":"i5e8icYLYAUJ1VCW34Li2F7Os4/sJMs4ogKCO0YHUio="},"indexInfo":{"baseKey":"BZuONe95i1kM9swpn//GQF44qwjXeTVFPbPD6878a4h/","baseKeyType":2,"closed":-1,"used":1696688696615,"created":1695852499206,"remoteIdentityKey":"BWh2X9CGFdWbYZFm+CqRtrB+owhsBdlgdzT6ejWSJFZW"},"_chains":{"BSzSbYNEfgNUoUUJbPX/J59gno7oX26OuF5Q0n9l2FVp":{"chainKey":{"counter":0},"chainType":2,"messageKeys":{}},"BbTRPuEUsJSJoqPoArPvY+kgNTLaD6Xgil0vUZOs3uhq":{"chainKey":{"counter":0},"chainType":2,"messageKeys":{}},"BaQ9j9FViVx6uGkojtCV5aHyGkJ3/zYfDam3rdCg5LJ4":{"chainKey":{"counter":0},"chainType":2,"messageKeys":{}},"Ba8wjWrTEmrTWScwicDj48x04TaLTYS5bMS0Sbby1DRO":{"chainKey":{"counter":2},"chainType":2,"messageKeys":{}},"BdUbE0iQiwTGnOf/7jLg8UhHgdsjXv35EiBr2xy3nDci":{"chainKey":{"counter":0},"chainType":2,"messageKeys":{}},"BQlKwUO10lFZ1cJ6HfOMhp1v0P/+A+6KDPqZe0KAxNp/":{"chainKey":{"counter":0},"chainType":2,"messageKeys":{}},"BQ4VzXUCAPW4RCDSN4N96A+AfJng3/T/9oiIg6UFDEVY":{"chainKey":{"counter":0},"chainType":2,"messageKeys":{}},"BdWztkpfZDXd7yYbSsFrYz9MgVuikgrwdUSYTOwViHhj":{"chainKey":{"counter":0},"chainType":2,"messageKeys":{}},"BalvIzGnQJDAICWjBa2R/GfAx+fVjB+vMEFfR8vguXEf":{"chainKey":{"counter":0},"chainType":2,"messageKeys":{}},"BcQqL6FEuNmo/6A8XgUFOkfLnlb26ePPgkpxINSUhfhU":{"chainKey":{"counter":0},"chainType":2,"messageKeys":{}},"BRMMQ93WxBkO9OhNhKzpTrcc+PS310eNnlL5iYaeBZtW":{"chainKey":{"counter":2},"chainType":2,"messageKeys":{}},"BaJUV++GHZjQHtzpquTHOT99y0jU1XjhEODX0MsNvcAe":{"chainKey":{"counter":0},"chainType":2,"messageKeys":{}},"BRuENhWoZeA2cHE6X5/E6F0HXcQVzxPmSiE0nLj+OXcT":{"chainKey":{"counter":0},"chainType":2,"messageKeys":{}},"BaCFN5WUVhSdyqk4IEqi5FXOTrgQ/kMATsbggjKYCy4Z":{"chainKey":{"counter":0},"chainType":2,"messageKeys":{}},"BSAYCC2RQEYONZj4M3zQzZ8PsQI2wPNDaHGCTcLeBl14":{"chainKey":{"counter":0},"chainType":2,"messageKeys":{}},"BecPZ2J9oZtHNWEuhm7/LSENfsaii0AvVDRXkHMh1DEn":{"chainKey":{"counter":0,"key":"dKn5D1QfzVZ7Cy4mAEwGUNsXTEPhvUrM91XHca8GnAY="},"chainType":2,"messageKeys":{}},"Bca2EQFz6JVM1u610uCkPrPxmL60leEAw9zUQacsIBht":{"chainKey":{"counter":1,"key":"2Ko3nXO0VF6EUrV6mGAhR6cs4DWX45zqCNyvrzTD6ao="},"chainType":1,"messageKeys":{}}}}},"version":"v1"}