{"_sessions":{"BUHLEj0h3TD3T5DSIuWJDMmIJ038CD49ujlyJ7HNNGgW":{"registrationId":2022514253,"currentRatchet":{"ephemeralKeyPair":{"pubKey":"BZWgWbGdWElvzf/tLe6EDXx3NKRvEYG2CVRkn37OJbYf","privKey":"YPjmPMvFnNegOa4PP9vND5wVoLix5xF3JxCUa38GAm8="},"lastRemoteEphemeralKey":"BQjwaANEHI/jhl6iR6WJOKm5IJaH+7sokiTP0riukd9U","previousCounter":2,"rootKey":"8H3woDoLKOAD1TdYZlJd02od5x9vZTgvmnlpaxIkOH8="},"indexInfo":{"baseKey":"BUHLEj0h3TD3T5DSIuWJDMmIJ038CD49ujlyJ7HNNGgW","baseKeyType":2,"closed":-1,"used":1696688720631,"created":1695852503020,"remoteIdentityKey":"Bd3k2+iy1jz9ILo7wjs6wAN1GQJTU25MXGh0WnJc/aNh"},"_chains":{"BaNdt9+dQ2hSTrF9mD9ULXyjhqjB18zR5ExjTRPjKGd0":{"chainKey":{"counter":0},"chainType":2,"messageKeys":{}},"BTStNtF0CFBVv5bjQHqvK3sMmyBte/Soe0IBh/2QcxxJ":{"chainKey":{"counter":0},"chainType":2,"messageKeys":{}},"BZD/4Tu3HuNpQrGBboQWTvm5LEV27ZEKKKP0wKoE61NU":{"chainKey":{"counter":2},"chainType":2,"messageKeys":{}},"BRzkIUkbwb+QP7UCOMf3pwK2fOnx9F6WaTK9HTtcfjNF":{"chainKey":{"counter":0},"chainType":2,"messageKeys":{}},"BajWWMhResW6uehLAgigYaZJOl7TPBiFev3QpxA/FctR":{"chainKey":{"counter":0},"chainType":2,"messageKeys":{}},"BY4L+qW8apdSctV4Pgq2CqeK53cl8rahdXFBYKTcKQN4":{"chainKey":{"counter":0},"chainType":2,"messageKeys":{}},"BbDusCmzlDk8OsgNoRzBhjsgwesZVMbpHbAwIRot1IMK":{"chainKey":{"counter":0},"chainType":2,"messageKeys":{}},"Beyks7p3/ippWadZatfk1guAJTJi7PDyCG3AoGqHKr5h":{"chainKey":{"counter":2},"chainType":2,"messageKeys":{}},"Bfew1RwbwgL2wGrZ91EXvXEG1C4jjLFU/rJ4SalYmswa":{"chainKey":{"counter":0},"chainType":2,"messageKeys":{}},"BZ3WwPCkfmr1LF6qM3XqFEfWsa6LPapDDPvO/KLAzasD":{"chainKey":{"counter":0},"chainType":2,"messageKeys":{}},"BQ9YN1xQffD2sIW8oyP57gn5r+qxypRblFf4wkrjjoER":{"chainKey":{"counter":0},"chainType":2,"messageKeys":{}},"BYIMed1tp4LrSdDRfqCC7Y2qnxYOPlQEuHlUDwG3Q3gJ":{"chainKey":{"counter":0},"chainType":2,"messageKeys":{}},"BQjwaANEHI/jhl6iR6WJOKm5IJaH+7sokiTP0riukd9U":{"chainKey":{"counter":0,"key":"lIlDCShkDsENh5RBWI/0w53kxGwGVJ8+hD2KQNEFAyo="},"chainType":2,"messageKeys":{}},"BZWgWbGdWElvzf/tLe6EDXx3NKRvEYG2CVRkn37OJbYf":{"chainKey":{"counter":1,"key":"hzvsjdLcJWAFUNxhTgfg5i6mjZd4id0M0ldhqJOwAsg="},"chainType":1,"messageKeys":{}}}}},"version":"v1"}