{"_sessions":{"BfYU32U5e7CUh6rEAOV72g3tNWBS0arW9k0dkLpr3sJm":{"registrationId":1791449731,"currentRatchet":{"ephemeralKeyPair":{"pubKey":"Ba/wfFJ1Lv59DpfJA9eatGHDMLRuQqxgCvfWlBDBwF1p","privKey":"SFEBUHolr8vEovAZj0O5vhlVr1G+8ZmXBKlIxp3TsmA="},"lastRemoteEphemeralKey":"BUkJLSAglm3lAjpH+bb8hzXfkscEP0IzDzYFAY5kTUtO","previousCounter":-1,"rootKey":"AVXyNcTjmHBCw2tKY9fgbBT+/rp9dwvnSqqKdLMWqww="},"indexInfo":{"baseKey":"BfYU32U5e7CUh6rEAOV72g3tNWBS0arW9k0dkLpr3sJm","baseKeyType":1,"closed":1696381822726,"used":1696381822271,"created":1696381822271,"remoteIdentityKey":"BZL5gnVqv4pzGpxoI78Ub7HSlUBb9mPeDOQmWVIIoyhq"},"_chains":{"BUkJLSAglm3lAjpH+bb8hzXfkscEP0IzDzYFAY5kTUtO":{"chainKey":{"counter":0,"key":"rIrsF8BdGWQKy1CIUvpbPSf05hi3oN3ZwyqnpliB0HA="},"chainType":2,"messageKeys":{}},"Ba/wfFJ1Lv59DpfJA9eatGHDMLRuQqxgCvfWlBDBwF1p":{"chainKey":{"counter":-1,"key":"vF3pcvGhcqNBPuST/5c7ytE2o1Aeov6lpbpxL5sHYP0="},"chainType":1,"messageKeys":{}}},"pendingPreKey":{"signedKeyId":1,"baseKey":"BfYU32U5e7CUh6rEAOV72g3tNWBS0arW9k0dkLpr3sJm","preKeyId":7998185}},"BXpYUOySX8cYHJ/OyMY3TZBCcZkCfguXdlQnzW8CJCp2":{"registrationId":1791449731,"currentRatchet":{"ephemeralKeyPair":{"pubKey":"BUZjUB5O7nWIfMihwMBAGBMxo9vJa9+0zwm7r4X7sLZp","privKey":"sBu4h3ur+hOvhidAWGU6sDU0OvEUnu6UNiGIpM1vUlA="},"lastRemoteEphemeralKey":"BUkJLSAglm3lAjpH+bb8hzXfkscEP0IzDzYFAY5kTUtO","previousCounter":-1,"rootKey":"RZ6mca5VsLdvMuYbmKaRMLiZ2DNzaCD7ZP3sZ30izvY="},"indexInfo":{"baseKey":"BXpYUOySX8cYHJ/OyMY3TZBCcZkCfguXdlQnzW8CJCp2","baseKeyType":1,"closed":1696381823281,"used":1696381822722,"created":1696381822722,"remoteIdentityKey":"BZL5gnVqv4pzGpxoI78Ub7HSlUBb9mPeDOQmWVIIoyhq"},"_chains":{"BUkJLSAglm3lAjpH+bb8hzXfkscEP0IzDzYFAY5kTUtO":{"chainKey":{"counter":0,"key":"y2ne8SGaeNnwg7/gMPUBPF2oWECAxZxGnfSrILsLDX8="},"chainType":2,"messageKeys":{}},"BUZjUB5O7nWIfMihwMBAGBMxo9vJa9+0zwm7r4X7sLZp":{"chainKey":{"counter":-1,"key":"u4m0HG8tCHkcDlrQWIrUMbz/tvzQPUKn785zUUlS9M4="},"chainType":1,"messageKeys":{}}},"pendingPreKey":{"signedKeyId":1,"baseKey":"BXpYUOySX8cYHJ/OyMY3TZBCcZkCfguXdlQnzW8CJCp2","preKeyId":7998260}},"BVsC0jxuJgXnm8R/RY0RSAOxQcvIn6Nrj7kuiqx+p8k2":{"registrationId":1791449731,"currentRatchet":{"ephemeralKeyPair":{"pubKey":"BWHXvN1W/uY7mCFv+A5n9UIng39IUwWc50+3WvhwbaN3","privKey":"QFXFWfmxSxOfn+3rJpBX2Rg5qWWlg4ecHCuJdB3ObXg="},"lastRemoteEphemeralKey":"BUkJLSAglm3lAjpH+bb8hzXfkscEP0IzDzYFAY5kTUtO","previousCounter":-1,"rootKey":"6gYNu66js5AoEz+uIa38WttA5QzMfPL1zXEmZOtkPeI="},"indexInfo":{"baseKey":"BVsC0jxuJgXnm8R/RY0RSAOxQcvIn6Nrj7kuiqx+p8k2","baseKeyType":1,"closed":1696381823753,"used":1696381823277,"created":1696381823277,"remoteIdentityKey":"BZL5gnVqv4pzGpxoI78Ub7HSlUBb9mPeDOQmWVIIoyhq"},"_chains":{"BUkJLSAglm3lAjpH+bb8hzXfkscEP0IzDzYFAY5kTUtO":{"chainKey":{"counter":0,"key":"mxDOdnCNmPrKYhEdSdhJKQJQPGf2GoAzKoYJEOjzp6I="},"chainType":2,"messageKeys":{}},"BWHXvN1W/uY7mCFv+A5n9UIng39IUwWc50+3WvhwbaN3":{"chainKey":{"counter":-1,"key":"Ic8PBl/CRzeBaV4Ee2smzywV44Hj8OfoFq2g6n/hN5M="},"chainType":1,"messageKeys":{}}},"pendingPreKey":{"signedKeyId":1,"baseKey":"BVsC0jxuJgXnm8R/RY0RSAOxQcvIn6Nrj7kuiqx+p8k2","preKeyId":7998853}},"BRE1Un7W966JlWJnVPRKG932kEbIO9JOwp1jhlhA6at+":{"registrationId":1791449731,"currentRatchet":{"ephemeralKeyPair":{"pubKey":"BVD9U+dHOx92twVU7kK00d1HDCJioXiKQO2nSzMu//p0","privKey":"cGFyJUmTtIEfc6QpXTM2tliFVQgdkf27qfyRJ4Qa8mg="},"lastRemoteEphemeralKey":"BUkJLSAglm3lAjpH+bb8hzXfkscEP0IzDzYFAY5kTUtO","previousCounter":-1,"rootKey":"16TCqV0KdfQ8Vk7xL2oG2kvHNx7geKHKW7bLx83g59A="},"indexInfo":{"baseKey":"BRE1Un7W966JlWJnVPRKG932kEbIO9JOwp1jhlhA6at+","baseKeyType":1,"closed":1696381824293,"used":1696381823751,"created":1696381823751,"remoteIdentityKey":"BZL5gnVqv4pzGpxoI78Ub7HSlUBb9mPeDOQmWVIIoyhq"},"_chains":{"BUkJLSAglm3lAjpH+bb8hzXfkscEP0IzDzYFAY5kTUtO":{"chainKey":{"counter":0,"key":"W2BNcwIPAjxqew0iilFcy9CecQ8PjOQdAeRZNE+6V0I="},"chainType":2,"messageKeys":{}},"BVD9U+dHOx92twVU7kK00d1HDCJioXiKQO2nSzMu//p0":{"chainKey":{"counter":-1,"key":"abx+6uBebiMOY+e+bKFuBEyYgnks05p3c+zwK48DR6A="},"chainType":1,"messageKeys":{}}},"pendingPreKey":{"signedKeyId":1,"baseKey":"BRE1Un7W966JlWJnVPRKG932kEbIO9JOwp1jhlhA6at+","preKeyId":7998120}},"BQbxC/5p/S2FUHMz9owzfBRBJqqHqdt7D710f55iHaFC":{"registrationId":1791449731,"currentRatchet":{"ephemeralKeyPair":{"pubKey":"BZP2k24o7S5vdLzTvz5YTiJCZYwy3TK/KuBVmjzHl/BQ","privKey":"aBxBl+oVbGrfNS2ERvQOQwYoeDRAHPX0u1+zc2hMZEI="},"lastRemoteEphemeralKey":"BUkJLSAglm3lAjpH+bb8hzXfkscEP0IzDzYFAY5kTUtO","previousCounter":-1,"rootKey":"G8Rs8FvbArYWlyvpOOROormbMf3fr+BR33h0BIpUOro="},"indexInfo":{"baseKey":"BQbxC/5p/S2FUHMz9owzfBRBJqqHqdt7D710f55iHaFC","baseKeyType":1,"closed":1696381824808,"used":1696381824287,"created":1696381824287,"remoteIdentityKey":"BZL5gnVqv4pzGpxoI78Ub7HSlUBb9mPeDOQmWVIIoyhq"},"_chains":{"BUkJLSAglm3lAjpH+bb8hzXfkscEP0IzDzYFAY5kTUtO":{"chainKey":{"counter":0,"key":"CQh1CjK6nM6QnDcVWuIBpOTsn+8p7ioMaNvcWK4neqY="},"chainType":2,"messageKeys":{}},"BZP2k24o7S5vdLzTvz5YTiJCZYwy3TK/KuBVmjzHl/BQ":{"chainKey":{"counter":-1,"key":"Qit6O1PQUjZhdIeC1b9exLKPnXuj8M97tPzTypObFh8="},"chainType":1,"messageKeys":{}}},"pendingPreKey":{"signedKeyId":1,"baseKey":"BQbxC/5p/S2FUHMz9owzfBRBJqqHqdt7D710f55iHaFC","preKeyId":7998284}},"BcSRuQXR45iU8tXtTzJA4+JuQf8dn33CcuS/VG409JBq":{"registrationId":1791449731,"currentRatchet":{"ephemeralKeyPair":{"pubKey":"BdzC8imzMf4PjptiyVQAnSLNIEZRySPdLXi73PHytE5T","privKey":"WHx/AU9XymSbw+ztCEq6WIq5IGp1lRvl6FRU7q2xMW4="},"lastRemoteEphemeralKey":"BUkJLSAglm3lAjpH+bb8hzXfkscEP0IzDzYFAY5kTUtO","previousCounter":-1,"rootKey":"B2Be4YttV9rlDFFhjyB1brrGliiLg8DqwC56z2003zM="},"indexInfo":{"baseKey":"BcSRuQXR45iU8tXtTzJA4+JuQf8dn33CcuS/VG409JBq","baseKeyType":1,"closed":1696381825246,"used":1696381824801,"created":1696381824801,"remoteIdentityKey":"BZL5gnVqv4pzGpxoI78Ub7HSlUBb9mPeDOQmWVIIoyhq"},"_chains":{"BUkJLSAglm3lAjpH+bb8hzXfkscEP0IzDzYFAY5kTUtO":{"chainKey":{"counter":0,"key":"2cYztVosQY6gIwPzAB6H8sYpsAufZTop4PcQwq9Ud48="},"chainType":2,"messageKeys":{}},"BdzC8imzMf4PjptiyVQAnSLNIEZRySPdLXi73PHytE5T":{"chainKey":{"counter":-1,"key":"cxKQG2SEVGxn0gUqmfkkC4Da7VfTGvxTIRGWbLc79B0="},"chainType":1,"messageKeys":{}}},"pendingPreKey":{"signedKeyId":1,"baseKey":"BcSRuQXR45iU8tXtTzJA4+JuQf8dn33CcuS/VG409JBq","preKeyId":7998298}},"BeD49VfGPG2TN3yWyvuj++uBdp2o2xX/l4MozJaHocUu":{"registrationId":1791449731,"currentRatchet":{"ephemeralKeyPair":{"pubKey":"BXz7jG7NpMfwVcKV+NwK3e45Gd9UJLyHnvwuMIh50Z5t","privKey":"aONl5N6RKrw+ZlH3pdxCtVsEoNyjXLtMIMFsKrQw8Gc="},"lastRemoteEphemeralKey":"BUkJLSAglm3lAjpH+bb8hzXfkscEP0IzDzYFAY5kTUtO","previousCounter":-1,"rootKey":"+C7kXjA0lLwWH+yfO0VHoivRlcHRLm6rHFUlNeCvMks="},"indexInfo":{"baseKey":"BeD49VfGPG2TN3yWyvuj++uBdp2o2xX/l4MozJaHocUu","baseKeyType":1,"closed":1696381825708,"used":1696381825244,"created":1696381825244,"remoteIdentityKey":"BZL5gnVqv4pzGpxoI78Ub7HSlUBb9mPeDOQmWVIIoyhq"},"_chains":{"BUkJLSAglm3lAjpH+bb8hzXfkscEP0IzDzYFAY5kTUtO":{"chainKey":{"counter":0,"key":"j4o/pNEEux9cReap6DWQphdEm7VI8Tcj4aqesvq8CXE="},"chainType":2,"messageKeys":{}},"BXz7jG7NpMfwVcKV+NwK3e45Gd9UJLyHnvwuMIh50Z5t":{"chainKey":{"counter":-1,"key":"wuY9M+uKJ5G59PAPDwEQ2iKR1I68z4jvZ4I+GST7MLQ="},"chainType":1,"messageKeys":{}}},"pendingPreKey":{"signedKeyId":1,"baseKey":"BeD49VfGPG2TN3yWyvuj++uBdp2o2xX/l4MozJaHocUu","preKeyId":7998249}},"BXRJ9NN53QzKT3FD7KZqAqj483X7MvkGf5eS7OUrKGkR":{"registrationId":1791449731,"currentRatchet":{"ephemeralKeyPair":{"pubKey":"BWXahuU9ymimU9Gy6aFXj7UBOFHFgwfjWc0sMVxVJ2tI","privKey":"0EFvvKwQ5DrxP6I9TAHLk4z6rViIyv2n0Jqj6EuQuXE="},"lastRemoteEphemeralKey":"BUkJLSAglm3lAjpH+bb8hzXfkscEP0IzDzYFAY5kTUtO","previousCounter":-1,"rootKey":"2zh1oAPhiNpxggNKFIOt8nJ39uJPuxw4zz320Bi8qFM="},"indexInfo":{"baseKey":"BXRJ9NN53QzKT3FD7KZqAqj483X7MvkGf5eS7OUrKGkR","baseKeyType":1,"closed":1696381826184,"used":1696381825705,"created":1696381825705,"remoteIdentityKey":"BZL5gnVqv4pzGpxoI78Ub7HSlUBb9mPeDOQmWVIIoyhq"},"_chains":{"BUkJLSAglm3lAjpH+bb8hzXfkscEP0IzDzYFAY5kTUtO":{"chainKey":{"counter":0,"key":"H07lqYFqGY9ccvu6b2cAJRaj4O4PBZIKjolYCvGhneI="},"chainType":2,"messageKeys":{}},"BWXahuU9ymimU9Gy6aFXj7UBOFHFgwfjWc0sMVxVJ2tI":{"chainKey":{"counter":-1,"key":"0234blO5sfDC9y655jN+um9H8eBXr2ySdJ3ISUfL5cw="},"chainType":1,"messageKeys":{}}},"pendingPreKey":{"signedKeyId":1,"baseKey":"BXRJ9NN53QzKT3FD7KZqAqj483X7MvkGf5eS7OUrKGkR","preKeyId":7998836}},"BYQkCY0OZbw/jTTkisQ+osFJuuDo/64zRp3SusyH/9J4":{"registrationId":1791449731,"currentRatchet":{"ephemeralKeyPair":{"pubKey":"BWS+ai1s6lQyoDErMfp17M7mJ4Yli1WMqCTA7nThFu5C","privKey":"uCmaovqhd2LjPnx2BszB5MPOWd7D+64srqfz7iLV6E4="},"lastRemoteEphemeralKey":"BUkJLSAglm3lAjpH+bb8hzXfkscEP0IzDzYFAY5kTUtO","previousCounter":-1,"rootKey":"/cFepQOF2BZrkVzzVUZN31G9pwW055qFr+jR0SvBfhY="},"indexInfo":{"baseKey":"BYQkCY0OZbw/jTTkisQ+osFJuuDo/64zRp3SusyH/9J4","baseKeyType":1,"closed":1696381826648,"used":1696381826181,"created":1696381826181,"remoteIdentityKey":"BZL5gnVqv4pzGpxoI78Ub7HSlUBb9mPeDOQmWVIIoyhq"},"_chains":{"BUkJLSAglm3lAjpH+bb8hzXfkscEP0IzDzYFAY5kTUtO":{"chainKey":{"counter":0,"key":"Pdyn2CZW5pBQ2sKMaFaIXiMlSpu2AGWSuu5Cn6ii7BM="},"chainType":2,"messageKeys":{}},"BWS+ai1s6lQyoDErMfp17M7mJ4Yli1WMqCTA7nThFu5C":{"chainKey":{"counter":-1,"key":"eO2KVS5hR9Vb3BU4rWvgS+iQF5nC3U3JYLgpzUez7Fs="},"chainType":1,"messageKeys":{}}},"pendingPreKey":{"signedKeyId":1,"baseKey":"BYQkCY0OZbw/jTTkisQ+osFJuuDo/64zRp3SusyH/9J4","preKeyId":7998838}},"BRdFpknivUhVXj+S6bUpckDQF2U0vVsnzoPi13byWD4C":{"registrationId":1791449731,"currentRatchet":{"ephemeralKeyPair":{"pubKey":"BR7xDRmjo6yhhxEZIm9eQSi34mwHVkbKq9SmBru2ZygN","privKey":"KFvWgY1W3MgEE5x8bMkyM4RVvdGIwCOffSvQmgvQ93g="},"lastRemoteEphemeralKey":"BUkJLSAglm3lAjpH+bb8hzXfkscEP0IzDzYFAY5kTUtO","previousCounter":-1,"rootKey":"bZxId/u7/L0LO0BXDDVI7Iw3YOWSxIpOSqRbr6QAgh0="},"indexInfo":{"baseKey":"BRdFpknivUhVXj+S6bUpckDQF2U0vVsnzoPi13byWD4C","baseKeyType":1,"closed":1696381827096,"used":1696381826645,"created":1696381826645,"remoteIdentityKey":"BZL5gnVqv4pzGpxoI78Ub7HSlUBb9mPeDOQmWVIIoyhq"},"_chains":{"BUkJLSAglm3lAjpH+bb8hzXfkscEP0IzDzYFAY5kTUtO":{"chainKey":{"counter":0,"key":"/+nU8vLSGSkASpBdiDeLPw/6JQt6xQOHCYWGGNVaB9E="},"chainType":2,"messageKeys":{}},"BR7xDRmjo6yhhxEZIm9eQSi34mwHVkbKq9SmBru2ZygN":{"chainKey":{"counter":-1,"key":"jigXs+Yvt9RR1dgV+zdjSD0c4qG++cgJkcrhaWS0HdA="},"chainType":1,"messageKeys":{}}},"pendingPreKey":{"signedKeyId":1,"baseKey":"BRdFpknivUhVXj+S6bUpckDQF2U0vVsnzoPi13byWD4C","preKeyId":7998283}},"BbDzwq4vV5noFl7L8Mk1oafy2cjCj2bQ126XAATzaegF":{"registrationId":1791449731,"currentRatchet":{"ephemeralKeyPair":{"pubKey":"BV99yVP5x/Hx35atXmbT7AbkDo40xY2NcKYFPCZmF9hi","privKey":"iAKILLgWEuAoP87Z1Pwu+8Q1X4ZHc7629CqloNguqXQ="},"lastRemoteEphemeralKey":"BUkJLSAglm3lAjpH+bb8hzXfkscEP0IzDzYFAY5kTUtO","previousCounter":-1,"rootKey":"A6VbUJIrfYQE6rNCeL4eos7DmMAy3O0egTpuZUXe6zw="},"indexInfo":{"baseKey":"BbDzwq4vV5noFl7L8Mk1oafy2cjCj2bQ126XAATzaegF","baseKeyType":1,"closed":1696381827537,"used":1696381827093,"created":1696381827093,"remoteIdentityKey":"BZL5gnVqv4pzGpxoI78Ub7HSlUBb9mPeDOQmWVIIoyhq"},"_chains":{"BUkJLSAglm3lAjpH+bb8hzXfkscEP0IzDzYFAY5kTUtO":{"chainKey":{"counter":0,"key":"c3rK2IrWrDlZjFxa9SbL0PPvcwCc50cEK6EtJw4xJQg="},"chainType":2,"messageKeys":{}},"BV99yVP5x/Hx35atXmbT7AbkDo40xY2NcKYFPCZmF9hi":{"chainKey":{"counter":-1,"key":"EoumP0G7LdgHKn7Bp43gZ6L6Wc8Xe+zMO4NW9fGlRNI="},"chainType":1,"messageKeys":{}}},"pendingPreKey":{"signedKeyId":1,"baseKey":"BbDzwq4vV5noFl7L8Mk1oafy2cjCj2bQ126XAATzaegF","preKeyId":7998121}},"BUNwE/dPpYg6romboIgDbpZQaZNzsyVby3KEhpHNf1xQ":{"registrationId":1791449731,"currentRatchet":{"ephemeralKeyPair":{"pubKey":"BZZP5nWJmIHsKTVvqXvHKKxyinUnvY/Dh4+eFXy+9Bsn","privKey":"aKPFLnAyqitDmeYXQpHaUGKusFKc7Z4vpnd5O2jXglQ="},"lastRemoteEphemeralKey":"BUkJLSAglm3lAjpH+bb8hzXfkscEP0IzDzYFAY5kTUtO","previousCounter":-1,"rootKey":"Ub7IaBboCMAcPfJ4UmRAK2YvGXT4TCeY2bF7qAE1uvY="},"indexInfo":{"baseKey":"BUNwE/dPpYg6romboIgDbpZQaZNzsyVby3KEhpHNf1xQ","baseKeyType":1,"closed":1696381828026,"used":1696381827534,"created":1696381827534,"remoteIdentityKey":"BZL5gnVqv4pzGpxoI78Ub7HSlUBb9mPeDOQmWVIIoyhq"},"_chains":{"BUkJLSAglm3lAjpH+bb8hzXfkscEP0IzDzYFAY5kTUtO":{"chainKey":{"counter":0,"key":"apAKEA9Aa3jpFknkUw16OFQQ8Ge0yDSx2I9ymLTWdtk="},"chainType":2,"messageKeys":{}},"BZZP5nWJmIHsKTVvqXvHKKxyinUnvY/Dh4+eFXy+9Bsn":{"chainKey":{"counter":-1,"key":"OtXAEZ4ydNxCvXALMSFkUM2hsAEiqQwFqBbVJc7KycE="},"chainType":1,"messageKeys":{}}},"pendingPreKey":{"signedKeyId":1,"baseKey":"BUNwE/dPpYg6romboIgDbpZQaZNzsyVby3KEhpHNf1xQ","preKeyId":7998748}},"Bct8cmBwuCpEj2Qei/92I+iDYtPpjflPOPc+oRhWHJhF":{"registrationId":1791449731,"currentRatchet":{"ephemeralKeyPair":{"pubKey":"Be9699KO7Swebt2tgyidDOmXI4iwu/zxOFuqYGgsrzpE","privKey":"aGiSPYYmVat2DP2hWEvGN2huZvjvOf0+lW+sRjnuBFE="},"lastRemoteEphemeralKey":"BUkJLSAglm3lAjpH+bb8hzXfkscEP0IzDzYFAY5kTUtO","previousCounter":-1,"rootKey":"MLcSOBJ9qpPS69hT6dfcLYvHPSkSuB+rvUJveD0q+YM="},"indexInfo":{"baseKey":"Bct8cmBwuCpEj2Qei/92I+iDYtPpjflPOPc+oRhWHJhF","baseKeyType":1,"closed":1696381828481,"used":1696381828023,"created":1696381828023,"remoteIdentityKey":"BZL5gnVqv4pzGpxoI78Ub7HSlUBb9mPeDOQmWVIIoyhq"},"_chains":{"BUkJLSAglm3lAjpH+bb8hzXfkscEP0IzDzYFAY5kTUtO":{"chainKey":{"counter":0,"key":"7fnmchoESdP+EgSAH+lv8jsMp2yjvRjaMZlnohF5ExU="},"chainType":2,"messageKeys":{}},"Be9699KO7Swebt2tgyidDOmXI4iwu/zxOFuqYGgsrzpE":{"chainKey":{"counter":-1,"key":"RLgz4g0i83mck4z3Vo6YoJuG2iq/YmVLOCUhDsyNNiE="},"chainType":1,"messageKeys":{}}},"pendingPreKey":{"signedKeyId":1,"baseKey":"Bct8cmBwuCpEj2Qei/92I+iDYtPpjflPOPc+oRhWHJhF","preKeyId":7998214}},"Be8GivfibFuH8uq75SDCwLT8aj5EpgfN+QRyuETWTzlt":{"registrationId":1791449731,"currentRatchet":{"ephemeralKeyPair":{"pubKey":"BVQNu6W3DcA5kv7Z1B28uyi5NfCSdNAOcJ5QAkHQP/kv","privKey":"2Nb4EGv+WoA1dCQ4iz11FjPMHb2cCaZ7nqdRaJRY0nM="},"lastRemoteEphemeralKey":"BUkJLSAglm3lAjpH+bb8hzXfkscEP0IzDzYFAY5kTUtO","previousCounter":-1,"rootKey":"MvfBUxKXU/LYf02Z8mFSSRVF+0JZNS70slZTUXdrf24="},"indexInfo":{"baseKey":"Be8GivfibFuH8uq75SDCwLT8aj5EpgfN+QRyuETWTzlt","baseKeyType":1,"closed":1696381828912,"used":1696381828478,"created":1696381828478,"remoteIdentityKey":"BZL5gnVqv4pzGpxoI78Ub7HSlUBb9mPeDOQmWVIIoyhq"},"_chains":{"BUkJLSAglm3lAjpH+bb8hzXfkscEP0IzDzYFAY5kTUtO":{"chainKey":{"counter":0,"key":"pbsxH2qBNB6/edEwOYIZTQJBqFRBkKSRaguzhab9bA0="},"chainType":2,"messageKeys":{}},"BVQNu6W3DcA5kv7Z1B28uyi5NfCSdNAOcJ5QAkHQP/kv":{"chainKey":{"counter":-1,"key":"10H/qRR12bMxuFxTx7p8FhYno82qDOCgkC0e7D50+Eo="},"chainType":1,"messageKeys":{}}},"pendingPreKey":{"signedKeyId":1,"baseKey":"Be8GivfibFuH8uq75SDCwLT8aj5EpgfN+QRyuETWTzlt","preKeyId":7998782}},"BQVc3QTevG+RdnCaUzhc5skWxI8ffw40IOq0zBJGFRRj":{"registrationId":1791449731,"currentRatchet":{"ephemeralKeyPair":{"pubKey":"BZZcHRlPNtUouTPGvkxhpbGjIU9a8B+4toYSx4CSVKhH","privKey":"+KQqUnxYNelHIAJpp7OV4XcRqdirPKobsOVGwQHbmFQ="},"lastRemoteEphemeralKey":"BUkJLSAglm3lAjpH+bb8hzXfkscEP0IzDzYFAY5kTUtO","previousCounter":-1,"rootKey":"xCnoZCnV9BnIou7c9571PPzoFVFO7pVxAeGhMqubF8I="},"indexInfo":{"baseKey":"BQVc3QTevG+RdnCaUzhc5skWxI8ffw40IOq0zBJGFRRj","baseKeyType":1,"closed":1696381829432,"used":1696381828909,"created":1696381828909,"remoteIdentityKey":"BZL5gnVqv4pzGpxoI78Ub7HSlUBb9mPeDOQmWVIIoyhq"},"_chains":{"BUkJLSAglm3lAjpH+bb8hzXfkscEP0IzDzYFAY5kTUtO":{"chainKey":{"counter":0,"key":"HqnHjhvXe14UY9ik+0rMVTviY4kJfs1E3E34HRe3E6E="},"chainType":2,"messageKeys":{}},"BZZcHRlPNtUouTPGvkxhpbGjIU9a8B+4toYSx4CSVKhH":{"chainKey":{"counter":-1,"key":"YsX4Np/flhO9QRhXXekSqS5pgBFhFPej2v/wkyX/4PI="},"chainType":1,"messageKeys":{}}},"pendingPreKey":{"signedKeyId":1,"baseKey":"BQVc3QTevG+RdnCaUzhc5skWxI8ffw40IOq0zBJGFRRj","preKeyId":7998738}},"BVRzHOKr+FktKf9Z5WRQhx+CBviM4s6uG5lfuxGwjLpR":{"registrationId":1791449731,"currentRatchet":{"ephemeralKeyPair":{"pubKey":"Bb+XkwugRqKd2oTYG3zjE9PCQHxed4jLvtxW0l5oEmpo","privKey":"kGH2PTELnSj5Y9D15TaopYz7848PyFBPKPDiYPuN90k="},"lastRemoteEphemeralKey":"BUkJLSAglm3lAjpH+bb8hzXfkscEP0IzDzYFAY5kTUtO","previousCounter":-1,"rootKey":"y/eD0sz/Pc/d+5DyZsnzoAOHU+vb3W411zmRqLJ4ivo="},"indexInfo":{"baseKey":"BVRzHOKr+FktKf9Z5WRQhx+CBviM4s6uG5lfuxGwjLpR","baseKeyType":1,"closed":1696381829867,"used":1696381829427,"created":1696381829427,"remoteIdentityKey":"BZL5gnVqv4pzGpxoI78Ub7HSlUBb9mPeDOQmWVIIoyhq"},"_chains":{"BUkJLSAglm3lAjpH+bb8hzXfkscEP0IzDzYFAY5kTUtO":{"chainKey":{"counter":0,"key":"FPC9A6p4dd/tNpoKDRENWUwy1IX70MzSEHHOAAjCHm8="},"chainType":2,"messageKeys":{}},"Bb+XkwugRqKd2oTYG3zjE9PCQHxed4jLvtxW0l5oEmpo":{"chainKey":{"counter":-1,"key":"+WuHogx3fyizUja1eKGCXKPm+J4qhwkvYOF5UT1DLeE="},"chainType":1,"messageKeys":{}}},"pendingPreKey":{"signedKeyId":1,"baseKey":"BVRzHOKr+FktKf9Z5WRQhx+CBviM4s6uG5lfuxGwjLpR","preKeyId":7998862}},"BbktnkjB5aB2zPwhaV9OhXjtY15oNGumoGsAIXc5zjQN":{"registrationId":1791449731,"currentRatchet":{"ephemeralKeyPair":{"pubKey":"BfTu+1xafUy9icVlbxJKn8HTT1agaTKCuhU5JmqOMFcP","privKey":"sBFEMxyjlLQbSvMEUv/4jTXbQdWERtXz54kY6SlI3Wk="},"lastRemoteEphemeralKey":"BUkJLSAglm3lAjpH+bb8hzXfkscEP0IzDzYFAY5kTUtO","previousCounter":-1,"rootKey":"r2PIw7CQQueWFRXMMKexr6Rs2dB0E5UWX24/Cuq0slU="},"indexInfo":{"baseKey":"BbktnkjB5aB2zPwhaV9OhXjtY15oNGumoGsAIXc5zjQN","baseKeyType":1,"closed":1696381830403,"used":1696381829863,"created":1696381829863,"remoteIdentityKey":"BZL5gnVqv4pzGpxoI78Ub7HSlUBb9mPeDOQmWVIIoyhq"},"_chains":{"BUkJLSAglm3lAjpH+bb8hzXfkscEP0IzDzYFAY5kTUtO":{"chainKey":{"counter":0,"key":"wFDwxPQbt/5i6unS1FmEVuheXuLAy7l2KoOjLxlPSvE="},"chainType":2,"messageKeys":{}},"BfTu+1xafUy9icVlbxJKn8HTT1agaTKCuhU5JmqOMFcP":{"chainKey":{"counter":-1,"key":"hi0B1ZY1oa2k1aCJqL0lXr5x6Ogyb8/UTUWNEgj/KhI="},"chainType":1,"messageKeys":{}}},"pendingPreKey":{"signedKeyId":1,"baseKey":"BbktnkjB5aB2zPwhaV9OhXjtY15oNGumoGsAIXc5zjQN","preKeyId":7998708}},"BcqcXhdxQX8qGuPYwY1KYeidqgQ30Z+W6sxSkJxazqQV":{"registrationId":1791449731,"currentRatchet":{"ephemeralKeyPair":{"pubKey":"BR/8J4B1R5yVZe8hTOA+fnOCzsy0k853D9XADxwlqPkH","privKey":"iDvSpoPGZStR+c2xuXJrOMQI7GpsQfZM4t4qUyjemnc="},"lastRemoteEphemeralKey":"BUkJLSAglm3lAjpH+bb8hzXfkscEP0IzDzYFAY5kTUtO","previousCounter":-1,"rootKey":"DxhFifYVfaBkZ+0ibr7cJNTgTu2KIsb6Im9hBYodOYM="},"indexInfo":{"baseKey":"BcqcXhdxQX8qGuPYwY1KYeidqgQ30Z+W6sxSkJxazqQV","baseKeyType":1,"closed":1696381830845,"used":1696381830400,"created":1696381830400,"remoteIdentityKey":"BZL5gnVqv4pzGpxoI78Ub7HSlUBb9mPeDOQmWVIIoyhq"},"_chains":{"BUkJLSAglm3lAjpH+bb8hzXfkscEP0IzDzYFAY5kTUtO":{"chainKey":{"counter":0,"key":"Utsez/yKtffo5Td/EaNcUKtZDtiunMD4J5VJT6VIl9w="},"chainType":2,"messageKeys":{}},"BR/8J4B1R5yVZe8hTOA+fnOCzsy0k853D9XADxwlqPkH":{"chainKey":{"counter":-1,"key":"PjfTAO2H7kR47jRK5ESicWejWgIe5zGiq8pp0qCpE2Y="},"chainType":1,"messageKeys":{}}},"pendingPreKey":{"signedKeyId":1,"baseKey":"BcqcXhdxQX8qGuPYwY1KYeidqgQ30Z+W6sxSkJxazqQV","preKeyId":7998698}},"BdHzigpuzEr5ttpjrDBz9+rDftvQgz1abGcoNlfhM4NJ":{"registrationId":1791449731,"currentRatchet":{"ephemeralKeyPair":{"pubKey":"BejfSNBrLitu/YPvPnumc8Vfe7Ck7wN7Y2e8z3iV/1cF","privKey":"+Fir5nSgHXrMDnCQnWRdTc7Or82AJ52teQCFoNsgIkY="},"lastRemoteEphemeralKey":"BUkJLSAglm3lAjpH+bb8hzXfkscEP0IzDzYFAY5kTUtO","previousCounter":-1,"rootKey":"B5Ofi2Nn4wztrWgRGhVEyxKkQcxBIdvflq3GONQziL0="},"indexInfo":{"baseKey":"BdHzigpuzEr5ttpjrDBz9+rDftvQgz1abGcoNlfhM4NJ","baseKeyType":1,"closed":1696381831321,"used":1696381830842,"created":1696381830842,"remoteIdentityKey":"BZL5gnVqv4pzGpxoI78Ub7HSlUBb9mPeDOQmWVIIoyhq"},"_chains":{"BUkJLSAglm3lAjpH+bb8hzXfkscEP0IzDzYFAY5kTUtO":{"chainKey":{"counter":0,"key":"yfunSuT9cG64iQCHunx2qLiRXsro97pxW8qqh2Hcygs="},"chainType":2,"messageKeys":{}},"BejfSNBrLitu/YPvPnumc8Vfe7Ck7wN7Y2e8z3iV/1cF":{"chainKey":{"counter":-1,"key":"zOncso1mGkwLLC5hT3wPqnuhRFTdtoMrzgjIi59bBSg="},"chainType":1,"messageKeys":{}}},"pendingPreKey":{"signedKeyId":1,"baseKey":"BdHzigpuzEr5ttpjrDBz9+rDftvQgz1abGcoNlfhM4NJ","preKeyId":7998733}},"Bci1i8ahCYgW6aCokipmwVs/BhdXqCxkFAlErIxYXDxu":{"registrationId":1791449731,"currentRatchet":{"ephemeralKeyPair":{"pubKey":"BWzLkz7FiQ4NXEGukUrKcVDr8pT0pxvI4jXyTsihn1Ya","privKey":"iFj66zpRq5HybKcAmpn9cpAKInkKkVn9Khmy8tnVrFQ="},"lastRemoteEphemeralKey":"BUkJLSAglm3lAjpH+bb8hzXfkscEP0IzDzYFAY5kTUtO","previousCounter":-1,"rootKey":"9s3YLxJ70C0LRcaVD9CYpsu64CbIDxQIoVlehJKnkPI="},"indexInfo":{"baseKey":"Bci1i8ahCYgW6aCokipmwVs/BhdXqCxkFAlErIxYXDxu","baseKeyType":1,"closed":1696381831774,"used":1696381831318,"created":1696381831318,"remoteIdentityKey":"BZL5gnVqv4pzGpxoI78Ub7HSlUBb9mPeDOQmWVIIoyhq"},"_chains":{"BUkJLSAglm3lAjpH+bb8hzXfkscEP0IzDzYFAY5kTUtO":{"chainKey":{"counter":0,"key":"akwTWtaiigaeMCoFe/GN/jNdLPi9Cz0JP9XSe0RWJOc="},"chainType":2,"messageKeys":{}},"BWzLkz7FiQ4NXEGukUrKcVDr8pT0pxvI4jXyTsihn1Ya":{"chainKey":{"counter":-1,"key":"s+MW8QplWv4dvEhqateC/fsT27ufEZSoOSxh8sW+O3s="},"chainType":1,"messageKeys":{}}},"pendingPreKey":{"signedKeyId":1,"baseKey":"Bci1i8ahCYgW6aCokipmwVs/BhdXqCxkFAlErIxYXDxu","preKeyId":7998701}},"BdxAxOKaEe8hMGuxwM1ktKtQsmTfK8uUeBNmgvWK5WRx":{"registrationId":1791449731,"currentRatchet":{"ephemeralKeyPair":{"pubKey":"Bag/nn0kAs34sgYmN4LBs3vILSG15pmQqIcmd0Q6Zj1Q","privKey":"6NU50lTua1gjfyexrmdJZp0cayeQRbBE+BBDylfC8HA="},"lastRemoteEphemeralKey":"BUkJLSAglm3lAjpH+bb8hzXfkscEP0IzDzYFAY5kTUtO","previousCounter":-1,"rootKey":"FA2uhOrPJAlcyOGn5QlVkTzq4gYGz1LwMlUW5eVYFHk="},"indexInfo":{"baseKey":"BdxAxOKaEe8hMGuxwM1ktKtQsmTfK8uUeBNmgvWK5WRx","baseKeyType":1,"closed":1696381832291,"used":1696381831771,"created":1696381831771,"remoteIdentityKey":"BZL5gnVqv4pzGpxoI78Ub7HSlUBb9mPeDOQmWVIIoyhq"},"_chains":{"BUkJLSAglm3lAjpH+bb8hzXfkscEP0IzDzYFAY5kTUtO":{"chainKey":{"counter":0,"key":"eiDRwWbJI7xWPwolEe8ZAvWNx1vyHaEj9sPD7mBtGmw="},"chainType":2,"messageKeys":{}},"Bag/nn0kAs34sgYmN4LBs3vILSG15pmQqIcmd0Q6Zj1Q":{"chainKey":{"counter":-1,"key":"ApE/fkRRA7xTHuey9g0iGVcXWF4E62pgA0bIJ1t/zCc="},"chainType":1,"messageKeys":{}}},"pendingPreKey":{"signedKeyId":1,"baseKey":"BdxAxOKaEe8hMGuxwM1ktKtQsmTfK8uUeBNmgvWK5WRx","preKeyId":7998254}},"BSZg4cJ2MDk1xgao71H5DQk8ruEF8SnEK/GHTdPAzjRG":{"registrationId":1791449731,"currentRatchet":{"ephemeralKeyPair":{"pubKey":"BTPHBvwnD6KwkCgbuEq3iowW0LqnJko9wdslPBglOnMC","privKey":"sP/zvxvuy/1g9Xwzwd4RLtiG+cwke0pmQiJrKpJdKVw="},"lastRemoteEphemeralKey":"BUkJLSAglm3lAjpH+bb8hzXfkscEP0IzDzYFAY5kTUtO","previousCounter":-1,"rootKey":"y2Ax1hE/Sp0NyAuWsKNGVSLzlROkRh4Dee306abAOm0="},"indexInfo":{"baseKey":"BSZg4cJ2MDk1xgao71H5DQk8ruEF8SnEK/GHTdPAzjRG","baseKeyType":1,"closed":1696381832784,"used":1696381832289,"created":1696381832289,"remoteIdentityKey":"BZL5gnVqv4pzGpxoI78Ub7HSlUBb9mPeDOQmWVIIoyhq"},"_chains":{"BUkJLSAglm3lAjpH+bb8hzXfkscEP0IzDzYFAY5kTUtO":{"chainKey":{"counter":0,"key":"9nzc/NMigHCPQvhtReW24iSSOvv9AcbWYCICU13Ty2k="},"chainType":2,"messageKeys":{}},"BTPHBvwnD6KwkCgbuEq3iowW0LqnJko9wdslPBglOnMC":{"chainKey":{"counter":-1,"key":"+1pMJAI+P3ZyfqPhoqG9uaZTIRWtzQHum6xuMXCgXpQ="},"chainType":1,"messageKeys":{}}},"pendingPreKey":{"signedKeyId":1,"baseKey":"BSZg4cJ2MDk1xgao71H5DQk8ruEF8SnEK/GHTdPAzjRG","preKeyId":7998288}},"BaM7ap3a7ywibjSMZ/s6ngl8alw2r+sFGQf4STgyq6gg":{"registrationId":1791449731,"currentRatchet":{"ephemeralKeyPair":{"pubKey":"Bb2NyRql0/umBPsg/mzmipQhLgWLM+JkuZ6KU3F7GHgm","privKey":"AIFy7xMuINtUf8CrEZQYn6Y4T75f0/8oT3Noir8hF34="},"lastRemoteEphemeralKey":"BUkJLSAglm3lAjpH+bb8hzXfkscEP0IzDzYFAY5kTUtO","previousCounter":-1,"rootKey":"3/OQtkmZhwAVos7pjO/Jp+2Z0QGfm9kslnX7Fjb8P6I="},"indexInfo":{"baseKey":"BaM7ap3a7ywibjSMZ/s6ngl8alw2r+sFGQf4STgyq6gg","baseKeyType":1,"closed":1696381833275,"used":1696381832781,"created":1696381832781,"remoteIdentityKey":"BZL5gnVqv4pzGpxoI78Ub7HSlUBb9mPeDOQmWVIIoyhq"},"_chains":{"BUkJLSAglm3lAjpH+bb8hzXfkscEP0IzDzYFAY5kTUtO":{"chainKey":{"counter":0,"key":"w4PTX9Kcz01w3VZVMxcE282DKpeT/tIZE4nUMbHRIQU="},"chainType":2,"messageKeys":{}},"Bb2NyRql0/umBPsg/mzmipQhLgWLM+JkuZ6KU3F7GHgm":{"chainKey":{"counter":-1,"key":"ayIvLdPA32hebM/syltYHAJipD60135Vk95rOleQu1U="},"chainType":1,"messageKeys":{}}},"pendingPreKey":{"signedKeyId":1,"baseKey":"BaM7ap3a7ywibjSMZ/s6ngl8alw2r+sFGQf4STgyq6gg","preKeyId":7998219}},"BW4vGeEnjPkVp/FsSl9lysRe2Xq7tNNHwWdQLxzqUkp7":{"registrationId":1791449731,"currentRatchet":{"ephemeralKeyPair":{"pubKey":"BftV+FcLbukahI9x10WzR2zhDJ6j80uJ2yPVONrj2HEX","privKey":"eGlAdON+kSZ1ZCE9Bpz2WJQo+qSptx1fBzZDCisTBEY="},"lastRemoteEphemeralKey":"BUkJLSAglm3lAjpH+bb8hzXfkscEP0IzDzYFAY5kTUtO","previousCounter":-1,"rootKey":"wts9KJcFhyvOVZmM2+4Wowq955g+XoC3Z+v0YxoetpY="},"indexInfo":{"baseKey":"BW4vGeEnjPkVp/FsSl9lysRe2Xq7tNNHwWdQLxzqUkp7","baseKeyType":1,"closed":1696381833722,"used":1696381833272,"created":1696381833272,"remoteIdentityKey":"BZL5gnVqv4pzGpxoI78Ub7HSlUBb9mPeDOQmWVIIoyhq"},"_chains":{"BUkJLSAglm3lAjpH+bb8hzXfkscEP0IzDzYFAY5kTUtO":{"chainKey":{"counter":0,"key":"NUwhmanCNOig2GCbYyWQXY2HonPSe+DAROqYe369EZs="},"chainType":2,"messageKeys":{}},"BftV+FcLbukahI9x10WzR2zhDJ6j80uJ2yPVONrj2HEX":{"chainKey":{"counter":-1,"key":"NecSnECUvAaD58k1ghNIDsEvMNRrWKiie2+Wmd7s3OU="},"chainType":1,"messageKeys":{}}},"pendingPreKey":{"signedKeyId":1,"baseKey":"BW4vGeEnjPkVp/FsSl9lysRe2Xq7tNNHwWdQLxzqUkp7","preKeyId":7998224}},"Bcfmf8BA1Meo8gIofGkxQvIsKgIt+6ma7qGm25xuOfJ8":{"registrationId":1791449731,"currentRatchet":{"ephemeralKeyPair":{"pubKey":"BWMBHUUGaXxeBx9Wae65B+qzSvLZGMFxyfkITIIMyGxn","privKey":"UB73IpkLV4opLV8Mixi0SvOe9M4a/3aAcFw6PDPjDX0="},"lastRemoteEphemeralKey":"BUkJLSAglm3lAjpH+bb8hzXfkscEP0IzDzYFAY5kTUtO","previousCounter":-1,"rootKey":"sAFFRjiTH9wBLPvrfmPLkPvHUggymxs+rFUU+VEIoFY="},"indexInfo":{"baseKey":"Bcfmf8BA1Meo8gIofGkxQvIsKgIt+6ma7qGm25xuOfJ8","baseKeyType":1,"closed":1696381834193,"used":1696381833719,"created":1696381833719,"remoteIdentityKey":"BZL5gnVqv4pzGpxoI78Ub7HSlUBb9mPeDOQmWVIIoyhq"},"_chains":{"BUkJLSAglm3lAjpH+bb8hzXfkscEP0IzDzYFAY5kTUtO":{"chainKey":{"counter":0,"key":"Je8FXrIqhcDecK0BJxwiZjqdWRV8o1dPypOecQu0e8E="},"chainType":2,"messageKeys":{}},"BWMBHUUGaXxeBx9Wae65B+qzSvLZGMFxyfkITIIMyGxn":{"chainKey":{"counter":-1,"key":"SOYZZLMD10VuErZfwA3xUxIJPjBYSkd3Ew+GCHl+9S8="},"chainType":1,"messageKeys":{}}},"pendingPreKey":{"signedKeyId":1,"baseKey":"Bcfmf8BA1Meo8gIofGkxQvIsKgIt+6ma7qGm25xuOfJ8","preKeyId":7998167}},"BQ140DdWT3bL23cnq/x91rckLl4iTqfP5ZSD7Io/Iu9u":{"registrationId":1791449731,"currentRatchet":{"ephemeralKeyPair":{"pubKey":"BYGlJbux2kdNFchgYQXMvCI9cTustRFW98A9ZfIq2uJ2","privKey":"KGFj4Or055SS3qvLJv6ZDb1AfgLBS2MOIapkr80Wm2g="},"lastRemoteEphemeralKey":"BUkJLSAglm3lAjpH+bb8hzXfkscEP0IzDzYFAY5kTUtO","previousCounter":-1,"rootKey":"5u6MYY99ua0w7HKSdTT937/Y+lCSOFqMziBvaAcHiLg="},"indexInfo":{"baseKey":"BQ140DdWT3bL23cnq/x91rckLl4iTqfP5ZSD7Io/Iu9u","baseKeyType":1,"closed":1696381838302,"used":1696381834190,"created":1696381834190,"remoteIdentityKey":"BZL5gnVqv4pzGpxoI78Ub7HSlUBb9mPeDOQmWVIIoyhq"},"_chains":{"BUkJLSAglm3lAjpH+bb8hzXfkscEP0IzDzYFAY5kTUtO":{"chainKey":{"counter":0,"key":"tvkpwESHQPiO9KAjfXzszprION7507jJBNX4FVgkcDc="},"chainType":2,"messageKeys":{}},"BYGlJbux2kdNFchgYQXMvCI9cTustRFW98A9ZfIq2uJ2":{"chainKey":{"counter":-1,"key":"oNDhI9Mr+MXHBtEq84YagTnnNKA1E656xOSfln3W99Q="},"chainType":1,"messageKeys":{}}},"pendingPreKey":{"signedKeyId":1,"baseKey":"BQ140DdWT3bL23cnq/x91rckLl4iTqfP5ZSD7Io/Iu9u","preKeyId":7998706}},"BWjYQy5+M2HWPcSyfK7FR9C7qJUj4ng2BYezppZcJCRf":{"registrationId":1791449731,"currentRatchet":{"ephemeralKeyPair":{"pubKey":"BXQgL28vn8Pjrlks7f2XaUNPrgYBmMOctb2G7Zr3LlBe","privKey":"gFvACh5NhOM1fEiJDctTFqRcwIiKaZkZy3FstIl5RGE="},"lastRemoteEphemeralKey":"BUkJLSAglm3lAjpH+bb8hzXfkscEP0IzDzYFAY5kTUtO","previousCounter":-1,"rootKey":"/VM8zM6p21NIAJXuhbq49cumP4oW8lMK1Jk0jx9pZ0M="},"indexInfo":{"baseKey":"BWjYQy5+M2HWPcSyfK7FR9C7qJUj4ng2BYezppZcJCRf","baseKeyType":1,"closed":1696381838762,"used":1696381838299,"created":1696381838299,"remoteIdentityKey":"BZL5gnVqv4pzGpxoI78Ub7HSlUBb9mPeDOQmWVIIoyhq"},"_chains":{"BUkJLSAglm3lAjpH+bb8hzXfkscEP0IzDzYFAY5kTUtO":{"chainKey":{"counter":0,"key":"9kV7DPCBxwFz72LF14cotznx71s4ka3ATvZbdi4bvHI="},"chainType":2,"messageKeys":{}},"BXQgL28vn8Pjrlks7f2XaUNPrgYBmMOctb2G7Zr3LlBe":{"chainKey":{"counter":-1,"key":"e8LUrZik8gNUmJh9HmndLDOCDmA5EklHYw3T+jL5huw="},"chainType":1,"messageKeys":{}}},"pendingPreKey":{"signedKeyId":1,"baseKey":"BWjYQy5+M2HWPcSyfK7FR9C7qJUj4ng2BYezppZcJCRf","preKeyId":7998785}},"Bf+9huU0o46jKzxXheFYjqHDfLJ6t1KTb83cZiYsOl4L":{"registrationId":1791449731,"currentRatchet":{"ephemeralKeyPair":{"pubKey":"Bc7juYbTm/gmuOM8RuJt28F2la/+TcMR8TjS8UK6tmpc","privKey":"+PTQ5Ej7UxWnDyQg1Iz7+pEPwiHjaXKIeoaYcMlLsnA="},"lastRemoteEphemeralKey":"BUkJLSAglm3lAjpH+bb8hzXfkscEP0IzDzYFAY5kTUtO","previousCounter":-1,"rootKey":"uakHn9GN/eESiuq1CCnjBVMOx0s5e65Zy86Z8MFUH9s="},"indexInfo":{"baseKey":"Bf+9huU0o46jKzxXheFYjqHDfLJ6t1KTb83cZiYsOl4L","baseKeyType":1,"closed":1696381839234,"used":1696381838758,"created":1696381838758,"remoteIdentityKey":"BZL5gnVqv4pzGpxoI78Ub7HSlUBb9mPeDOQmWVIIoyhq"},"_chains":{"BUkJLSAglm3lAjpH+bb8hzXfkscEP0IzDzYFAY5kTUtO":{"chainKey":{"counter":0,"key":"BUz970GseuIuZL+WgJFnr+voJEdhV1H7B0xnAT6TKzA="},"chainType":2,"messageKeys":{}},"Bc7juYbTm/gmuOM8RuJt28F2la/+TcMR8TjS8UK6tmpc":{"chainKey":{"counter":-1,"key":"mI/GtLyfcwHMiNgzexeVOBGDtHY65u/tfsuIHidDTzQ="},"chainType":1,"messageKeys":{}}},"pendingPreKey":{"signedKeyId":1,"baseKey":"Bf+9huU0o46jKzxXheFYjqHDfLJ6t1KTb83cZiYsOl4L","preKeyId":7998196}},"BSwk+iSj3K7wqJR2swoxOOqXVaHX53g9ZwSf/EpnT71L":{"registrationId":1791449731,"currentRatchet":{"ephemeralKeyPair":{"pubKey":"BS5MLzM5WriWhrI5j2jbBv3qzQzvM7SvEcf7CBpttuU3","privKey":"SLFfOLjp+WRucxjSDyd2nTxti9/T5rx+IDDCu8WPulc="},"lastRemoteEphemeralKey":"BUkJLSAglm3lAjpH+bb8hzXfkscEP0IzDzYFAY5kTUtO","previousCounter":-1,"rootKey":"4YY2bq0sUQqMAfxRATzfv3dVfzP0WxHw1jWxyisPv1M="},"indexInfo":{"baseKey":"BSwk+iSj3K7wqJR2swoxOOqXVaHX53g9ZwSf/EpnT71L","baseKeyType":1,"closed":1696381841887,"used":1696381839231,"created":1696381839231,"remoteIdentityKey":"BZL5gnVqv4pzGpxoI78Ub7HSlUBb9mPeDOQmWVIIoyhq"},"_chains":{"BUkJLSAglm3lAjpH+bb8hzXfkscEP0IzDzYFAY5kTUtO":{"chainKey":{"counter":0,"key":"0FY98CYxUhn71R+b66N0GszHA95pky4FEZqpwJW6u4Q="},"chainType":2,"messageKeys":{}},"BS5MLzM5WriWhrI5j2jbBv3qzQzvM7SvEcf7CBpttuU3":{"chainKey":{"counter":-1,"key":"cgqO1h5tAWXv3q4igEnSr2QVfFhm1ebN6Elih71pC8Q="},"chainType":1,"messageKeys":{}}},"pendingPreKey":{"signedKeyId":1,"baseKey":"BSwk+iSj3K7wqJR2swoxOOqXVaHX53g9ZwSf/EpnT71L","preKeyId":7998877}},"BVEEs+PbydiBIfiSublt0H8RtY7XtUVuWCiyH1ejPkN1":{"registrationId":1791449731,"currentRatchet":{"ephemeralKeyPair":{"pubKey":"BZBl6C3ODiM1lpYr+WKmM79OTqLB5XvTLIXV73a5x7Ak","privKey":"SDp7TWAXf4oMaKp3F6Ov0IT1V52/IyU4yLDMul+bQW4="},"lastRemoteEphemeralKey":"BUkJLSAglm3lAjpH+bb8hzXfkscEP0IzDzYFAY5kTUtO","previousCounter":-1,"rootKey":"I3W8v7LDf3r4C+NWShjscTnSiVyB0eoPZkXAFMNPr3s="},"indexInfo":{"baseKey":"BVEEs+PbydiBIfiSublt0H8RtY7XtUVuWCiyH1ejPkN1","baseKeyType":1,"closed":1696381842364,"used":1696381841881,"created":1696381841881,"remoteIdentityKey":"BZL5gnVqv4pzGpxoI78Ub7HSlUBb9mPeDOQmWVIIoyhq"},"_chains":{"BUkJLSAglm3lAjpH+bb8hzXfkscEP0IzDzYFAY5kTUtO":{"chainKey":{"counter":0,"key":"qk4AwutDmivasTn1VUUb9n2ltMhBpffGGrUIjNY7XQo="},"chainType":2,"messageKeys":{}},"BZBl6C3ODiM1lpYr+WKmM79OTqLB5XvTLIXV73a5x7Ak":{"chainKey":{"counter":-1,"key":"Z1pu5rLoGKBGMvgBl4wCNpKf3oiev2B4l8H/8tXg+RM="},"chainType":1,"messageKeys":{}}},"pendingPreKey":{"signedKeyId":1,"baseKey":"BVEEs+PbydiBIfiSublt0H8RtY7XtUVuWCiyH1ejPkN1","preKeyId":7998305}},"BalWMRS7xRBriH8D7NAz6JN7SovCnTsN5IfH/A0zCY5b":{"registrationId":1791449731,"currentRatchet":{"ephemeralKeyPair":{"pubKey":"BY6RBef0QSPuG2Bk3ulMcW+3illPz829r3Q061GC8dIA","privKey":"GIbvhRZth6ljRQg/WmPEgdu1gr6+DuLOxFqncrnmFm0="},"lastRemoteEphemeralKey":"BUkJLSAglm3lAjpH+bb8hzXfkscEP0IzDzYFAY5kTUtO","previousCounter":-1,"rootKey":"hY5a+GRYPnE3bhjYLf9GlP01XwVo0o5P9JSwrlnoigE="},"indexInfo":{"baseKey":"BalWMRS7xRBriH8D7NAz6JN7SovCnTsN5IfH/A0zCY5b","baseKeyType":1,"closed":1696381847845,"used":1696381842362,"created":1696381842362,"remoteIdentityKey":"BZL5gnVqv4pzGpxoI78Ub7HSlUBb9mPeDOQmWVIIoyhq"},"_chains":{"BUkJLSAglm3lAjpH+bb8hzXfkscEP0IzDzYFAY5kTUtO":{"chainKey":{"counter":0,"key":"mxNkf3yqIStRJJEEfOC3z2OsFdTQHyGPXTikt3b/gk8="},"chainType":2,"messageKeys":{}},"BY6RBef0QSPuG2Bk3ulMcW+3illPz829r3Q061GC8dIA":{"chainKey":{"counter":-1,"key":"Pk1bUOR5fEh5Go7ImyDVoTZg0xnWwuMR7Rh6c2tqNlk="},"chainType":1,"messageKeys":{}}},"pendingPreKey":{"signedKeyId":1,"baseKey":"BalWMRS7xRBriH8D7NAz6JN7SovCnTsN5IfH/A0zCY5b","preKeyId":7998202}},"BVArbytQlqRivLXPieWaHmnY7HgTanAU9rxZI64qdgt/":{"registrationId":1791449731,"currentRatchet":{"ephemeralKeyPair":{"pubKey":"BYha+k4PTb+Q6QFriY33jDfxer8bNY+riHOv/Ssec5pw","privKey":"gMffOlM1vs76/RHSf08TelV9hY9BWgNiX5/1jhpx8E4="},"lastRemoteEphemeralKey":"BUkJLSAglm3lAjpH+bb8hzXfkscEP0IzDzYFAY5kTUtO","previousCounter":-1,"rootKey":"r5fcc3SBTP85O3T6jKdSAmP7Wl+MsuKqccD6UxfDz+o="},"indexInfo":{"baseKey":"BVArbytQlqRivLXPieWaHmnY7HgTanAU9rxZI64qdgt/","baseKeyType":1,"closed":1696381854882,"used":1696381847838,"created":1696381847838,"remoteIdentityKey":"BZL5gnVqv4pzGpxoI78Ub7HSlUBb9mPeDOQmWVIIoyhq"},"_chains":{"BUkJLSAglm3lAjpH+bb8hzXfkscEP0IzDzYFAY5kTUtO":{"chainKey":{"counter":0,"key":"153kV6ZSUZTds5ROa5apWnAIJNbTuIl6lsldSrtIF+g="},"chainType":2,"messageKeys":{}},"BYha+k4PTb+Q6QFriY33jDfxer8bNY+riHOv/Ssec5pw":{"chainKey":{"counter":-1,"key":"vFYdXVzKlAbD6K7CVezrEodgiBdffGYs4jmbNih+oSw="},"chainType":1,"messageKeys":{}}},"pendingPreKey":{"signedKeyId":1,"baseKey":"BVArbytQlqRivLXPieWaHmnY7HgTanAU9rxZI64qdgt/","preKeyId":7998767}},"BXzGHnn6VEzJB0b0Akeiqq1e1Aygg/qq894Zgr97bolK":{"registrationId":1791449731,"currentRatchet":{"ephemeralKeyPair":{"pubKey":"BfPbnCg11X7mMGE0M38VIPkXP8fWcedG7C4thLnYuoNs","privKey":"6HnJasl+KpMsLYC9QF15ZlK8Quapv6AWdPiTk/y1CFo="},"lastRemoteEphemeralKey":"BUkJLSAglm3lAjpH+bb8hzXfkscEP0IzDzYFAY5kTUtO","previousCounter":-1,"rootKey":"eia6nbzDkDM4SvZzpBBlTNrP0pruWhAZnnxztfcJRIs="},"indexInfo":{"baseKey":"BXzGHnn6VEzJB0b0Akeiqq1e1Aygg/qq894Zgr97bolK","baseKeyType":1,"closed":1696381856193,"used":1696381854879,"created":1696381854879,"remoteIdentityKey":"BZL5gnVqv4pzGpxoI78Ub7HSlUBb9mPeDOQmWVIIoyhq"},"_chains":{"BUkJLSAglm3lAjpH+bb8hzXfkscEP0IzDzYFAY5kTUtO":{"chainKey":{"counter":0,"key":"q+KCC3h/wAmrVSiovU7D9AQfG7I4ShwGbTAjJNsmkhE="},"chainType":2,"messageKeys":{}},"BfPbnCg11X7mMGE0M38VIPkXP8fWcedG7C4thLnYuoNs":{"chainKey":{"counter":-1,"key":"Ow+bLBWRdxXFwjNZNGTxw47pbZ+HrkJuO1LEpi6/On8="},"chainType":1,"messageKeys":{}}},"pendingPreKey":{"signedKeyId":1,"baseKey":"BXzGHnn6VEzJB0b0Akeiqq1e1Aygg/qq894Zgr97bolK","preKeyId":7998216}},"BQu4uHOVIydOgsgVvpUEiAZqMFgYBCXaWXETJVakhN1q":{"registrationId":1791449731,"currentRatchet":{"ephemeralKeyPair":{"pubKey":"BdUFrY2600+95lfGSLhAT3qDNAmxjLJmaHEGob1ANCgm","privKey":"cMLnDEL53US8Xd1wsYPQdEPgyAqdV9Y2zpWygRRBuXs="},"lastRemoteEphemeralKey":"BUkJLSAglm3lAjpH+bb8hzXfkscEP0IzDzYFAY5kTUtO","previousCounter":-1,"rootKey":"Npu9tQUkUEgIMbSF8dZx4l4xrR60yie+h/4h1AxI5OM="},"indexInfo":{"baseKey":"BQu4uHOVIydOgsgVvpUEiAZqMFgYBCXaWXETJVakhN1q","baseKeyType":1,"closed":1696381872908,"used":1696381856189,"created":1696381856189,"remoteIdentityKey":"BZL5gnVqv4pzGpxoI78Ub7HSlUBb9mPeDOQmWVIIoyhq"},"_chains":{"BUkJLSAglm3lAjpH+bb8hzXfkscEP0IzDzYFAY5kTUtO":{"chainKey":{"counter":0,"key":"38cGGzsfmuIuWXTDNpMCTNCYXsZjzW9yWivFIcJHLBU="},"chainType":2,"messageKeys":{}},"BdUFrY2600+95lfGSLhAT3qDNAmxjLJmaHEGob1ANCgm":{"chainKey":{"counter":-1,"key":"245W+zFthXnnVNHLCD8OuWS6pkHEYGZBMPJYqqMnYTo="},"chainType":1,"messageKeys":{}}},"pendingPreKey":{"signedKeyId":1,"baseKey":"BQu4uHOVIydOgsgVvpUEiAZqMFgYBCXaWXETJVakhN1q","preKeyId":7998797}},"Ba8GdZ8ykznYv35GB6zADKTueHX1qFTZU28aI8MOWfJF":{"registrationId":1791449731,"currentRatchet":{"ephemeralKeyPair":{"pubKey":"BX0yaLSpu/t3hRUNnmgfAKbXhox4SPvovFZzsCAJsqYm","privKey":"cIUVsLdBpKlhfPhDgaE14vVsDePz/REo0NIgwrG+pHI="},"lastRemoteEphemeralKey":"BUkJLSAglm3lAjpH+bb8hzXfkscEP0IzDzYFAY5kTUtO","previousCounter":-1,"rootKey":"khZfB4bubwaRkvaCczpz3fBT3sH2T5g/iEenmcXuH24="},"indexInfo":{"baseKey":"Ba8GdZ8ykznYv35GB6zADKTueHX1qFTZU28aI8MOWfJF","baseKeyType":1,"closed":1696381874693,"used":1696381872903,"created":1696381872903,"remoteIdentityKey":"BZL5gnVqv4pzGpxoI78Ub7HSlUBb9mPeDOQmWVIIoyhq"},"_chains":{"BUkJLSAglm3lAjpH+bb8hzXfkscEP0IzDzYFAY5kTUtO":{"chainKey":{"counter":0,"key":"L4wVg0pJlrQgjDb5fSn10cveHencaavUtqa3t/OINXU="},"chainType":2,"messageKeys":{}},"BX0yaLSpu/t3hRUNnmgfAKbXhox4SPvovFZzsCAJsqYm":{"chainKey":{"counter":-1,"key":"oHD+YGNcK5i9VrhOgJ2pcggp7FV9C47BxUe+f406KF8="},"chainType":1,"messageKeys":{}}},"pendingPreKey":{"signedKeyId":1,"baseKey":"Ba8GdZ8ykznYv35GB6zADKTueHX1qFTZU28aI8MOWfJF","preKeyId":7998265}},"BTCSZHfCee/BBO4ROoJTmVyJYs9oWrwnfgs0rORWGXwa":{"registrationId":1791449731,"currentRatchet":{"ephemeralKeyPair":{"pubKey":"BWJJWyVOQ7msAzbdkINN+PXUR2BZ1HyLXGslYo/ONBFg","privKey":"QPE0lwjHri0+MllQnAm9o6/7AUFA6TrbBR/Xh6oRuXo="},"lastRemoteEphemeralKey":"BUkJLSAglm3lAjpH+bb8hzXfkscEP0IzDzYFAY5kTUtO","previousCounter":-1,"rootKey":"LRCTnUOCf3v/LLq4TvQo0ttMyuuR9v316DEuL625Edo="},"indexInfo":{"baseKey":"BTCSZHfCee/BBO4ROoJTmVyJYs9oWrwnfgs0rORWGXwa","baseKeyType":1,"closed":1696381880223,"used":1696381874689,"created":1696381874689,"remoteIdentityKey":"BZL5gnVqv4pzGpxoI78Ub7HSlUBb9mPeDOQmWVIIoyhq"},"_chains":{"BUkJLSAglm3lAjpH+bb8hzXfkscEP0IzDzYFAY5kTUtO":{"chainKey":{"counter":0,"key":"wM8ypHIJVwDMRHN4tUuDJYsy5xxOXvAGaF7MSAqRnDs="},"chainType":2,"messageKeys":{}},"BWJJWyVOQ7msAzbdkINN+PXUR2BZ1HyLXGslYo/ONBFg":{"chainKey":{"counter":-1,"key":"x7uxKtgiVoB9TVvmL8LK5wJ0vDOK/wHBxEhByJFJ7+s="},"chainType":1,"messageKeys":{}}},"pendingPreKey":{"signedKeyId":1,"baseKey":"BTCSZHfCee/BBO4ROoJTmVyJYs9oWrwnfgs0rORWGXwa","preKeyId":7998768}},"BS9TfcVer1rmpTQZuu8ntK2bMrRbS0yxlUmAK4+s2XAX":{"registrationId":1791449731,"currentRatchet":{"ephemeralKeyPair":{"pubKey":"BTT6ctIOEio/pkmGi6C0y9c5th8yl5nZWqKX6NpZJ8Zs","privKey":"YNP0YVBWVUnhKfHG0fbQJ7JurMQgEZmTgYQB4jMSGkc="},"lastRemoteEphemeralKey":"BUkJLSAglm3lAjpH+bb8hzXfkscEP0IzDzYFAY5kTUtO","previousCounter":-1,"rootKey":"c7Miz70v0FuwzEteqDEzBdnUhscwLLbVfUURRVB2Z9A="},"indexInfo":{"baseKey":"BS9TfcVer1rmpTQZuu8ntK2bMrRbS0yxlUmAK4+s2XAX","baseKeyType":1,"closed":1696381907331,"used":1696381880219,"created":1696381880219,"remoteIdentityKey":"BZL5gnVqv4pzGpxoI78Ub7HSlUBb9mPeDOQmWVIIoyhq"},"_chains":{"BUkJLSAglm3lAjpH+bb8hzXfkscEP0IzDzYFAY5kTUtO":{"chainKey":{"counter":0,"key":"XPR3uN73wfIzbIIcZWx8PtbNW2PopLs8xXN2A0TXOSU="},"chainType":2,"messageKeys":{}},"BTT6ctIOEio/pkmGi6C0y9c5th8yl5nZWqKX6NpZJ8Zs":{"chainKey":{"counter":-1,"key":"XF32L6zzuqYLZL3jlLnQ9HYFCOP4bSHaqRSJN3lTuqQ="},"chainType":1,"messageKeys":{}}},"pendingPreKey":{"signedKeyId":1,"baseKey":"BS9TfcVer1rmpTQZuu8ntK2bMrRbS0yxlUmAK4+s2XAX","preKeyId":7998884}},"BTD9sS9qrk8nBsOwrGcv75hxbyG0rBGsIh52864htLwo":{"registrationId":1791449731,"currentRatchet":{"ephemeralKeyPair":{"pubKey":"BatASOCCOei9xzLMy7hGH9OOeW4Xj+KNHl093liSN+ZY","privKey":"iFysFPFkZ/3J7K3AgcGMg/bQf6aMNsDLLPDcXy6eB2E="},"lastRemoteEphemeralKey":"BUkJLSAglm3lAjpH+bb8hzXfkscEP0IzDzYFAY5kTUtO","previousCounter":-1,"rootKey":"t/bDyOI+W3S4iVhe7/vX86QRfyCjegczyKXcoXf9X8E="},"indexInfo":{"baseKey":"BTD9sS9qrk8nBsOwrGcv75hxbyG0rBGsIh52864htLwo","baseKeyType":1,"closed":1696381908568,"used":1696381907328,"created":1696381907328,"remoteIdentityKey":"BZL5gnVqv4pzGpxoI78Ub7HSlUBb9mPeDOQmWVIIoyhq"},"_chains":{"BUkJLSAglm3lAjpH+bb8hzXfkscEP0IzDzYFAY5kTUtO":{"chainKey":{"counter":0,"key":"uf28v2Hfq17cfhSuvV4ScOO1YCal2XlVykjZxj9xGk4="},"chainType":2,"messageKeys":{}},"BatASOCCOei9xzLMy7hGH9OOeW4Xj+KNHl093liSN+ZY":{"chainKey":{"counter":-1,"key":"rlC/pKfkJPHsNru7WzpKoH24rDSQxmcJLjXRHe2V13k="},"chainType":1,"messageKeys":{}}},"pendingPreKey":{"signedKeyId":1,"baseKey":"BTD9sS9qrk8nBsOwrGcv75hxbyG0rBGsIh52864htLwo","preKeyId":7998102}},"Bd9hrxCqYAiyDq7h8kW/YDvx3YEVBoj458ELSEekElFF":{"registrationId":1791449731,"currentRatchet":{"ephemeralKeyPair":{"pubKey":"BT/HAm5Je6bQLT5F1mN/jsNKoLztiRjs4r7cXYWLeUYb","privKey":"+GVOhTiMMugdq28SI+rrjy7w4zbZt019KUxhKTHduWQ="},"lastRemoteEphemeralKey":"BUkJLSAglm3lAjpH+bb8hzXfkscEP0IzDzYFAY5kTUtO","previousCounter":-1,"rootKey":"kKQ4iipT2drIGtPEr1lXkAWu+EGQOGgtp8vfD0fvRSE="},"indexInfo":{"baseKey":"Bd9hrxCqYAiyDq7h8kW/YDvx3YEVBoj458ELSEekElFF","baseKeyType":1,"closed":1696381911220,"used":1696381908562,"created":1696381908562,"remoteIdentityKey":"BZL5gnVqv4pzGpxoI78Ub7HSlUBb9mPeDOQmWVIIoyhq"},"_chains":{"BUkJLSAglm3lAjpH+bb8hzXfkscEP0IzDzYFAY5kTUtO":{"chainKey":{"counter":0,"key":"VcFMEgnUPZp0I12UfGFajjE2Y/VB0rK1zSbyA83Oat8="},"chainType":2,"messageKeys":{}},"BT/HAm5Je6bQLT5F1mN/jsNKoLztiRjs4r7cXYWLeUYb":{"chainKey":{"counter":-1,"key":"8cZIXVl0Je39fjWZ7hP4E4vFsV/oiqfeB2lavo405/0="},"chainType":1,"messageKeys":{}}},"pendingPreKey":{"signedKeyId":1,"baseKey":"Bd9hrxCqYAiyDq7h8kW/YDvx3YEVBoj458ELSEekElFF","preKeyId":7998314}},"BTIJLocOa+jHjek/mw1/Wd3lxlu2Gi2yye/zVX+deTRn":{"registrationId":1791449731,"currentRatchet":{"ephemeralKeyPair":{"pubKey":"BQI3P4BjRO5HbBLMIrz1gpDfaKIaxKB8W9DEuqcHpCBd","privKey":"wDrmy64hXIHdOlLHxk6xXKoASxwmpgi49tzKNOXLo3I="},"lastRemoteEphemeralKey":"BUkJLSAglm3lAjpH+bb8hzXfkscEP0IzDzYFAY5kTUtO","previousCounter":-1,"rootKey":"Sy47KxU8H1temtVVxvU9+wfFOYHgjYYaB6TdiBf9Oi4="},"indexInfo":{"baseKey":"BTIJLocOa+jHjek/mw1/Wd3lxlu2Gi2yye/zVX+deTRn","baseKeyType":1,"closed":1696607062201,"used":1696381911216,"created":1696381911216,"remoteIdentityKey":"BZL5gnVqv4pzGpxoI78Ub7HSlUBb9mPeDOQmWVIIoyhq"},"_chains":{"BUkJLSAglm3lAjpH+bb8hzXfkscEP0IzDzYFAY5kTUtO":{"chainKey":{"counter":0,"key":"2EbuHnbzKuP7lTiXXa6MpSVDhAdGuFg9q03V3QDkXmM="},"chainType":2,"messageKeys":{}},"BQI3P4BjRO5HbBLMIrz1gpDfaKIaxKB8W9DEuqcHpCBd":{"chainKey":{"counter":1,"key":"/h38H3/gWV0ydAN1LpUt5pQ8OOZ97dwrFBGaOpLmiBI="},"chainType":1,"messageKeys":{}}},"pendingPreKey":{"signedKeyId":1,"baseKey":"BTIJLocOa+jHjek/mw1/Wd3lxlu2Gi2yye/zVX+deTRn","preKeyId":7998220}},"BZmAD3Gdp4aFuT0P4gdkZo8r5yiSKtHGS/hWIhw6bBMc":{"registrationId":1791449731,"currentRatchet":{"ephemeralKeyPair":{"pubKey":"BRP7Ar4QUUpnImlR8PTAQZqbM4w9nhnS2bs/A8oTvXUl","privKey":"cJNYKl0JTde8gjGr1aIEfuvf7L498SOnAaZ8yhrgWlw="},"lastRemoteEphemeralKey":"BYauiTb/cnk2q9l0zMCFsFDQVXRuOGnHZTf2hxcu1T0o","previousCounter":0,"rootKey":"n+3+gDhyKoXLpONwo1ZL3UWtNJL2KjHmqiB1Ocnw5zw="},"indexInfo":{"baseKey":"BZmAD3Gdp4aFuT0P4gdkZo8r5yiSKtHGS/hWIhw6bBMc","baseKeyType":1,"closed":1696607098343,"used":1696607062193,"created":1696607062193,"remoteIdentityKey":"BZL5gnVqv4pzGpxoI78Ub7HSlUBb9mPeDOQmWVIIoyhq"},"_chains":{"BRP7Ar4QUUpnImlR8PTAQZqbM4w9nhnS2bs/A8oTvXUl":{"chainKey":{"counter":-1,"key":"6pQ8BymaNaSyog/tdmPRA6isYPOB11bXTUQe6GC178Y="},"chainType":1,"messageKeys":{}}},"pendingPreKey":{"signedKeyId":1,"baseKey":"BZmAD3Gdp4aFuT0P4gdkZo8r5yiSKtHGS/hWIhw6bBMc","preKeyId":7998313}},"BW8ENM6rSHzsQ0Br4GqgZ6AYrJ0RvRD48OjZRHfigB5g":{"registrationId":1791449731,"currentRatchet":{"ephemeralKeyPair":{"pubKey":"BcG/8NKYHT3+o02+wM6b4OFFMQTOCX4/rnPa6IbQuE9H","privKey":"+PiFAnKZexhz+K2FNhD43MGfAjmgMynWT9rN1yZCc0I="},"lastRemoteEphemeralKey":"BYauiTb/cnk2q9l0zMCFsFDQVXRuOGnHZTf2hxcu1T0o","previousCounter":0,"rootKey":"pBKiIfclZMI4uy0VOyT7JHLbHlEAF2Ji51LpDCj2fc8="},"indexInfo":{"baseKey":"BW8ENM6rSHzsQ0Br4GqgZ6AYrJ0RvRD48OjZRHfigB5g","baseKeyType":1,"closed":-1,"used":1696607098340,"created":1696607098340,"remoteIdentityKey":"BZL5gnVqv4pzGpxoI78Ub7HSlUBb9mPeDOQmWVIIoyhq"},"_chains":{"BcG/8NKYHT3+o02+wM6b4OFFMQTOCX4/rnPa6IbQuE9H":{"chainKey":{"counter":-1,"key":"szeU7ICZNm//lVj83G+bj9wn4ezRiueQe73vn/FAajs="},"chainType":1,"messageKeys":{}}},"pendingPreKey":{"signedKeyId":1,"baseKey":"BW8ENM6rSHzsQ0Br4GqgZ6AYrJ0RvRD48OjZRHfigB5g","preKeyId":7998322}}},"version":"v1"}