{"_sessions":{"BbAH1vVv0WqSmPXrArzmInMmDqq8frQlntKNADLiTFkW":{"registrationId":174480665,"currentRatchet":{"ephemeralKeyPair":{"pubKey":"Berhmk5MdYDcFwZc8eHaNSfH8cO/47A77b1fSyYKie8k","privKey":"sCJbkUc0s1JzTt18Mnef1PeksTO9kXAcY7XRXShSbXU="},"lastRemoteEphemeralKey":"BTbGbYVpPRnxW5hmArDcD4ZJ9L+ydRARwA479WPI3XAt","previousCounter":0,"rootKey":"suJQaj4k8M8E3Z8QTpMkl0ysyg7xZ2mHG2ixnSQW4t0="},"indexInfo":{"baseKey":"BbAH1vVv0WqSmPXrArzmInMmDqq8frQlntKNADLiTFkW","baseKeyType":1,"closed":-1,"used":1695853014910,"created":1695853014910,"remoteIdentityKey":"BRo9zyZik2xyqeV7FT61GiwUgpWuKKSxiuroC2Bc3V5o"},"_chains":{"Berhmk5MdYDcFwZc8eHaNSfH8cO/47A77b1fSyYKie8k":{"chainKey":{"counter":27,"key":"4S2tJfBiu6zh9Mf/HrY1TwKfWKUobjc4D4K72cDL7L0="},"chainType":1,"messageKeys":{}}},"pendingPreKey":{"signedKeyId":6,"baseKey":"BbAH1vVv0WqSmPXrArzmInMmDqq8frQlntKNADLiTFkW"}}},"version":"v1"}