{"_sessions":{"BYD/QMQjw3KKaCQjozxkI7nwCKcf/hZQfOffZKSzJZox":{"registrationId":1591260666,"currentRatchet":{"ephemeralKeyPair":{"pubKey":"BeL4pV05baLauwR75jvOE4tOtWVoLo8po6Qfqges/qUO","privKey":"QOxKQYsq0jZkMyYII5CLLnJNW/rV2D1nsY/4KLpgIUA="},"lastRemoteEphemeralKey":"BQ2y/Fk1vF4+aqIm7VH3Rn5ursxpjyrTlx1yWNV/cklp","previousCounter":0,"rootKey":"Y1oV5BVYUsKS6p6OMFIXNl8VXzn7/oP0eq7q4vjDALs="},"indexInfo":{"baseKey":"BYD/QMQjw3KKaCQjozxkI7nwCKcf/hZQfOffZKSzJZox","baseKeyType":1,"closed":-1,"used":1695853014838,"created":1695853014838,"remoteIdentityKey":"BWP5oIddtQTW5ljvDNRkKK6y4ytWQ33W56/AE4Z15EED"},"_chains":{"BeL4pV05baLauwR75jvOE4tOtWVoLo8po6Qfqges/qUO":{"chainKey":{"counter":15,"key":"pGgjrnxXB8kXcZrhVKm8Ec+ha4U9B9OAl+Lo9TdYF7M="},"chainType":1,"messageKeys":{}}},"pendingPreKey":{"signedKeyId":0,"baseKey":"BYD/QMQjw3KKaCQjozxkI7nwCKcf/hZQfOffZKSzJZox","preKeyId":9783396}}},"version":"v1"}