{"_sessions":{"BQzXl3z9DG4rHAcS3Zbw8jngCauVjHN/Z7n8snIYizk6":{"registrationId":1681920170,"currentRatchet":{"ephemeralKeyPair":{"pubKey":"BW7Bwf1Z4vkXiSZA8BOnHMeacx/qwEwM8lGja5YBap1h","privKey":"SAdTZBtJb453G5/hpjfHut8mf5CgN/yXqpy7NL35hFw="},"lastRemoteEphemeralKey":"BUKd0nNb5Imxi5PX3vvi9VmrcYZVv9cxPurqqj93/IpR","previousCounter":2,"rootKey":"+ahtxBdZFbUS8I1HW55WeSNC7qSmNT9B8FBTQQZKSrI="},"indexInfo":{"baseKey":"BQzXl3z9DG4rHAcS3Zbw8jngCauVjHN/Z7n8snIYizk6","baseKeyType":1,"closed":-1,"used":1696688697822,"created":1695853014972,"remoteIdentityKey":"BZGeY2NeYwNDQqngZgEHvsYr1S3n1MGuCJElOWMaSncs"},"_chains":{"BTEQlon7BOtw1MK+cTbY8XEaatSXIh6yOKquf4ueAyJt":{"chainKey":{"counter":1},"chainType":2,"messageKeys":{"0":"x0PLLTXzx8PWMDboWeINy5HuZiIJ83VWWde7Y9vbdbY="}},"BSEqCYrCJE4i0VYaHqav87i4Z8faVUKmSaykKAwpucJe":{"chainKey":{"counter":0},"chainType":2,"messageKeys":{}},"BYZXCPJFsG/UtkLe3a5RrF7oKBKBqdxCpAap5xGUvFxh":{"chainKey":{"counter":0},"chainType":2,"messageKeys":{}},"BWZ6VnaONUNKp+W7cfV7biCSj2DsJkgnyJ3yAh8sgkAx":{"chainKey":{"counter":0},"chainType":2,"messageKeys":{}},"BfnzVPLY/e77k4GJ73iOEl9mPcz0JM+CJ6cyr4UOetkt":{"chainKey":{"counter":0},"chainType":2,"messageKeys":{}},"BQCksLSMmuaWhxzkcAZBvsc9BvxQtaOf4d4onro1EvII":{"chainKey":{"counter":2},"chainType":2,"messageKeys":{}},"BSbI0K1n0nhBQp6qrucA7Am9PhRS/j5ATY2MNakbtIhK":{"chainKey":{"counter":0},"chainType":2,"messageKeys":{}},"BbU8r/k2N/nYU91ahEmN952CkNP2ClWAZI0m7TeVMvcF":{"chainKey":{"counter":0},"chainType":2,"messageKeys":{}},"BVH6oZibSnoMC/Ei7h+GPPJeAGr6D4oUm+X766D4fQNy":{"chainKey":{"counter":0},"chainType":2,"messageKeys":{}},"BRTuyD+epF/A3DaDf+nxT3XXhHzTMOOrIAODybbM3fBT":{"chainKey":{"counter":0},"chainType":2,"messageKeys":{}},"BUKd0nNb5Imxi5PX3vvi9VmrcYZVv9cxPurqqj93/IpR":{"chainKey":{"counter":0,"key":"GW2ymsNYnZWjSZqCwW+Wrij6ZUgkAl54BMK26RvJQ9k="},"chainType":2,"messageKeys":{}},"BW7Bwf1Z4vkXiSZA8BOnHMeacx/qwEwM8lGja5YBap1h":{"chainKey":{"counter":1,"key":"w2TuLkqeCzjVz5UIZne7f99+D/93szA1e0V+0AtbpIs="},"chainType":1,"messageKeys":{}}}}},"version":"v1"}