{"_sessions":{"BY5NsrlFK+Ygy3zEbxa1PHHkaW54AVG0mXCIKg1ZdrpW":{"registrationId":975962420,"currentRatchet":{"ephemeralKeyPair":{"pubKey":"BWpdcXdi/c3teb4fBmwsbNBbrovzYUAw9FZQzcHzYSIb","privKey":"EAXJN0oBNaQuZ7LdT9D3DJ1sWM/4fdE1Hi1TrrvouXU="},"lastRemoteEphemeralKey":"BdcZR4ycmZ0/teJGmU3aAHzScEIPmTBNxMdcttFweS1Z","previousCounter":2,"rootKey":"DLrwhI06ly8TntWQ4TJFy5OJbr5eNHJPwXGcPU6vEkQ="},"indexInfo":{"baseKey":"BY5NsrlFK+Ygy3zEbxa1PHHkaW54AVG0mXCIKg1ZdrpW","baseKeyType":1,"closed":-1,"used":1696688699203,"created":1695853015039,"remoteIdentityKey":"BZ216Ey/aRoOn7W3tSw/4uisl7IrHCzOk1hqP3hmUpoK"},"_chains":{"BS+njKRkjheigmy9oa2Jb/QymojcJRvZ4NgqhIOe9GF3":{"chainKey":{"counter":0},"chainType":2,"messageKeys":{}},"Bce7/YwdE7JRHD//UTJSiTzXQfC79Gcc0/pAXv7ZPcIs":{"chainKey":{"counter":1},"chainType":2,"messageKeys":{"0":"rfJY7I9N5+ArneaKmvdOpn90Qff8x8zJnbgyXIMM0IA="}},"BWTcHuUq7+7ZyKxRCk7co3NthB/MspUtBRmcVyI87Hxb":{"chainKey":{"counter":0},"chainType":2,"messageKeys":{}},"BYWW2M83icdX5lEFEnIZXEV+0N9pgtYMk7sbM1jNgwsH":{"chainKey":{"counter":0},"chainType":2,"messageKeys":{}},"BUhrozZDpv7ZVscdvHDvM0ExOW3vYYNapixjOlizQQwa":{"chainKey":{"counter":1},"chainType":2,"messageKeys":{}},"BdlylugOK7KGdpfiOf1ntBJxATeMHGCPCfO4KoGVWTRy":{"chainKey":{"counter":3},"chainType":2,"messageKeys":{}},"BVFgSZvSHSXVYNwZBnjgDNR1Jd+9WOSJtZQ98DvqvlRg":{"chainKey":{"counter":1},"chainType":2,"messageKeys":{}},"Bc5bJzL7LHPdyR2E9csYbQluaHQuCx7beAPU9pHjb3pq":{"chainKey":{"counter":0},"chainType":2,"messageKeys":{}},"BZuZMjSGgpK/7Wd/g0TyLbKEaY2kKBWxZGu3VOamMEd8":{"chainKey":{"counter":0},"chainType":2,"messageKeys":{}},"BdcZR4ycmZ0/teJGmU3aAHzScEIPmTBNxMdcttFweS1Z":{"chainKey":{"counter":0,"key":"ZgKOuuThGPj4PXOnGXj5mXABD5+zABozjVDiM/emm/4="},"chainType":2,"messageKeys":{}},"BWpdcXdi/c3teb4fBmwsbNBbrovzYUAw9FZQzcHzYSIb":{"chainKey":{"counter":1,"key":"BtrdRR73t4CCg6beuf5fLMyMlDHMogl6kYsiyxZfUhI="},"chainType":1,"messageKeys":{}}}}},"version":"v1"}