{"_sessions":{"BTSHTE1Z3l1JNUsCC4AjtSYIQGU+fW7TdXNtW5YjkNc2":{"registrationId":4302,"currentRatchet":{"ephemeralKeyPair":{"pubKey":"BSfDJSwJX7tL68xPPBtKJYVFqdFjQOoIZ/YdJWMl2gJD","privKey":"GN+aYah8Y/+Wkd+Du0ps5gMAzqhOCtdP67RwDf1SxW8="},"lastRemoteEphemeralKey":"Bcx1l4ZK7BHbW/2M1ynBVSu/j6F5aIPWL4q09axkSVNS","previousCounter":0,"rootKey":"8ySKKQBblFkj9nIu6vCjxHJauMh0MjqRl+/OrR25rMA="},"indexInfo":{"baseKey":"BTSHTE1Z3l1JNUsCC4AjtSYIQGU+fW7TdXNtW5YjkNc2","baseKeyType":1,"closed":-1,"used":1695853014504,"created":1695853014504,"remoteIdentityKey":"BUf56sQx7hn6g5GwCecZLsNBzqlG3paeVzi8G8mM0AFo"},"_chains":{"BSfDJSwJX7tL68xPPBtKJYVFqdFjQOoIZ/YdJWMl2gJD":{"chainKey":{"counter":27,"key":"91Bj4SVwSpCdl7MCdPTEZ5HJmqfNu2Zu4wXI+aJMMxQ="},"chainType":1,"messageKeys":{}}},"pendingPreKey":{"signedKeyId":1,"baseKey":"BTSHTE1Z3l1JNUsCC4AjtSYIQGU+fW7TdXNtW5YjkNc2","preKeyId":461}}},"version":"v1"}