{"_sessions":{"Bc3dhoro3moWZI2Y7BkxxxJrMw136Q+vNKUlLFeS278L":{"registrationId":68168684,"currentRatchet":{"ephemeralKeyPair":{"pubKey":"Be/JyojUH9qQ8VmM9rhNM9w4P+HxArzgiIgrPWak7c0U","privKey":"KGyN9gUc+W9f4HEEIcIfeCAGUE3DfC9mhWAvG3V2iVM="},"lastRemoteEphemeralKey":"BbRInGlaMJ7vpqSQYR1XE/DMdQbj6wnBGmi/dATgf7YK","previousCounter":0,"rootKey":"e/wFLUrumC5jmpgYOH8+ll6Ihx1tesAspzUf6Eurxrw="},"indexInfo":{"baseKey":"Bc3dhoro3moWZI2Y7BkxxxJrMw136Q+vNKUlLFeS278L","baseKeyType":1,"closed":-1,"used":1696688708310,"created":1696187179876,"remoteIdentityKey":"BUXHkMHZTf0nIECJBGq9leU7JUlVcPC9d9HcQ14bANQp"},"_chains":{"BS+o2fHq94TPhzrOnvS95uVeGZ2pJNBYXIwvTwJn4r4s":{"chainKey":{"counter":1},"chainType":2,"messageKeys":{}},"BTSZsRPX/djLXt4p54MOl8TjQDb5C9sldlqROQ8S2Vl2":{"chainKey":{"counter":0},"chainType":2,"messageKeys":{}},"BdfoBzFHdDb//aK5aKhzF9Bo+HfKb+W9cq0GQ9t7fjlC":{"chainKey":{"counter":3},"chainType":2,"messageKeys":{}},"Bb8dPybpsOrnbGxQoY3lKsbICS9YNgAHK/A91C6A0dUV":{"chainKey":{"counter":2},"chainType":2,"messageKeys":{"0":"BGNP2CXNd5LQFCvQkXzVy8Rvn/5UzYOe5KsQdtcJx4Q="}},"BYOlFAgNqqaAz+HP9aYa8luVF8X6K1ImMeibrI1eaDsM":{"chainKey":{"counter":0},"chainType":2,"messageKeys":{}},"BaKhbHmj2CHiaMS0Z9FP3uqlWhu/fN0+6A1UZry5q2Fr":{"chainKey":{"counter":0},"chainType":2,"messageKeys":{}},"BXcYAr9fQW9N8YKWVr4eRFtUrgUo4O1Exunr9hJrgMIR":{"chainKey":{"counter":0},"chainType":2,"messageKeys":{}},"BeeIl/GT7roniGdri2qAsXX3p7MQBCDMhDCkTFI59/s3":{"chainKey":{"counter":1},"chainType":2,"messageKeys":{}},"BWkOswiIewSVTF4qSBo5ajl2dkOp7hh43Tn2Ewx5UJ5z":{"chainKey":{"counter":0},"chainType":2,"messageKeys":{}},"Be39D4TNFW5KohriVWlUEszgvpxF1aNr5CiZ1bewQAdE":{"chainKey":{"counter":1},"chainType":2,"messageKeys":{"1":"/EJ3sisvgK2RDDJLkf7Xc+ksRtjcCmGVW+7Ud30oN0o="}},"BbRInGlaMJ7vpqSQYR1XE/DMdQbj6wnBGmi/dATgf7YK":{"chainKey":{"counter":1,"key":"FVKwAcAvTSGfYDMU1oT9jy81+ABRi0PKsCbCFdHcyHc="},"chainType":2,"messageKeys":{}},"Be/JyojUH9qQ8VmM9rhNM9w4P+HxArzgiIgrPWak7c0U":{"chainKey":{"counter":1,"key":"fhvtH7qgcgVIp+8O1E/fhXe/clAv1BHjem9+ZoGG9wU="},"chainType":1,"messageKeys":{}}}}},"version":"v1"}