{"_sessions":{"BVwjMQ3fw2rrmAYEtNNNPsjkjBaATcwuRC2jx5qADuJl":{"registrationId":268797996,"currentRatchet":{"ephemeralKeyPair":{"pubKey":"BURYmG34/xtRZAKninbZQMB4IiHTpFhFFBddYlpHTyVL","privKey":"QMxouwFUqXmD4xnZ020d6bl7+DKHGK4swqrGF9pVFFw="},"lastRemoteEphemeralKey":"BWzOJ3EqYw/hbGbLc2gwE8RPKMYRpxnFMZ1meg7GT5J/","previousCounter":0,"rootKey":"VX4vBDqpwATHrB5HEVJ16+FIhZgeLrEQlddI0lcPhyQ="},"indexInfo":{"baseKey":"BVwjMQ3fw2rrmAYEtNNNPsjkjBaATcwuRC2jx5qADuJl","baseKeyType":1,"closed":-1,"used":1696464817649,"created":1695853014916,"remoteIdentityKey":"BcrglMMLim19M6ajR/FkNGROQJkDb4pXXKKNveilwglt"},"_chains":{"BZrKMALa3qIfsR78vtiKPK3wtyDEVf3zlXh/qXBQH9Fe":{"chainKey":{"counter":0},"chainType":2,"messageKeys":{}},"Beoz0Xbi0va3Dww2nNykHIZWZy9Mj93WDQyntG9JzuMd":{"chainKey":{"counter":1},"chainType":2,"messageKeys":{}},"BRRPsrqKT7EXXteozE8ZvFZarReueMie8VpWuu42Zo49":{"chainKey":{"counter":0},"chainType":2,"messageKeys":{}},"BaekFU8nawMk3b6QNDtaL5M3S1tmqNKsHfKK3CvRNPAN":{"chainKey":{"counter":0},"chainType":2,"messageKeys":{}},"BfCJIQRsx8LQQprIAMBMB46mda2BTSB30kMLMY/Lclpx":{"chainKey":{"counter":0},"chainType":2,"messageKeys":{}},"BfEssZoHJT1TxzdOdkmddM6iD1iVAsL3LzenFRPuoqdx":{"chainKey":{"counter":0},"chainType":2,"messageKeys":{}},"BXczLrNG0CF1PJRBCSxO6JS0+YE+v/zdZ0jWZlPR/rwT":{"chainKey":{"counter":2},"chainType":2,"messageKeys":{}},"BXvICdDDHGoEKNmRIJPQlam9onhsE024N8kexvXhnn5N":{"chainKey":{"counter":0},"chainType":2,"messageKeys":{}},"Bct4sGfzfEq3VVmiuexBfnvPuXQM8LjMWkMpOv/nd5pp":{"chainKey":{"counter":4},"chainType":2,"messageKeys":{}},"BbJuYaNoqFLXkprSE4oh0MboaracxjPX8D2vGFnh0xpr":{"chainKey":{"counter":0},"chainType":2,"messageKeys":{}},"BbBQ8TITN5tjVbq2jRuC73O7FW7g+wVQBW/p5bpFJewI":{"chainKey":{"counter":0},"chainType":2,"messageKeys":{}},"BWzOJ3EqYw/hbGbLc2gwE8RPKMYRpxnFMZ1meg7GT5J/":{"chainKey":{"counter":1,"key":"lY8QPsVTdMwbg45GGsexmUTGSV9j5OSi12d+i3NsEhc="},"chainType":2,"messageKeys":{}},"BURYmG34/xtRZAKninbZQMB4IiHTpFhFFBddYlpHTyVL":{"chainKey":{"counter":-1,"key":"/aEppHIpGxRPpNPcPUKB+OcC3zE3f4KUZkT7Uz/TkHA="},"chainType":1,"messageKeys":{}}}}},"version":"v1"}