{"_sessions":{"BePZOMQwOgIgE7DiRSWT39f34p0s9Ao0XvxMGhkwKFke":{"registrationId":283070656,"currentRatchet":{"ephemeralKeyPair":{"pubKey":"BZoRHq5ttVGT6UdiR0rkx1FD0TGphp+8NRAhyMI4uhJ5","privKey":"oDQvdWi5S1YPCu4OfjwOhMO7/31Ac0cnHAVtIYXXHXQ="},"lastRemoteEphemeralKey":"BeFLS7zpFhdjHcjGvsZD1MT4TcRxhqPzoCDG6cpZ6k18","previousCounter":0,"rootKey":"9fdR2Mw1a15Hf7mr++a7sSvv/gRFGhSnLsvADYKbhBY="},"indexInfo":{"baseKey":"BePZOMQwOgIgE7DiRSWT39f34p0s9Ao0XvxMGhkwKFke","baseKeyType":1,"closed":-1,"used":1695874497826,"created":1695874491164,"remoteIdentityKey":"BZqoGZzM6eunknK6rJLhmP3pProTL7QfxPOWhb4wYjlw"},"_chains":{"BeFLS7zpFhdjHcjGvsZD1MT4TcRxhqPzoCDG6cpZ6k18":{"chainKey":{"counter":0,"key":"8ew0EHPaZd+OOY25i6OSCqm/iplX59sxWQQaXhQ8YqE="},"chainType":2,"messageKeys":{}},"BZoRHq5ttVGT6UdiR0rkx1FD0TGphp+8NRAhyMI4uhJ5":{"chainKey":{"counter":24,"key":"Xq7ktFRj6QFRSOaBdDgGnIXrdxdBnW+8NplzaGLJd9A="},"chainType":1,"messageKeys":{}}}}},"version":"v1"}