{"_sessions":{"BUsIvFO8sjzwafn3ofdDh11VUROb7dNiuVh67qs8VSZQ":{"registrationId":5424,"currentRatchet":{"ephemeralKeyPair":{"pubKey":"BQk2Ad4VJlKdkj5RvP1FqK3mLnM0PiHvkfXfQgqFtyUR","privKey":"kFgcFbgYlWVcy4phFjEsAyO+GK3PZWU7Yvw/joMgn3I="},"lastRemoteEphemeralKey":"BfZmEO9OAd2eFav/pADfwZJ8tjo7n5PmVOVZtqzefXMb","previousCounter":0,"rootKey":"/4LnvqWGRCkv+65ltA7NsK4nZpBKzIa3xdSFPFHWOoo="},"indexInfo":{"baseKey":"BUsIvFO8sjzwafn3ofdDh11VUROb7dNiuVh67qs8VSZQ","baseKeyType":1,"closed":-1,"used":1695853014340,"created":1695853014340,"remoteIdentityKey":"Bd0umc0Kl1OpIvki8AwfSvC7iDIdMOl47PWUn/UKSKIx"},"_chains":{"BQk2Ad4VJlKdkj5RvP1FqK3mLnM0PiHvkfXfQgqFtyUR":{"chainKey":{"counter":2,"key":"aND5PUn9MrJDzGMyno6ibczzHH3hbPtcK02egayqh6k="},"chainType":1,"messageKeys":{}}},"pendingPreKey":{"signedKeyId":1,"baseKey":"BUsIvFO8sjzwafn3ofdDh11VUROb7dNiuVh67qs8VSZQ"}}},"version":"v1"}