{"_sessions":{"BQ1zU/ijlQm87KgnVvhhW/IxIp1pewGt/+jt9DkM8EUo":{"registrationId":1278149773,"currentRatchet":{"ephemeralKeyPair":{"pubKey":"BXRpPnUKepM2N+GoOU7h9Gdc0Q4Q5bpGfzNt2u5drxA4","privKey":"WL0gbGawNdV1emjB9ymnoYAmMbQlpTfPlVZN+FBEv2s="},"lastRemoteEphemeralKey":"Bd3a8G3s7VoFnEYHs2x4uSSG/1WWjTNDS5a6BVRufag8","previousCounter":0,"rootKey":"YVDFJEwdpStyT2Q2FPdvlzpBVFOuFW/ar5qY/WWzIJE="},"indexInfo":{"baseKey":"BQ1zU/ijlQm87KgnVvhhW/IxIp1pewGt/+jt9DkM8EUo","baseKeyType":1,"closed":-1,"used":1695853014844,"created":1695853014844,"remoteIdentityKey":"BfyBIzemd4pJaa7Tagmixl4+lKsC5CW7EgXzc1tyC3IP"},"_chains":{"BXRpPnUKepM2N+GoOU7h9Gdc0Q4Q5bpGfzNt2u5drxA4":{"chainKey":{"counter":27,"key":"ptp4DGuvXTFY0BJpE9vYw1MmQg8O31Feb0dus1nD9yU="},"chainType":1,"messageKeys":{}}},"pendingPreKey":{"signedKeyId":0,"baseKey":"BQ1zU/ijlQm87KgnVvhhW/IxIp1pewGt/+jt9DkM8EUo","preKeyId":8048772}}},"version":"v1"}