{"_sessions":{"BXKT/A42tuo4n0LZI+ZrFPsqAlX1BK42IiTNNgJQugQF":{"registrationId":1398681577,"currentRatchet":{"ephemeralKeyPair":{"pubKey":"BUlN0iSi7LL0cT6AAhSbABDmACVE/GqYHgchTMQnzARS","privKey":"mAwji/4EIe+Qy6zlwXgJ7jMhupef3PfhVlOBx4+Wx2U="},"lastRemoteEphemeralKey":"Bc2w/MHrPwTzpDN4bVJ0l2lkueC2K/CpubMIk7iO5cFR","previousCounter":12,"rootKey":"AqO4L0jRizWProFxzgPphN6PkkgDuUv9QVTl5GehRSw="},"indexInfo":{"baseKey":"BXKT/A42tuo4n0LZI+ZrFPsqAlX1BK42IiTNNgJQugQF","baseKeyType":1,"closed":-1,"used":1696194906020,"created":1695853014808,"remoteIdentityKey":"Ba3gWe0wk1RUucXarAB8nnPSISHnh+SJkM9Npv8oA3wC"},"_chains":{"Bc2w/MHrPwTzpDN4bVJ0l2lkueC2K/CpubMIk7iO5cFR":{"chainKey":{"counter":0,"key":"JmSlNJD9p/wTIU/xYZS+zEqX3p0C8JIELO18HNRa0xE="},"chainType":2,"messageKeys":{}},"BUlN0iSi7LL0cT6AAhSbABDmACVE/GqYHgchTMQnzARS":{"chainKey":{"counter":15,"key":"RN5HhpdEkkCWK0lkm1MaNzr1xuao87jKCWWwXNBCV2g="},"chainType":1,"messageKeys":{}}}}},"version":"v1"}