{"_sessions":{"BR8bqCnwA2NunevjsvSQhuT9Mef/axqCPxOKNfUc6OID":{"registrationId":1016636201,"currentRatchet":{"ephemeralKeyPair":{"pubKey":"BfqzvWdB/IpiIWRDRIbt0czsHQJrkZDcP6mMHzVINzQq","privKey":"uMta6zxE6GANttlVHS288yTjACguh3pPpPfheX0lxH4="},"lastRemoteEphemeralKey":"BeFZHO9GYbqfu0I0MWvPAgmTT6xOYSFG7mSq0K9xghII","previousCounter":1,"rootKey":"KrJYdJWaqtdGm0H7qMECxrNj+NCrLHSLSABX3M4W/LE="},"indexInfo":{"baseKey":"BR8bqCnwA2NunevjsvSQhuT9Mef/axqCPxOKNfUc6OID","baseKeyType":1,"closed":-1,"used":1696546803056,"created":1695940110888,"remoteIdentityKey":"BRsIbnbzooqWDaXwuMyYMSUFNwY7sHIeWjWfNrjXCXAR"},"_chains":{"BTENZLnhmSvzRae5xW55rQo/hHS0+KlB5LTpWc5xfpNo":{"chainKey":{"counter":5},"chainType":2,"messageKeys":{"0":"6otJzwnORIgYaWyHIc4PtoBNk5gcJ23LQkF4qwpH+xk=","4":"UzHy1xmob/6ai9Al5+qwvXbUUrsXTYSPsyRXj/nJb3U="}},"BZ4pY00MW10Xf8Ai6H5OHKi/UIboGeMbKgFrJvnSvvlR":{"chainKey":{"counter":0},"chainType":2,"messageKeys":{}},"BfzkSE9AHkwa7NVDm+6Fdz2u519EvOWRf72v0uaSyj8w":{"chainKey":{"counter":0},"chainType":2,"messageKeys":{}},"BWTQzzYtikFYX2zNXrijviKrWYImiDfAiVnTLEF634k6":{"chainKey":{"counter":0},"chainType":2,"messageKeys":{}},"BUvDcPG0O2QuvTTf9VvHPMaZP832q4HSRwOzcDP0rpNZ":{"chainKey":{"counter":4},"chainType":2,"messageKeys":{}},"BXyB+xXmhwdNYuJrj54gzh1OetwAHyFiVATX89AbA31T":{"chainKey":{"counter":0},"chainType":2,"messageKeys":{}},"BUuCtGk1DelqXbOiNsHOeYxuQ4Ui76C6ZvmfDY80IKxJ":{"chainKey":{"counter":3},"chainType":2,"messageKeys":{"1":"mtc7rEcLCnCsKoUDa2MRlQaFNHYaOaBbbVRZgU2xzvE="}},"BYQukso4+acFPTCXYO06SBnFVHFMp+q20ZUpW3xRurMh":{"chainKey":{"counter":0},"chainType":2,"messageKeys":{}},"BYTknlKw2jLPaf5+oOwD2UIVFzTCri3DnaKuWJ1zWyQl":{"chainKey":{"counter":3},"chainType":2,"messageKeys":{}},"Ba9DCs7tX3UPWVRqxLC69kaenRIlIcMI58eOVSjZnxEz":{"chainKey":{"counter":3},"chainType":2,"messageKeys":{"0":"iKKov9fZd7Uwo2eI4na5abpE0Zbfaw80iUbG+yr8Bvw="}},"BZLYwk77TSHlcmUPSzJis/yi7r6LMmXfKGuzREu/Hs9Q":{"chainKey":{"counter":1},"chainType":2,"messageKeys":{}},"BeFZHO9GYbqfu0I0MWvPAgmTT6xOYSFG7mSq0K9xghII":{"chainKey":{"counter":1,"key":"HXOmhrbuBhXaHhrw5abCVo0bAUgLTv4tlt9hUCUCtEo="},"chainType":2,"messageKeys":{}},"BfqzvWdB/IpiIWRDRIbt0czsHQJrkZDcP6mMHzVINzQq":{"chainKey":{"counter":-1,"key":"Z1gBDC3zCl1ANRvjqHBufGwdLMFP1FFRDwrDTnz91OM="},"chainType":1,"messageKeys":{}}}}},"version":"v1"}