{"_sessions":{"BTZQFHi2fQYXEVlAS0PHQP4FmWZXKUuWJsfDe0F5KaAL":{"registrationId":52206334,"currentRatchet":{"ephemeralKeyPair":{"pubKey":"BbaU2iqoYNH0rAe09oP+kWAEIVV7cvxqAhs0xYuBtAdz","privKey":"MOO5CDwrtsog1gv9gORtbqVJoHCkbrzfdq6yX5zXCEA="},"lastRemoteEphemeralKey":"BdM9cZozBIhR6fUU1D3Q9KdyOh1EtNyzfkBhK2Ba/6hh","previousCounter":0,"rootKey":"TlaxAkcKm1QZGfHxj4r8aT6eI1d/lukDQv5xPJOKuLs="},"indexInfo":{"baseKey":"BTZQFHi2fQYXEVlAS0PHQP4FmWZXKUuWJsfDe0F5KaAL","baseKeyType":2,"closed":-1,"used":1696033828860,"created":1696033828860,"remoteIdentityKey":"Be9TcYCJfSxeVpU47TQGMDlacqxeYoC/UQgry3IaHzFN"},"_chains":{"BdM9cZozBIhR6fUU1D3Q9KdyOh1EtNyzfkBhK2Ba/6hh":{"chainKey":{"counter":4,"key":"yW6Ar63iyGxJ/Vjpw+10r2kY6/4iTASNLxrpvcP78aE="},"chainType":2,"messageKeys":{"0":"b3/Xx6RKSEmyIYY14kn6A5LBoiQ7uSUXUz9NnDBY8Xc=","1":"EVkmbZ+Y+2gywoefucYmYXHlScN9OrE0Pq7cdR6BnB8=","2":"X/2Q+OXoM5l3DOFRHLAeUroOEKgw0/ytOZ/505tDBTY=","3":"b7TCHpvP7oGamqd1iHu86T5JviUIrHRc6TAz4Nii9l4="}},"BbaU2iqoYNH0rAe09oP+kWAEIVV7cvxqAhs0xYuBtAdz":{"chainKey":{"counter":-1,"key":"7N3wu6E6YT3OlLQhK5hJEHPoek5VLbuB1keOEBVmUR8="},"chainType":1,"messageKeys":{}}}}},"version":"v1"}