{"_sessions":{"BcpJ/MN7jx/DPLxIk+lQN28gU8/Twj6gTjRefNvrYNsz":{"registrationId":2543,"currentRatchet":{"ephemeralKeyPair":{"pubKey":"BcXb2m5ESUDPn12HxUUiwkEi7ZCwtbsrsuVok74TLyta","privKey":"SOk/ZlkatKdld/vmDxRQo+tqh4nawxhONO0bsAvnrGw="},"lastRemoteEphemeralKey":"BS6v7+T7UTLXCpRT/WwYtWJ0WPhdqqfxvBhsafygsXsC","previousCounter":0,"rootKey":"LVSvoc8HqWWJidlqJ1aKwKJ3AQzHOHG3UGZqSyAmFSQ="},"indexInfo":{"baseKey":"BcpJ/MN7jx/DPLxIk+lQN28gU8/Twj6gTjRefNvrYNsz","baseKeyType":1,"closed":-1,"used":1695853014553,"created":1695853014553,"remoteIdentityKey":"BeZ1O7o7SVt8u1BAPXhLmdMNXHBC10PQqxJojsWrzVwn"},"_chains":{"BcXb2m5ESUDPn12HxUUiwkEi7ZCwtbsrsuVok74TLyta":{"chainKey":{"counter":27,"key":"OYO52OxcLLyg8EFYlK4vEBKp0prWlXs+ERf/vPiy5r8="},"chainType":1,"messageKeys":{}}},"pendingPreKey":{"signedKeyId":1,"baseKey":"BcpJ/MN7jx/DPLxIk+lQN28gU8/Twj6gTjRefNvrYNsz","preKeyId":243}}},"version":"v1"}