{"_sessions":{"BRIJ9uHEPkdvOIy0bxRJtTcRMQRrt+zg1QFds7818B4Z":{"registrationId":987891159,"currentRatchet":{"ephemeralKeyPair":{"pubKey":"BXgiGk7Qfh9hI7VyjbE1hrHhZimG5d41gPrwVNI355pi","privKey":"YNc79V01WKhLYWP79TbjhgRMB7hmcKcvrtFsFrLaAUo="},"lastRemoteEphemeralKey":"BTpQwCtx6ak3ONU+GgeWt1JzLv2uK/Flp7otvyQJGC8W","previousCounter":0,"rootKey":"5cHDwZAFaHA4DB5fGmIG8xgeZUiBaNQg69yb7mbillM="},"indexInfo":{"baseKey":"BRIJ9uHEPkdvOIy0bxRJtTcRMQRrt+zg1QFds7818B4Z","baseKeyType":1,"closed":-1,"used":1695853014944,"created":1695853014944,"remoteIdentityKey":"BaJ6T0utwqfsGlsZlVJD6PqwXyevm9HFlzzgSwVWznRw"},"_chains":{"BXgiGk7Qfh9hI7VyjbE1hrHhZimG5d41gPrwVNI355pi":{"chainKey":{"counter":27,"key":"jkBQfIJl40keChH3smvfUlxxNTzZPIO/mCk38BiZINw="},"chainType":1,"messageKeys":{}}},"pendingPreKey":{"signedKeyId":1,"baseKey":"BRIJ9uHEPkdvOIy0bxRJtTcRMQRrt+zg1QFds7818B4Z"}}},"version":"v1"}