{"_sessions":{"BYmlQo4ntCzxWlnJf6bgew7RSminc0DszwAv6pWsg9Qw":{"registrationId":1638560087,"currentRatchet":{"ephemeralKeyPair":{"pubKey":"BV6cXw9rhvuOJsAM773aks+5vET7SgRLEUkUZyExs8gp","privKey":"oIgQ5EqyM5el/fzQufatMivww5bmVSMcLZRQJv+j20I="},"lastRemoteEphemeralKey":"BWpB3NOLY4dc8dMuCLfucjQRHQia8+/BbgqEeFlxXVAR","previousCounter":2,"rootKey":"o5SCxHVnWyXivbT1yEQKDzrwFW+B9Ss34f8bea2OKYc="},"indexInfo":{"baseKey":"BYmlQo4ntCzxWlnJf6bgew7RSminc0DszwAv6pWsg9Qw","baseKeyType":2,"closed":-1,"used":1696688729164,"created":1695852502904,"remoteIdentityKey":"BezddD8uLnHiJlMw2xGR1YLUef/NzsInhbTR0SZwLXts"},"_chains":{"BWCbkB2mcl6Av105DALu3dnwUcEL/gw/3NqzAeCfZgRT":{"chainKey":{"counter":0},"chainType":2,"messageKeys":{}},"BUV73f4TY4YZLD+feT4WlJOO0i4XgoncmH9oNAWbx556":{"chainKey":{"counter":0},"chainType":2,"messageKeys":{}},"BdVhD6+W0UC5nP5xpuwKa7uQUEJUkHqraImin94uTJp0":{"chainKey":{"counter":1},"chainType":2,"messageKeys":{}},"BeO68BFVGDBWNKPGpil3lpd5U+6mNbnaPTtrp/3QQexJ":{"chainKey":{"counter":0},"chainType":2,"messageKeys":{}},"BU7zlkWTLKlHBxzmS/g/o0IFt8hf69DzOX32ARmVNF8k":{"chainKey":{"counter":0},"chainType":2,"messageKeys":{}},"BQw1aNSVOXE3Ag5ikIynTAyYzXCq0w7u6N4gGeDj551N":{"chainKey":{"counter":0},"chainType":2,"messageKeys":{}},"BaYyBA1FM9zJeQCHofiolcrCqok2erRBQ1+P0ZYAyQM/":{"chainKey":{"counter":2},"chainType":2,"messageKeys":{}},"BbpVcfedO7DXU8fqFGsbBaoJlmIuNjo0FMGh616ejOpv":{"chainKey":{"counter":0},"chainType":2,"messageKeys":{}},"BWb1W25mIwDqyr7b9GqaW3fCCobTUj1hn9Bhs46qNGpW":{"chainKey":{"counter":0},"chainType":2,"messageKeys":{}},"BeQ0lc8gVKzFkpAufxly2mg735fsLYRLUtnVOvlSZCds":{"chainKey":{"counter":0},"chainType":2,"messageKeys":{}},"Bd0U7ewVr5J5zJ99fk031ZtmOO9NoX/gt3s0YAP9Dd10":{"chainKey":{"counter":0},"chainType":2,"messageKeys":{}},"BWpB3NOLY4dc8dMuCLfucjQRHQia8+/BbgqEeFlxXVAR":{"chainKey":{"counter":0,"key":"XqraROn8eoBXb8vgbxVgQrj5f2EXwst+4bncE8lJmt4="},"chainType":2,"messageKeys":{}},"BV6cXw9rhvuOJsAM773aks+5vET7SgRLEUkUZyExs8gp":{"chainKey":{"counter":1,"key":"+qbS9babW6yHqoFw+PyPNP4bp4MbbKnepbj/TTWirdE="},"chainType":1,"messageKeys":{}}}}},"version":"v1"}