{"_sessions":{"BaGgwD48YIS70ZP8HDX1gQU/5ispA4YF7PWDeFmrbl4j":{"registrationId":402514800,"currentRatchet":{"ephemeralKeyPair":{"pubKey":"BYLzxVSYMSYbQzDBZGO3OLgeUvOMs72rEYJrpigzoWxZ","privKey":"SE7Psh036vBA0R/g89CZ/UQ3pe+t1EdLbiP9pJ6NGW4="},"lastRemoteEphemeralKey":"BZazFMNKl62j11UbHrTRKvDv8d3wY3aVcJnlyBOjK2VN","previousCounter":0,"rootKey":"gd6It4Nd1BiO0H5ln5p+Fr5g4N494NlY5rPBn9SpGUM="},"indexInfo":{"baseKey":"BaGgwD48YIS70ZP8HDX1gQU/5ispA4YF7PWDeFmrbl4j","baseKeyType":1,"closed":1696263673489,"used":1696263673056,"created":1696263673056,"remoteIdentityKey":"BdFndUst3lP79BWkWdozm/M8K9+PfWGe3FqyK0I9AeYu"},"_chains":{"BYLzxVSYMSYbQzDBZGO3OLgeUvOMs72rEYJrpigzoWxZ":{"chainKey":{"counter":-1,"key":"0+ocReMPN1MxhhUSVxAYf7NuypkYMW6hmztse0OHti4="},"chainType":1,"messageKeys":{}}},"pendingPreKey":{"signedKeyId":0,"baseKey":"BaGgwD48YIS70ZP8HDX1gQU/5ispA4YF7PWDeFmrbl4j","preKeyId":14339747}},"BQdGXyMY132Ri4U34pb3bTzuxp9LA1O17QvHB6cRMM41":{"registrationId":402514800,"currentRatchet":{"ephemeralKeyPair":{"pubKey":"BYx8PfaDLcrcjQ+dVBvT3tCoIM8BA833bqAJBuUKtWsN","privKey":"QJ30P0gyVfl+Ot/HzM5rou5Fj+DnGuem6iNiXybVc1g="},"lastRemoteEphemeralKey":"BZazFMNKl62j11UbHrTRKvDv8d3wY3aVcJnlyBOjK2VN","previousCounter":0,"rootKey":"VypodNMnSuBukyWQRN6YFbUfOh7LHWSmwqWqqKulrn4="},"indexInfo":{"baseKey":"BQdGXyMY132Ri4U34pb3bTzuxp9LA1O17QvHB6cRMM41","baseKeyType":1,"closed":1696263673596,"used":1696263673487,"created":1696263673487,"remoteIdentityKey":"BdFndUst3lP79BWkWdozm/M8K9+PfWGe3FqyK0I9AeYu"},"_chains":{"BYx8PfaDLcrcjQ+dVBvT3tCoIM8BA833bqAJBuUKtWsN":{"chainKey":{"counter":-1,"key":"oWbtCsPL1oO2IcfpS2hIkaH+diufb9zZeA/5seSQCe4="},"chainType":1,"messageKeys":{}}},"pendingPreKey":{"signedKeyId":0,"baseKey":"BQdGXyMY132Ri4U34pb3bTzuxp9LA1O17QvHB6cRMM41","preKeyId":14339722}},"BdCCCmNPLgKjY4/uhxt4SoHgHBQ3gPElikHPLlptBZwZ":{"registrationId":402514800,"currentRatchet":{"ephemeralKeyPair":{"pubKey":"BTFOgYbx1b7M/ckeOMpvQ0CxvgfPnXZBCJYnnIydP/Uw","privKey":"IDjY6pAB7DEtbOJg08ym2NNBVOBIbEZ8hM+9D5xHDUQ="},"lastRemoteEphemeralKey":"BZazFMNKl62j11UbHrTRKvDv8d3wY3aVcJnlyBOjK2VN","previousCounter":0,"rootKey":"xRFVptKTIwHYM1dfmI4VBIxNR2U4iprr6vw34VynXuU="},"indexInfo":{"baseKey":"BdCCCmNPLgKjY4/uhxt4SoHgHBQ3gPElikHPLlptBZwZ","baseKeyType":1,"closed":1696263673701,"used":1696263673594,"created":1696263673594,"remoteIdentityKey":"BdFndUst3lP79BWkWdozm/M8K9+PfWGe3FqyK0I9AeYu"},"_chains":{"BTFOgYbx1b7M/ckeOMpvQ0CxvgfPnXZBCJYnnIydP/Uw":{"chainKey":{"counter":-1,"key":"u5HtWX5TzmmNErxJuUpCICvKpcTJ9FYiVMTulDDk7z0="},"chainType":1,"messageKeys":{}}},"pendingPreKey":{"signedKeyId":0,"baseKey":"BdCCCmNPLgKjY4/uhxt4SoHgHBQ3gPElikHPLlptBZwZ","preKeyId":14339579}},"BYOKpVFqTyWk499OmVgcL4VDzqm8M+OEYQvNhVLZBsYw":{"registrationId":402514800,"currentRatchet":{"ephemeralKeyPair":{"pubKey":"Ba6gM0B0vB/CAAqc8q4kyJwVlaoHjZyfacUpDoaIvRcH","privKey":"SIsk033wEe/W7cy0tk1ibeToYTGTGyk2EaUjreYvAHw="},"lastRemoteEphemeralKey":"BZazFMNKl62j11UbHrTRKvDv8d3wY3aVcJnlyBOjK2VN","previousCounter":0,"rootKey":"klZoJh9fmrL1V+k/ch4+bWAMp9aOFTN7GgG+DLwCGNI="},"indexInfo":{"baseKey":"BYOKpVFqTyWk499OmVgcL4VDzqm8M+OEYQvNhVLZBsYw","baseKeyType":1,"closed":1696263674125,"used":1696263673699,"created":1696263673699,"remoteIdentityKey":"BdFndUst3lP79BWkWdozm/M8K9+PfWGe3FqyK0I9AeYu"},"_chains":{"Ba6gM0B0vB/CAAqc8q4kyJwVlaoHjZyfacUpDoaIvRcH":{"chainKey":{"counter":-1,"key":"2OFUl79k/NSZmgm9j5Nrb3ZRDfzXf4xkRzLlwylyZBw="},"chainType":1,"messageKeys":{}}},"pendingPreKey":{"signedKeyId":0,"baseKey":"BYOKpVFqTyWk499OmVgcL4VDzqm8M+OEYQvNhVLZBsYw","preKeyId":14339804}},"BQnCjAxwaJaRMemlEw5Pw9PutCDP7AmEPuwpi7E2WyBo":{"registrationId":402514800,"currentRatchet":{"ephemeralKeyPair":{"pubKey":"BThJirjmG2n0rbxjVeGEv5oN/JsW2QK6TST4Xmdg87gn","privKey":"0NdFIp01GOXU8TCN4dPIEEQdtQnLMctI6fcbdrZ/rm4="},"lastRemoteEphemeralKey":"BZazFMNKl62j11UbHrTRKvDv8d3wY3aVcJnlyBOjK2VN","previousCounter":0,"rootKey":"wW0uDQQpBz041nHeNg5MHisUexbYioQAZsCjgQhCIuc="},"indexInfo":{"baseKey":"BQnCjAxwaJaRMemlEw5Pw9PutCDP7AmEPuwpi7E2WyBo","baseKeyType":1,"closed":1696263674231,"used":1696263674123,"created":1696263674123,"remoteIdentityKey":"BdFndUst3lP79BWkWdozm/M8K9+PfWGe3FqyK0I9AeYu"},"_chains":{"BThJirjmG2n0rbxjVeGEv5oN/JsW2QK6TST4Xmdg87gn":{"chainKey":{"counter":-1,"key":"FumF6MKPrgFAxkUcPVDA2LBDqwRgP+xA2EMPDmQRISM="},"chainType":1,"messageKeys":{}}},"pendingPreKey":{"signedKeyId":0,"baseKey":"BQnCjAxwaJaRMemlEw5Pw9PutCDP7AmEPuwpi7E2WyBo","preKeyId":14339692}},"BWVjQXLDnwJefO78v1gzaY/se4IKVg8t5t9KctvOKE5H":{"registrationId":402514800,"currentRatchet":{"ephemeralKeyPair":{"pubKey":"BSORaRn4wuv+jZB42lgVdaR1/g+7fyOugWSHGMuLClM2","privKey":"kFX+Ap1/TpTIUboUuBXvad2tqzHJ1UQV+G7iHgZbol8="},"lastRemoteEphemeralKey":"BZazFMNKl62j11UbHrTRKvDv8d3wY3aVcJnlyBOjK2VN","previousCounter":0,"rootKey":"fkytp7aFsB5tHtJkQwI8ATaX8YyVNng1OlSxSTswluY="},"indexInfo":{"baseKey":"BWVjQXLDnwJefO78v1gzaY/se4IKVg8t5t9KctvOKE5H","baseKeyType":1,"closed":1696263674381,"used":1696263674228,"created":1696263674228,"remoteIdentityKey":"BdFndUst3lP79BWkWdozm/M8K9+PfWGe3FqyK0I9AeYu"},"_chains":{"BSORaRn4wuv+jZB42lgVdaR1/g+7fyOugWSHGMuLClM2":{"chainKey":{"counter":-1,"key":"ToFWPRuMxsMdsRM63K1xsz8WNV+DfZEw+u17eP0aw2w="},"chainType":1,"messageKeys":{}}},"pendingPreKey":{"signedKeyId":0,"baseKey":"BWVjQXLDnwJefO78v1gzaY/se4IKVg8t5t9KctvOKE5H","preKeyId":14339812}},"BQMujUC+QklbcRqIux2p7feZHe+qzYP6JDRBDHyWaLUW":{"registrationId":402514800,"currentRatchet":{"ephemeralKeyPair":{"pubKey":"BdhHzjQR8jXiL4yCfECgswoPW8zFmjE+up9ktH7PUOsj","privKey":"2GkG/htNQmQR8JsvCbs4GgbTmfwt9HUEmD5kfNa4CGA="},"lastRemoteEphemeralKey":"BZazFMNKl62j11UbHrTRKvDv8d3wY3aVcJnlyBOjK2VN","previousCounter":0,"rootKey":"OayeiynwhJTHvJQfrtD/oovx/47qFJZ/KfY7/SN53nw="},"indexInfo":{"baseKey":"BQMujUC+QklbcRqIux2p7feZHe+qzYP6JDRBDHyWaLUW","baseKeyType":1,"closed":1696263674714,"used":1696263674379,"created":1696263674379,"remoteIdentityKey":"BdFndUst3lP79BWkWdozm/M8K9+PfWGe3FqyK0I9AeYu"},"_chains":{"BdhHzjQR8jXiL4yCfECgswoPW8zFmjE+up9ktH7PUOsj":{"chainKey":{"counter":-1,"key":"owJmLgvFSCz5BWSnzMsSK0FK7QjRMep5DRbvxg/gnVU="},"chainType":1,"messageKeys":{}}},"pendingPreKey":{"signedKeyId":0,"baseKey":"BQMujUC+QklbcRqIux2p7feZHe+qzYP6JDRBDHyWaLUW","preKeyId":14339849}},"BRNEEI90Bf3K9l5nc4OaA5NP8/9UwG3nmvqd5lYJ+vFM":{"registrationId":402514800,"currentRatchet":{"ephemeralKeyPair":{"pubKey":"BVdLdtrjTINpJ3L8yzwyrTtZ5lBCMo5cfwpJzdlVV+dr","privKey":"qNO0fv2TlB+Ea0kdsSUC61dREaJ28A7FZMFmMrdwB1M="},"lastRemoteEphemeralKey":"BZazFMNKl62j11UbHrTRKvDv8d3wY3aVcJnlyBOjK2VN","previousCounter":0,"rootKey":"7BaWu7EUJb4vANO4vLPftdSU0C+KJcnm/M/YD+/Wn7s="},"indexInfo":{"baseKey":"BRNEEI90Bf3K9l5nc4OaA5NP8/9UwG3nmvqd5lYJ+vFM","baseKeyType":1,"closed":1696263674815,"used":1696263674712,"created":1696263674712,"remoteIdentityKey":"BdFndUst3lP79BWkWdozm/M8K9+PfWGe3FqyK0I9AeYu"},"_chains":{"BVdLdtrjTINpJ3L8yzwyrTtZ5lBCMo5cfwpJzdlVV+dr":{"chainKey":{"counter":-1,"key":"vRmNScm4jkbe40IHhoRX7grqQpKsA/Ne0I8t34ATNw0="},"chainType":1,"messageKeys":{}}},"pendingPreKey":{"signedKeyId":0,"baseKey":"BRNEEI90Bf3K9l5nc4OaA5NP8/9UwG3nmvqd5lYJ+vFM","preKeyId":14339725}},"BdWv9lvn8pHhctaUgmVPwHRz2DJzFBTJgUf7tuka0t0F":{"registrationId":402514800,"currentRatchet":{"ephemeralKeyPair":{"pubKey":"BfogY1p70iufsn9/d8mv+JBA7ADASJA62JGm+Mp04Gs3","privKey":"6Pzes6zzObHd4HI7STs2ek1uPDut4Kk2oFamvtpzdko="},"lastRemoteEphemeralKey":"BZazFMNKl62j11UbHrTRKvDv8d3wY3aVcJnlyBOjK2VN","previousCounter":0,"rootKey":"1R0Jf+zqkK2bhTdJJjDFVmr64nuEeP9MqFuxv2TtFoA="},"indexInfo":{"baseKey":"BdWv9lvn8pHhctaUgmVPwHRz2DJzFBTJgUf7tuka0t0F","baseKeyType":1,"closed":1696263675083,"used":1696263674811,"created":1696263674811,"remoteIdentityKey":"BdFndUst3lP79BWkWdozm/M8K9+PfWGe3FqyK0I9AeYu"},"_chains":{"BfogY1p70iufsn9/d8mv+JBA7ADASJA62JGm+Mp04Gs3":{"chainKey":{"counter":-1,"key":"AjFsobSrRp0rbiUNqpV0OcEPpr8OUcx8gp1jivATkDY="},"chainType":1,"messageKeys":{}}},"pendingPreKey":{"signedKeyId":0,"baseKey":"BdWv9lvn8pHhctaUgmVPwHRz2DJzFBTJgUf7tuka0t0F","preKeyId":14339716}},"Bd0jSte32nacyljrvYJDRS2hKXnveCNytjEQHE2EEcZC":{"registrationId":402514800,"currentRatchet":{"ephemeralKeyPair":{"pubKey":"BePKq4kTlyikG9Ka5n/XVniSBIORwdzWbpcbOYr2IacY","privKey":"+LrNschR2W5+m3ZIJlRJ/Z5q7Wu/sHGUaCtF3qkopmA="},"lastRemoteEphemeralKey":"BZazFMNKl62j11UbHrTRKvDv8d3wY3aVcJnlyBOjK2VN","previousCounter":0,"rootKey":"BjepBnKQzwaYA+5JMJ0yrCe37zZNJf6DH6IQesbJauA="},"indexInfo":{"baseKey":"Bd0jSte32nacyljrvYJDRS2hKXnveCNytjEQHE2EEcZC","baseKeyType":1,"closed":1696263675174,"used":1696263675080,"created":1696263675080,"remoteIdentityKey":"BdFndUst3lP79BWkWdozm/M8K9+PfWGe3FqyK0I9AeYu"},"_chains":{"BePKq4kTlyikG9Ka5n/XVniSBIORwdzWbpcbOYr2IacY":{"chainKey":{"counter":-1,"key":"2LgZbXaGJ7d+19eSzyXoi3kg+QliUsq79t0o6h2BAQ8="},"chainType":1,"messageKeys":{}}},"pendingPreKey":{"signedKeyId":0,"baseKey":"Bd0jSte32nacyljrvYJDRS2hKXnveCNytjEQHE2EEcZC","preKeyId":14339442}},"BYZDZGd/6zqWDhsaGPYv9NYa95CxS6quUx60+Cvl/q9N":{"registrationId":402514800,"currentRatchet":{"ephemeralKeyPair":{"pubKey":"BRAhDGced+l9evZzAjr3HqG3sbLnDSshFMSxoDqz4G4x","privKey":"6DoZa98YWJaYmS4Tk+1gmx3xZ7hZ48tbQwpAAw1DZXQ="},"lastRemoteEphemeralKey":"BZazFMNKl62j11UbHrTRKvDv8d3wY3aVcJnlyBOjK2VN","previousCounter":0,"rootKey":"9+UP0ZDFhYlVyBKIdmVWYnK/xkffEjMn5V4a6Fw+MOE="},"indexInfo":{"baseKey":"BYZDZGd/6zqWDhsaGPYv9NYa95CxS6quUx60+Cvl/q9N","baseKeyType":1,"closed":1696263675267,"used":1696263675171,"created":1696263675171,"remoteIdentityKey":"BdFndUst3lP79BWkWdozm/M8K9+PfWGe3FqyK0I9AeYu"},"_chains":{"BRAhDGced+l9evZzAjr3HqG3sbLnDSshFMSxoDqz4G4x":{"chainKey":{"counter":-1,"key":"2Xo5XJtJt59IpuWKpM8vH+8hQSXy/wool72rmXcQmDw="},"chainType":1,"messageKeys":{}}},"pendingPreKey":{"signedKeyId":0,"baseKey":"BYZDZGd/6zqWDhsaGPYv9NYa95CxS6quUx60+Cvl/q9N","preKeyId":14339933}},"Bb3vFdlscWNWcbh+4FtcYncO13dO/d0ARE1ZkPYb54Ne":{"registrationId":402514800,"currentRatchet":{"ephemeralKeyPair":{"pubKey":"BQriFhnSawQEJ/wwAJb63QRt7cTdn/042glUoYJ4zAU0","privKey":"cJWF0FWI5q0DIuR7R6wIhfnQyCBTd2HifXop7ZXlIW8="},"lastRemoteEphemeralKey":"BZazFMNKl62j11UbHrTRKvDv8d3wY3aVcJnlyBOjK2VN","previousCounter":0,"rootKey":"WLRMIRU5zEhgfPja5WdCc5bbNLCs3ruBg2eGVUSnomg="},"indexInfo":{"baseKey":"Bb3vFdlscWNWcbh+4FtcYncO13dO/d0ARE1ZkPYb54Ne","baseKeyType":1,"closed":1696263675385,"used":1696263675265,"created":1696263675265,"remoteIdentityKey":"BdFndUst3lP79BWkWdozm/M8K9+PfWGe3FqyK0I9AeYu"},"_chains":{"BQriFhnSawQEJ/wwAJb63QRt7cTdn/042glUoYJ4zAU0":{"chainKey":{"counter":-1,"key":"q37Mb6QRywSsY39CbjqwW945ShrgmuEQu7D0XGW6BOU="},"chainType":1,"messageKeys":{}}},"pendingPreKey":{"signedKeyId":0,"baseKey":"Bb3vFdlscWNWcbh+4FtcYncO13dO/d0ARE1ZkPYb54Ne","preKeyId":14339799}},"BcJwFwahV49RYotsqo4EB7C/SdGUvuxZMVasZ0VtZaxc":{"registrationId":402514800,"currentRatchet":{"ephemeralKeyPair":{"pubKey":"BVh2/sL+s52ZSnLEl5L/7/oyDYRtViSz414ia3fMeOM2","privKey":"yEvzbDxVNfXz4nP/YgfZ/KM72mF/c2LZz428aNLb0EE="},"lastRemoteEphemeralKey":"BZazFMNKl62j11UbHrTRKvDv8d3wY3aVcJnlyBOjK2VN","previousCounter":0,"rootKey":"6emuOsxxnIOdBHLDF+C12LhGcZLtcWIsIzfZDUTz5c4="},"indexInfo":{"baseKey":"BcJwFwahV49RYotsqo4EB7C/SdGUvuxZMVasZ0VtZaxc","baseKeyType":1,"closed":1696263675477,"used":1696263675382,"created":1696263675382,"remoteIdentityKey":"BdFndUst3lP79BWkWdozm/M8K9+PfWGe3FqyK0I9AeYu"},"_chains":{"BVh2/sL+s52ZSnLEl5L/7/oyDYRtViSz414ia3fMeOM2":{"chainKey":{"counter":-1,"key":"SkJ4WquIPfNdqC3VrnaSJ5E8vTcAf/eGMe2K/p2ZF2E="},"chainType":1,"messageKeys":{}}},"pendingPreKey":{"signedKeyId":0,"baseKey":"BcJwFwahV49RYotsqo4EB7C/SdGUvuxZMVasZ0VtZaxc","preKeyId":14339766}},"BdNWymHU7aB/om6x0U9mZ+ELtUOrQl6czGMRll5HQEMT":{"registrationId":402514800,"currentRatchet":{"ephemeralKeyPair":{"pubKey":"BVfneZnh8jCVbmkLvKgzjNnaB4IGy4Sqj+HccmVoNOV/","privKey":"yNJ0PcYX6s/qziEpMSgOWnrnDIQeQofriqHC/RpEomE="},"lastRemoteEphemeralKey":"BZazFMNKl62j11UbHrTRKvDv8d3wY3aVcJnlyBOjK2VN","previousCounter":0,"rootKey":"9p+b8IZyMYkWCuXtqFTr0I6fQTcuO80ocMLLYvJUo1E="},"indexInfo":{"baseKey":"BdNWymHU7aB/om6x0U9mZ+ELtUOrQl6czGMRll5HQEMT","baseKeyType":1,"closed":1696263675604,"used":1696263675475,"created":1696263675475,"remoteIdentityKey":"BdFndUst3lP79BWkWdozm/M8K9+PfWGe3FqyK0I9AeYu"},"_chains":{"BVfneZnh8jCVbmkLvKgzjNnaB4IGy4Sqj+HccmVoNOV/":{"chainKey":{"counter":-1,"key":"YZNKOMMHVoJvZE5npB0aXR36O/fPuORBTzaCnkdbVgc="},"chainType":1,"messageKeys":{}}},"pendingPreKey":{"signedKeyId":0,"baseKey":"BdNWymHU7aB/om6x0U9mZ+ELtUOrQl6czGMRll5HQEMT","preKeyId":14339902}},"BVQuqxv+cB90SCTP9oYkMO8Vz50ApjeSXz8aFGR0nR5+":{"registrationId":402514800,"currentRatchet":{"ephemeralKeyPair":{"pubKey":"BXHc90IbaeHkgIDblrLFizFX2wk3VDrkwvAQnGJ/7hgd","privKey":"iC2CYbgX+3Q1m5pskCxkiiBQfZSGRmG5q4iGo6cMmXI="},"lastRemoteEphemeralKey":"BZazFMNKl62j11UbHrTRKvDv8d3wY3aVcJnlyBOjK2VN","previousCounter":0,"rootKey":"btVBloL+SSYND6VuiTR/Lrkp6XiOUYvC1aH9yxA8r+g="},"indexInfo":{"baseKey":"BVQuqxv+cB90SCTP9oYkMO8Vz50ApjeSXz8aFGR0nR5+","baseKeyType":1,"closed":1696263675879,"used":1696263675602,"created":1696263675602,"remoteIdentityKey":"BdFndUst3lP79BWkWdozm/M8K9+PfWGe3FqyK0I9AeYu"},"_chains":{"BXHc90IbaeHkgIDblrLFizFX2wk3VDrkwvAQnGJ/7hgd":{"chainKey":{"counter":-1,"key":"z5/WhGuDj/tvJqIuLHg5Gk7XP+dCKmJMNDOCje8vp7c="},"chainType":1,"messageKeys":{}}},"pendingPreKey":{"signedKeyId":0,"baseKey":"BVQuqxv+cB90SCTP9oYkMO8Vz50ApjeSXz8aFGR0nR5+","preKeyId":14339622}},"BYFxBNY29Ku98x6LVtOUzNnTIiAu7dk6TOMxdKLkfDI9":{"registrationId":402514800,"currentRatchet":{"ephemeralKeyPair":{"pubKey":"BZ29jy0TYNCQayqmcdsyUowBipKWHWG+sT/eh6otm9d9","privKey":"0F9h7f4EH4/fKxhbI1PBQpSlp1oQkqLJKi7hI4FTPEs="},"lastRemoteEphemeralKey":"BZazFMNKl62j11UbHrTRKvDv8d3wY3aVcJnlyBOjK2VN","previousCounter":0,"rootKey":"u71eKBqRWz184VapxQGd1urgybODs7bzgrY3mf/z1QQ="},"indexInfo":{"baseKey":"BYFxBNY29Ku98x6LVtOUzNnTIiAu7dk6TOMxdKLkfDI9","baseKeyType":1,"closed":1696263676051,"used":1696263675876,"created":1696263675876,"remoteIdentityKey":"BdFndUst3lP79BWkWdozm/M8K9+PfWGe3FqyK0I9AeYu"},"_chains":{"BZ29jy0TYNCQayqmcdsyUowBipKWHWG+sT/eh6otm9d9":{"chainKey":{"counter":-1,"key":"zc7kX1K3Ps7HBpXjHzdvAlyuPrIeDH3Klq6jWHtKOHs="},"chainType":1,"messageKeys":{}}},"pendingPreKey":{"signedKeyId":0,"baseKey":"BYFxBNY29Ku98x6LVtOUzNnTIiAu7dk6TOMxdKLkfDI9","preKeyId":14339763}},"BU7t71ku6YS2zOXUlpq2SEUGUqP1lzaGABT96pn2DNxG":{"registrationId":402514800,"currentRatchet":{"ephemeralKeyPair":{"pubKey":"BXk6tclu75/6Y2AZ4KfoeK11+UoDYoqFSP7pY70YuEUy","privKey":"2IBsXBw6Bc1k8lAfdYz0yXJYpxmQ9A8xR5PdMrh2k1o="},"lastRemoteEphemeralKey":"BZazFMNKl62j11UbHrTRKvDv8d3wY3aVcJnlyBOjK2VN","previousCounter":0,"rootKey":"xuSXXaTszv9shEsCiNd6uMtQBvpmIV2yt1cepaes3z0="},"indexInfo":{"baseKey":"BU7t71ku6YS2zOXUlpq2SEUGUqP1lzaGABT96pn2DNxG","baseKeyType":1,"closed":1696263676147,"used":1696263676048,"created":1696263676048,"remoteIdentityKey":"BdFndUst3lP79BWkWdozm/M8K9+PfWGe3FqyK0I9AeYu"},"_chains":{"BXk6tclu75/6Y2AZ4KfoeK11+UoDYoqFSP7pY70YuEUy":{"chainKey":{"counter":-1,"key":"4hWLPQc76cGx7scXuzkKO97j9/IEyZ4y+1nkMGax5UE="},"chainType":1,"messageKeys":{}}},"pendingPreKey":{"signedKeyId":0,"baseKey":"BU7t71ku6YS2zOXUlpq2SEUGUqP1lzaGABT96pn2DNxG","preKeyId":14339867}},"BULV/Q24protcxs20TOAzgWzmYbfoSnPfM5mXt+nI5dH":{"registrationId":402514800,"currentRatchet":{"ephemeralKeyPair":{"pubKey":"Bcl8nK3JGx5hVZjKrrwb3mLdjnUK/PvHDfX2nyuZTU9v","privKey":"4BKOKkbtBY2GSq23BCIBGD0fsC9QrxUTheRe9UKUJno="},"lastRemoteEphemeralKey":"BZazFMNKl62j11UbHrTRKvDv8d3wY3aVcJnlyBOjK2VN","previousCounter":0,"rootKey":"452zeiomale/rBj/utOPdaSyGaMwkcowLnmI8MtnjL0="},"indexInfo":{"baseKey":"BULV/Q24protcxs20TOAzgWzmYbfoSnPfM5mXt+nI5dH","baseKeyType":1,"closed":1696263676247,"used":1696263676145,"created":1696263676145,"remoteIdentityKey":"BdFndUst3lP79BWkWdozm/M8K9+PfWGe3FqyK0I9AeYu"},"_chains":{"Bcl8nK3JGx5hVZjKrrwb3mLdjnUK/PvHDfX2nyuZTU9v":{"chainKey":{"counter":-1,"key":"f06Cv/ALks6ikiTfy8OINY7Den0TmKAE9dKNoSFBaPs="},"chainType":1,"messageKeys":{}}},"pendingPreKey":{"signedKeyId":0,"baseKey":"BULV/Q24protcxs20TOAzgWzmYbfoSnPfM5mXt+nI5dH","preKeyId":14339728}},"BQ4W6nJmPg3pT8aTE3/3BDzinVjmGH4ekpQN3cyF2h1V":{"registrationId":402514800,"currentRatchet":{"ephemeralKeyPair":{"pubKey":"BfiudAiZ/R/LqAHS1ToRVW0wHadNVtfKSV7S0rUJd9Eq","privKey":"WP5YlqoPRiwliQUTck93r97YToT4s6VZIPhPG5R9VW4="},"lastRemoteEphemeralKey":"BZazFMNKl62j11UbHrTRKvDv8d3wY3aVcJnlyBOjK2VN","previousCounter":0,"rootKey":"dMJNfdoeZq3VvSCYiqROLlWXRNm8Pn6TptABQ6SmfKg="},"indexInfo":{"baseKey":"BQ4W6nJmPg3pT8aTE3/3BDzinVjmGH4ekpQN3cyF2h1V","baseKeyType":1,"closed":1696263676605,"used":1696263676245,"created":1696263676245,"remoteIdentityKey":"BdFndUst3lP79BWkWdozm/M8K9+PfWGe3FqyK0I9AeYu"},"_chains":{"BfiudAiZ/R/LqAHS1ToRVW0wHadNVtfKSV7S0rUJd9Eq":{"chainKey":{"counter":-1,"key":"WmG+YGHh170qnrlEeUf0y3aCAu7jnQj1IoYpaNxzbTI="},"chainType":1,"messageKeys":{}}},"pendingPreKey":{"signedKeyId":0,"baseKey":"BQ4W6nJmPg3pT8aTE3/3BDzinVjmGH4ekpQN3cyF2h1V","preKeyId":14339809}},"BTaiB7LFgUATO3SmD6vzJTwmjO57DarmdQLmE17i7lwh":{"registrationId":402514800,"currentRatchet":{"ephemeralKeyPair":{"pubKey":"BfFQycN7ZNhEjKyIszb/2vgCUiy0JoOZx5r4Uo7XbmEp","privKey":"eGgdwStmpVgdNhiKTBGCOAxyenTzh1z/LCIDnW3Axl8="},"lastRemoteEphemeralKey":"BZazFMNKl62j11UbHrTRKvDv8d3wY3aVcJnlyBOjK2VN","previousCounter":0,"rootKey":"LgTLDBAHlqb01LCEQWe7i4BiFkJZm/hOXQbwCRS2fgw="},"indexInfo":{"baseKey":"BTaiB7LFgUATO3SmD6vzJTwmjO57DarmdQLmE17i7lwh","baseKeyType":1,"closed":1696263676816,"used":1696263676602,"created":1696263676602,"remoteIdentityKey":"BdFndUst3lP79BWkWdozm/M8K9+PfWGe3FqyK0I9AeYu"},"_chains":{"BfFQycN7ZNhEjKyIszb/2vgCUiy0JoOZx5r4Uo7XbmEp":{"chainKey":{"counter":-1,"key":"tgHr1EIkf30H3y9MiRFGmCkbtVjLqkK3ExrW5a/ECXA="},"chainType":1,"messageKeys":{}}},"pendingPreKey":{"signedKeyId":0,"baseKey":"BTaiB7LFgUATO3SmD6vzJTwmjO57DarmdQLmE17i7lwh","preKeyId":14339613}},"BT2ND8LAkjoygqlo1MDvgYkElDNLnMwNrET/4jTlPFk4":{"registrationId":402514800,"currentRatchet":{"ephemeralKeyPair":{"pubKey":"Bc8J8bS2rUFm+TzV125awSxHCC0FoHI2jXQP4qM0I216","privKey":"cCrkX4IVzmLixvgq6L3drRXeuwCX5qV+D7DVn0cEp1E="},"lastRemoteEphemeralKey":"BZazFMNKl62j11UbHrTRKvDv8d3wY3aVcJnlyBOjK2VN","previousCounter":0,"rootKey":"sJIfaiDm9pzRI7M1LiSyDHgXEt09wNM2Un/gSXOqFpQ="},"indexInfo":{"baseKey":"BT2ND8LAkjoygqlo1MDvgYkElDNLnMwNrET/4jTlPFk4","baseKeyType":1,"closed":1696263676915,"used":1696263676814,"created":1696263676814,"remoteIdentityKey":"BdFndUst3lP79BWkWdozm/M8K9+PfWGe3FqyK0I9AeYu"},"_chains":{"Bc8J8bS2rUFm+TzV125awSxHCC0FoHI2jXQP4qM0I216":{"chainKey":{"counter":-1,"key":"Y1im6Db/+f7DVOJKYyD/YtuD2PGImOISIiDq9fekjgQ="},"chainType":1,"messageKeys":{}}},"pendingPreKey":{"signedKeyId":0,"baseKey":"BT2ND8LAkjoygqlo1MDvgYkElDNLnMwNrET/4jTlPFk4","preKeyId":14339800}},"BbhN+NO8vL2r1WdOV58nAXyxtPfvtF4beXALW+YZFxM7":{"registrationId":402514800,"currentRatchet":{"ephemeralKeyPair":{"pubKey":"BQ892z9ZD8/IlklpwPq1AQbfMXZ7nM7Uh8zYNKWdX2EL","privKey":"CISeCukjmZVyH8WYtVcxjyiutbl54H8+RIB85JKTjEM="},"lastRemoteEphemeralKey":"BZazFMNKl62j11UbHrTRKvDv8d3wY3aVcJnlyBOjK2VN","previousCounter":0,"rootKey":"TpTkIm8MGF8MTOQDOAQcNMXJFCmsulp2niLLcpBVJV4="},"indexInfo":{"baseKey":"BbhN+NO8vL2r1WdOV58nAXyxtPfvtF4beXALW+YZFxM7","baseKeyType":1,"closed":1696263677041,"used":1696263676913,"created":1696263676913,"remoteIdentityKey":"BdFndUst3lP79BWkWdozm/M8K9+PfWGe3FqyK0I9AeYu"},"_chains":{"BQ892z9ZD8/IlklpwPq1AQbfMXZ7nM7Uh8zYNKWdX2EL":{"chainKey":{"counter":-1,"key":"RV3YRt5+um6gHKZABsUfW0gqDlEYmsVMCtLkgEx6kfg="},"chainType":1,"messageKeys":{}}},"pendingPreKey":{"signedKeyId":0,"baseKey":"BbhN+NO8vL2r1WdOV58nAXyxtPfvtF4beXALW+YZFxM7","preKeyId":14339807}},"BW8E5Yzz2soTdDz5kmEtYApXKVR/+8r2BXZFrqoRUuwG":{"registrationId":402514800,"currentRatchet":{"ephemeralKeyPair":{"pubKey":"BcEmYdJfieyDXEKvsYD4qD8AtlU2x8AIbb2nqWZgLqRD","privKey":"AIG40eM0v7xcUOUJew90376iKvfWvCIHuEPb6xlBklo="},"lastRemoteEphemeralKey":"BZazFMNKl62j11UbHrTRKvDv8d3wY3aVcJnlyBOjK2VN","previousCounter":0,"rootKey":"RxdPzJIaBXSRtXY82OC+GiiVWD1a/AI8thcQm0Xa0jA="},"indexInfo":{"baseKey":"BW8E5Yzz2soTdDz5kmEtYApXKVR/+8r2BXZFrqoRUuwG","baseKeyType":1,"closed":1696263677168,"used":1696263677039,"created":1696263677039,"remoteIdentityKey":"BdFndUst3lP79BWkWdozm/M8K9+PfWGe3FqyK0I9AeYu"},"_chains":{"BcEmYdJfieyDXEKvsYD4qD8AtlU2x8AIbb2nqWZgLqRD":{"chainKey":{"counter":-1,"key":"k8/6VMdff6GxLKa/v4dJ2qmzeGQnU4EZfgWZDfk7fVI="},"chainType":1,"messageKeys":{}}},"pendingPreKey":{"signedKeyId":0,"baseKey":"BW8E5Yzz2soTdDz5kmEtYApXKVR/+8r2BXZFrqoRUuwG","preKeyId":14339549}},"BUU2vmE2wJHJVRnpenaRttlcbBYBVnCiZGBZXZMKk6Zv":{"registrationId":402514800,"currentRatchet":{"ephemeralKeyPair":{"pubKey":"BSURvkgyGGvEFqAVCzYB8zdyRLXd5sKvBRafwfAh0AQ0","privKey":"IPF18r0Sbr4k1aEJ8wS7D2jknQs5M21nZeojqdaRk38="},"lastRemoteEphemeralKey":"BZazFMNKl62j11UbHrTRKvDv8d3wY3aVcJnlyBOjK2VN","previousCounter":0,"rootKey":"zKMPTGjmSnADZBRfnz2NMBsbXvUMO0O13zMdtffMQsA="},"indexInfo":{"baseKey":"BUU2vmE2wJHJVRnpenaRttlcbBYBVnCiZGBZXZMKk6Zv","baseKeyType":1,"closed":1696263677265,"used":1696263677165,"created":1696263677165,"remoteIdentityKey":"BdFndUst3lP79BWkWdozm/M8K9+PfWGe3FqyK0I9AeYu"},"_chains":{"BSURvkgyGGvEFqAVCzYB8zdyRLXd5sKvBRafwfAh0AQ0":{"chainKey":{"counter":-1,"key":"JpEzvJnIUKCTm7mMexgC0/qfFwT566GimYXoMuj61pQ="},"chainType":1,"messageKeys":{}}},"pendingPreKey":{"signedKeyId":0,"baseKey":"BUU2vmE2wJHJVRnpenaRttlcbBYBVnCiZGBZXZMKk6Zv","preKeyId":14339805}},"BQgcby3ks72Akf+YrDWNwIN2N/Zq5EsS7wCidwd5vxNS":{"registrationId":402514800,"currentRatchet":{"ephemeralKeyPair":{"pubKey":"BVLSskdB3rlgbQu7yyKKgHQZBswWkAQDQABtC+LJ4RVB","privKey":"SKWe8uImCmsvqa5oKltFqZJosC1P7X6UFzZRjbmEd0M="},"lastRemoteEphemeralKey":"BZazFMNKl62j11UbHrTRKvDv8d3wY3aVcJnlyBOjK2VN","previousCounter":0,"rootKey":"474qs5dNFyuWvruAC2jzWwbLCG7/4H9c7JEbrJ5AJ8c="},"indexInfo":{"baseKey":"BQgcby3ks72Akf+YrDWNwIN2N/Zq5EsS7wCidwd5vxNS","baseKeyType":1,"closed":1696263677371,"used":1696263677263,"created":1696263677263,"remoteIdentityKey":"BdFndUst3lP79BWkWdozm/M8K9+PfWGe3FqyK0I9AeYu"},"_chains":{"BVLSskdB3rlgbQu7yyKKgHQZBswWkAQDQABtC+LJ4RVB":{"chainKey":{"counter":-1,"key":"wfrJKzSIvUgjIEtN+qUwKpzXSC0vzSATdYlf3PwQyB0="},"chainType":1,"messageKeys":{}}},"pendingPreKey":{"signedKeyId":0,"baseKey":"BQgcby3ks72Akf+YrDWNwIN2N/Zq5EsS7wCidwd5vxNS","preKeyId":14339951}},"BRaaNRwXba/j+Z5/Rd+hVC7Hlu8B7OVC1F8hDwQdppAU":{"registrationId":402514800,"currentRatchet":{"ephemeralKeyPair":{"pubKey":"BeUZsCiCJafb+oJpP5POJBg1dQT2kJGFLSYzJPXsbaEO","privKey":"KAEoD/7cHDbAhCOwqXJtKoUiX7zIbgK+i7agvI8ROXk="},"lastRemoteEphemeralKey":"BZazFMNKl62j11UbHrTRKvDv8d3wY3aVcJnlyBOjK2VN","previousCounter":0,"rootKey":"wQTXTtRJMXLsT/NwDifXPNrmjIQgILokQ3/qvTOjhlo="},"indexInfo":{"baseKey":"BRaaNRwXba/j+Z5/Rd+hVC7Hlu8B7OVC1F8hDwQdppAU","baseKeyType":1,"closed":1696263677662,"used":1696263677369,"created":1696263677369,"remoteIdentityKey":"BdFndUst3lP79BWkWdozm/M8K9+PfWGe3FqyK0I9AeYu"},"_chains":{"BeUZsCiCJafb+oJpP5POJBg1dQT2kJGFLSYzJPXsbaEO":{"chainKey":{"counter":-1,"key":"Iewv228g8c13Shc02kTG6Suqm4G/Pj05idQQzeiMRN8="},"chainType":1,"messageKeys":{}}},"pendingPreKey":{"signedKeyId":0,"baseKey":"BRaaNRwXba/j+Z5/Rd+hVC7Hlu8B7OVC1F8hDwQdppAU","preKeyId":14339591}},"BePC/RtGK3shEYyRrAuUXspvtGWIg7ilV2Y/HJqoKPhI":{"registrationId":402514800,"currentRatchet":{"ephemeralKeyPair":{"pubKey":"BXqpCBvtFJgFaxUMBwzvuc/2nFMTYWKlOenJQfZ//J1q","privKey":"+He4VYcp1HmE+07/qLE9Q1jT5kkbDTCpRsX/3c3w7ko="},"lastRemoteEphemeralKey":"BZazFMNKl62j11UbHrTRKvDv8d3wY3aVcJnlyBOjK2VN","previousCounter":0,"rootKey":"x1USkHHAAPLxnd6CTP8/jvQVHFdJYG51kqn3V5KoJfk="},"indexInfo":{"baseKey":"BePC/RtGK3shEYyRrAuUXspvtGWIg7ilV2Y/HJqoKPhI","baseKeyType":1,"closed":1696263677882,"used":1696263677659,"created":1696263677659,"remoteIdentityKey":"BdFndUst3lP79BWkWdozm/M8K9+PfWGe3FqyK0I9AeYu"},"_chains":{"BXqpCBvtFJgFaxUMBwzvuc/2nFMTYWKlOenJQfZ//J1q":{"chainKey":{"counter":-1,"key":"DaSrDq1Q/kx0zxhh0AfM5vJ2a0EMdgxTh7cev2kfTvA="},"chainType":1,"messageKeys":{}}},"pendingPreKey":{"signedKeyId":0,"baseKey":"BePC/RtGK3shEYyRrAuUXspvtGWIg7ilV2Y/HJqoKPhI","preKeyId":14339739}},"BTqvz7yMnKOHF81jxIYnP1Lu5VewupHyG178h57v3Nsg":{"registrationId":402514800,"currentRatchet":{"ephemeralKeyPair":{"pubKey":"BbwfkYMdyxoovphPrTbB7WEAAlZJ0cbSa1UgzENufVlE","privKey":"COxrM4p9ExvD4ePii6AoKBwAUM7whLJSKIXcugb59l0="},"lastRemoteEphemeralKey":"BZazFMNKl62j11UbHrTRKvDv8d3wY3aVcJnlyBOjK2VN","previousCounter":0,"rootKey":"t1XQiDlJ7LFkgNt0HSu281Is7jpbksmou7/vy+PmVEg="},"indexInfo":{"baseKey":"BTqvz7yMnKOHF81jxIYnP1Lu5VewupHyG178h57v3Nsg","baseKeyType":1,"closed":1696263678080,"used":1696263677880,"created":1696263677880,"remoteIdentityKey":"BdFndUst3lP79BWkWdozm/M8K9+PfWGe3FqyK0I9AeYu"},"_chains":{"BbwfkYMdyxoovphPrTbB7WEAAlZJ0cbSa1UgzENufVlE":{"chainKey":{"counter":-1,"key":"bXo3NXdBYR334k/CQCo3RoKhzmSrmdPtYelDbreGBmg="},"chainType":1,"messageKeys":{}}},"pendingPreKey":{"signedKeyId":0,"baseKey":"BTqvz7yMnKOHF81jxIYnP1Lu5VewupHyG178h57v3Nsg","preKeyId":14339623}},"BRthSsdlBE6eOO+EVsIBHRcfq62uIcV8Is0ONLS2GLtO":{"registrationId":402514800,"currentRatchet":{"ephemeralKeyPair":{"pubKey":"Bb+8OVoiDzOjsVSxp8JGq8A4VKRwXu/wWMVZlVfbEEIH","privKey":"kHpuNfzaz74RoqJnvq5/Usce7kN7LbC8iz6oHuluU3k="},"lastRemoteEphemeralKey":"BZazFMNKl62j11UbHrTRKvDv8d3wY3aVcJnlyBOjK2VN","previousCounter":0,"rootKey":"BjAnBQtvcMNgCswLTkBjj/2ACKoWKsHe1ddH4v+5EK4="},"indexInfo":{"baseKey":"BRthSsdlBE6eOO+EVsIBHRcfq62uIcV8Is0ONLS2GLtO","baseKeyType":1,"closed":1696263678517,"used":1696263678076,"created":1696263678076,"remoteIdentityKey":"BdFndUst3lP79BWkWdozm/M8K9+PfWGe3FqyK0I9AeYu"},"_chains":{"Bb+8OVoiDzOjsVSxp8JGq8A4VKRwXu/wWMVZlVfbEEIH":{"chainKey":{"counter":-1,"key":"x4vFhzEupPfvEkhxzRoI2yDeLGjSsn8jq8NNu1mpKcg="},"chainType":1,"messageKeys":{}}},"pendingPreKey":{"signedKeyId":0,"baseKey":"BRthSsdlBE6eOO+EVsIBHRcfq62uIcV8Is0ONLS2GLtO","preKeyId":14339742}},"Bc8uVs+21F5xgDM8x+CVdFQ+A/o52duWZsSjni6QpIM0":{"registrationId":402514800,"currentRatchet":{"ephemeralKeyPair":{"pubKey":"BZcGmEetv29e9mWqXe42DtOaRJiJtImAG/VikQDcsIIE","privKey":"mBfML2uMr5apCVysIVJpcaujK/6WYF/+X4N1BykmZnw="},"lastRemoteEphemeralKey":"BZazFMNKl62j11UbHrTRKvDv8d3wY3aVcJnlyBOjK2VN","previousCounter":0,"rootKey":"92n2IQpNDqxCPiy+vwuBAaReaZ5dEqNlxmWTBz8ppFE="},"indexInfo":{"baseKey":"Bc8uVs+21F5xgDM8x+CVdFQ+A/o52duWZsSjni6QpIM0","baseKeyType":1,"closed":1696263679196,"used":1696263678515,"created":1696263678515,"remoteIdentityKey":"BdFndUst3lP79BWkWdozm/M8K9+PfWGe3FqyK0I9AeYu"},"_chains":{"BZcGmEetv29e9mWqXe42DtOaRJiJtImAG/VikQDcsIIE":{"chainKey":{"counter":-1,"key":"boVe/YTaYwPEkEbOPY60ataPW6JUpr2B4oLqAXgEtFI="},"chainType":1,"messageKeys":{}}},"pendingPreKey":{"signedKeyId":0,"baseKey":"Bc8uVs+21F5xgDM8x+CVdFQ+A/o52duWZsSjni6QpIM0","preKeyId":14339714}},"Bb+13WbzfQCTcYfARIZiizjbSj66ghOrHLj3XOd7f849":{"registrationId":402514800,"currentRatchet":{"ephemeralKeyPair":{"pubKey":"BZSQ67RTbIrcOb/CGKDo7Jt1DJL9VhUu3pM/nOAOU/Yi","privKey":"0MIl7GmRpvT7TlC4P9Nzf95p23tZC0Mn0Fng5XyeElI="},"lastRemoteEphemeralKey":"BZazFMNKl62j11UbHrTRKvDv8d3wY3aVcJnlyBOjK2VN","previousCounter":0,"rootKey":"zBYK4Anh1Pd4KLSGDT5IZo0gdv/grUqCYFQ895+3C7g="},"indexInfo":{"baseKey":"Bb+13WbzfQCTcYfARIZiizjbSj66ghOrHLj3XOd7f849","baseKeyType":1,"closed":1696263679429,"used":1696263679194,"created":1696263679194,"remoteIdentityKey":"BdFndUst3lP79BWkWdozm/M8K9+PfWGe3FqyK0I9AeYu"},"_chains":{"BZSQ67RTbIrcOb/CGKDo7Jt1DJL9VhUu3pM/nOAOU/Yi":{"chainKey":{"counter":-1,"key":"XOVl4lQwh95hHG2wI9L6RDp4dq57Q4C7nXQBIe6wmLo="},"chainType":1,"messageKeys":{}}},"pendingPreKey":{"signedKeyId":0,"baseKey":"Bb+13WbzfQCTcYfARIZiizjbSj66ghOrHLj3XOd7f849"}},"BaUV9xW7ba3BgACCCWyJDeLA4CYM7jDwOJljQ9HmvJYv":{"registrationId":402514800,"currentRatchet":{"ephemeralKeyPair":{"pubKey":"BeDHXnFTPkGzeswP6zhfE1b8QMxYClQhB0tlwZ2u1Ohf","privKey":"CCtFYrS3SLDWSimzp18zgy62tNPcw0wmtom2PZ3pf30="},"lastRemoteEphemeralKey":"BZazFMNKl62j11UbHrTRKvDv8d3wY3aVcJnlyBOjK2VN","previousCounter":0,"rootKey":"1kOZiBVfEb54bQdPaR0+gUZxv71pGmyhrz50YNTejuQ="},"indexInfo":{"baseKey":"BaUV9xW7ba3BgACCCWyJDeLA4CYM7jDwOJljQ9HmvJYv","baseKeyType":1,"closed":1696263679732,"used":1696263679427,"created":1696263679427,"remoteIdentityKey":"BdFndUst3lP79BWkWdozm/M8K9+PfWGe3FqyK0I9AeYu"},"_chains":{"BeDHXnFTPkGzeswP6zhfE1b8QMxYClQhB0tlwZ2u1Ohf":{"chainKey":{"counter":-1,"key":"uSgaiqOiYSxOKOnZjnIhENyZhGhbIKFCgMlmE/GW5Yc="},"chainType":1,"messageKeys":{}}},"pendingPreKey":{"signedKeyId":0,"baseKey":"BaUV9xW7ba3BgACCCWyJDeLA4CYM7jDwOJljQ9HmvJYv"}},"BahT4DfSYEbwax/Xi/HIkB/jt4htADAtvHXkOLMdKEFG":{"registrationId":402514800,"currentRatchet":{"ephemeralKeyPair":{"pubKey":"BQEfttw7xbUwcMmCV42QTs+lpSuRj4OtiY/4PbtNl7Af","privKey":"EHZILCRbvsl39sPVXzr/MmnvFuym7d3Mf6okp0S1h3s="},"lastRemoteEphemeralKey":"BZazFMNKl62j11UbHrTRKvDv8d3wY3aVcJnlyBOjK2VN","previousCounter":0,"rootKey":"EHCdqr1qX5CmYJTQbXAeagk1vR70lRm3Rv70KzxV1cs="},"indexInfo":{"baseKey":"BahT4DfSYEbwax/Xi/HIkB/jt4htADAtvHXkOLMdKEFG","baseKeyType":1,"closed":1696263679851,"used":1696263679730,"created":1696263679730,"remoteIdentityKey":"BdFndUst3lP79BWkWdozm/M8K9+PfWGe3FqyK0I9AeYu"},"_chains":{"BQEfttw7xbUwcMmCV42QTs+lpSuRj4OtiY/4PbtNl7Af":{"chainKey":{"counter":-1,"key":"dqNY7xE63VYGpvXaOCl9PYxQBm1ru4LpsCbHyCe0plg="},"chainType":1,"messageKeys":{}}},"pendingPreKey":{"signedKeyId":0,"baseKey":"BahT4DfSYEbwax/Xi/HIkB/jt4htADAtvHXkOLMdKEFG"}},"BZS67j7uhEiP+slcVEv8khSSSH4a04oU3oFCOipVh4Rw":{"registrationId":402514800,"currentRatchet":{"ephemeralKeyPair":{"pubKey":"BahCJuF3MssMaS3bp9BJLHe7vMXIwPkPn1nvcSx4f+Qw","privKey":"KJBnJwGAhasWs8WbmtSB005EHo9KEcOqsm0vMkF9N1M="},"lastRemoteEphemeralKey":"BZazFMNKl62j11UbHrTRKvDv8d3wY3aVcJnlyBOjK2VN","previousCounter":0,"rootKey":"tdYUmh6WvAShmJ4E7RRoAhpTmZb/sdZR4t988Pi6HJQ="},"indexInfo":{"baseKey":"BZS67j7uhEiP+slcVEv8khSSSH4a04oU3oFCOipVh4Rw","baseKeyType":1,"closed":1696263680070,"used":1696263679849,"created":1696263679849,"remoteIdentityKey":"BdFndUst3lP79BWkWdozm/M8K9+PfWGe3FqyK0I9AeYu"},"_chains":{"BahCJuF3MssMaS3bp9BJLHe7vMXIwPkPn1nvcSx4f+Qw":{"chainKey":{"counter":-1,"key":"xSAY52NoFiCr0GaoreJU+NBuqPaduoXv/KH0KVmaha0="},"chainType":1,"messageKeys":{}}},"pendingPreKey":{"signedKeyId":0,"baseKey":"BZS67j7uhEiP+slcVEv8khSSSH4a04oU3oFCOipVh4Rw"}},"BRQHhhDIgLfKHtTOYccZuUNdNawOnWpsLCrO/pcc1TQL":{"registrationId":402514800,"currentRatchet":{"ephemeralKeyPair":{"pubKey":"BTSQuOApDjOZ+TT6juBCNCicSk7AYTFlW97WoCs019k0","privKey":"0FRqJNNMwi+zx5O5fC6QhKvQQASSkCjR6smkbecb61g="},"lastRemoteEphemeralKey":"BZazFMNKl62j11UbHrTRKvDv8d3wY3aVcJnlyBOjK2VN","previousCounter":0,"rootKey":"xNp1/4n6nvLFmEQ8/apERpAFwaQUnxUADqo2BdZotvU="},"indexInfo":{"baseKey":"BRQHhhDIgLfKHtTOYccZuUNdNawOnWpsLCrO/pcc1TQL","baseKeyType":1,"closed":1696263680355,"used":1696263680067,"created":1696263680067,"remoteIdentityKey":"BdFndUst3lP79BWkWdozm/M8K9+PfWGe3FqyK0I9AeYu"},"_chains":{"BTSQuOApDjOZ+TT6juBCNCicSk7AYTFlW97WoCs019k0":{"chainKey":{"counter":-1,"key":"L3Lnbxg+kFt3DaYNZteNBv/JbMFVFs0LFiQZSaTlrA0="},"chainType":1,"messageKeys":{}}},"pendingPreKey":{"signedKeyId":0,"baseKey":"BRQHhhDIgLfKHtTOYccZuUNdNawOnWpsLCrO/pcc1TQL"}},"BduM7OrI1JhlInYz5gXqfeXpirxJVynoKTW6VhfqPkkK":{"registrationId":402514800,"currentRatchet":{"ephemeralKeyPair":{"pubKey":"BaFIoevRDvTAwzQZnmDf4nw3oVWbtxyRnyVxIVSqjHAp","privKey":"AFsnfNmDz3v4j81TuvIjegdNlqWlf7HovdqIognGKn4="},"lastRemoteEphemeralKey":"BZazFMNKl62j11UbHrTRKvDv8d3wY3aVcJnlyBOjK2VN","previousCounter":0,"rootKey":"yOQzvIvBOKld1DS9r1MiHlRCz9rciSXSzAicnmaKNkk="},"indexInfo":{"baseKey":"BduM7OrI1JhlInYz5gXqfeXpirxJVynoKTW6VhfqPkkK","baseKeyType":1,"closed":1696263680525,"used":1696263680352,"created":1696263680352,"remoteIdentityKey":"BdFndUst3lP79BWkWdozm/M8K9+PfWGe3FqyK0I9AeYu"},"_chains":{"BaFIoevRDvTAwzQZnmDf4nw3oVWbtxyRnyVxIVSqjHAp":{"chainKey":{"counter":-1,"key":"5ZAnk8cll/KTixZZXxuWnO9dvxcbmRV7PfQmDddkcmc="},"chainType":1,"messageKeys":{}}},"pendingPreKey":{"signedKeyId":0,"baseKey":"BduM7OrI1JhlInYz5gXqfeXpirxJVynoKTW6VhfqPkkK"}},"BdoEul7gGMojrW7QSlorPBQ5ZWsCdSNpI9uUTu0hJ2cO":{"registrationId":402514800,"currentRatchet":{"ephemeralKeyPair":{"pubKey":"BUZRqDZzhGAjYxw9vfVkx7wU+yHwSUCjw360qtiyPhIo","privKey":"yJb5ZtgesiJsibApLku6kr/+GlM+Y6XpkEwia96YImw="},"lastRemoteEphemeralKey":"BZazFMNKl62j11UbHrTRKvDv8d3wY3aVcJnlyBOjK2VN","previousCounter":0,"rootKey":"EpmU1zMqEbwTh+p5TVM+ZclgPNzIln6SiaSkrP5aE0k="},"indexInfo":{"baseKey":"BdoEul7gGMojrW7QSlorPBQ5ZWsCdSNpI9uUTu0hJ2cO","baseKeyType":1,"closed":1696263680635,"used":1696263680523,"created":1696263680523,"remoteIdentityKey":"BdFndUst3lP79BWkWdozm/M8K9+PfWGe3FqyK0I9AeYu"},"_chains":{"BUZRqDZzhGAjYxw9vfVkx7wU+yHwSUCjw360qtiyPhIo":{"chainKey":{"counter":-1,"key":"I584CxStM2qArRs7srTmHsFLoqk16JCFEY8JILkqqQY="},"chainType":1,"messageKeys":{}}},"pendingPreKey":{"signedKeyId":0,"baseKey":"BdoEul7gGMojrW7QSlorPBQ5ZWsCdSNpI9uUTu0hJ2cO"}},"BT2yprdeVggmKhzfep4eLZaiQ5hcxH1MYTAzwWjxuNdF":{"registrationId":402514800,"currentRatchet":{"ephemeralKeyPair":{"pubKey":"BZlZ7ojmtxgnKFNgm5xlFuWJg6sZr5rrpgfJ8SkMe0t1","privKey":"kNnvbnnBmFO8pPOh9Q5EtERP3FxG8kWNzRWrBO9XdUY="},"lastRemoteEphemeralKey":"BZazFMNKl62j11UbHrTRKvDv8d3wY3aVcJnlyBOjK2VN","previousCounter":0,"rootKey":"Lhk4BfbaVl8fpAA30/QCve+nNG5/rQt/zVYZQhFYzsY="},"indexInfo":{"baseKey":"BT2yprdeVggmKhzfep4eLZaiQ5hcxH1MYTAzwWjxuNdF","baseKeyType":1,"closed":1696263680688,"used":1696263680632,"created":1696263680632,"remoteIdentityKey":"BdFndUst3lP79BWkWdozm/M8K9+PfWGe3FqyK0I9AeYu"},"_chains":{"BZlZ7ojmtxgnKFNgm5xlFuWJg6sZr5rrpgfJ8SkMe0t1":{"chainKey":{"counter":-1,"key":"cDvaLZa6DfVMKrsPpZAM7nJsP5AaMmeuMC46lFIb2ig="},"chainType":1,"messageKeys":{}}},"pendingPreKey":{"signedKeyId":0,"baseKey":"BT2yprdeVggmKhzfep4eLZaiQ5hcxH1MYTAzwWjxuNdF"}},"BVCpxiNh6zUyxqzOBA7p1c9p6+FRVZNWeJ+kUuOCA5EH":{"registrationId":402514800,"currentRatchet":{"ephemeralKeyPair":{"pubKey":"Bf3jD/0goVjEU7xhUB1NZFqjLD+Xz1Xx60V8g0jYv7lS","privKey":"CMFBVzqapHlsNxuaA7xk6EUc+gV5dZ53MrPH+y+mE0U="},"lastRemoteEphemeralKey":"BZazFMNKl62j11UbHrTRKvDv8d3wY3aVcJnlyBOjK2VN","previousCounter":0,"rootKey":"5VyAmFBj97/VtihgdI8WsHgDFZeE06YoC7pG68M/K/8="},"indexInfo":{"baseKey":"BVCpxiNh6zUyxqzOBA7p1c9p6+FRVZNWeJ+kUuOCA5EH","baseKeyType":1,"closed":1696263680815,"used":1696263680686,"created":1696263680686,"remoteIdentityKey":"BdFndUst3lP79BWkWdozm/M8K9+PfWGe3FqyK0I9AeYu"},"_chains":{"Bf3jD/0goVjEU7xhUB1NZFqjLD+Xz1Xx60V8g0jYv7lS":{"chainKey":{"counter":-1,"key":"2sLpx3tXxFHHwv+4W6ZZ+RnUfiXQxB3Ea6dCGn6P5xM="},"chainType":1,"messageKeys":{}}},"pendingPreKey":{"signedKeyId":0,"baseKey":"BVCpxiNh6zUyxqzOBA7p1c9p6+FRVZNWeJ+kUuOCA5EH"}},"BQFDqyid8+HB9QShQBplECSBCASI3/TcV/lYzfZHTfoL":{"registrationId":402514800,"currentRatchet":{"ephemeralKeyPair":{"pubKey":"BdVAxd18jNKCCUjHfTStUQafNuyenW6o5VYZMzwjDmY3","privKey":"wN/Ph72LFpmCOzdP/rs3qX2H92s+2QF19p0/oTyJ7GI="},"lastRemoteEphemeralKey":"BVE/d4dwjmiIU4C6tzdyg6JJv5cfDp2nNa4KJtCigCxk","previousCounter":2,"rootKey":"IrLtvCwsMpYac4zDNx14Yavw5RywOhfQ80cV/gOxOkU="},"indexInfo":{"baseKey":"BQFDqyid8+HB9QShQBplECSBCASI3/TcV/lYzfZHTfoL","baseKeyType":1,"closed":-1,"used":1696545947622,"created":1696263680812,"remoteIdentityKey":"BdFndUst3lP79BWkWdozm/M8K9+PfWGe3FqyK0I9AeYu"},"_chains":{"BU5PcmnWnOk6et/S1/sWsdCnAgv10kFS1cnmKnHLhMJ7":{"chainKey":{"counter":2},"chainType":2,"messageKeys":{}},"BZMrxqhY8eD50kx1WwzhgxoxCorFcjZ+HLdsUWIBNvY+":{"chainKey":{"counter":0},"chainType":2,"messageKeys":{}},"BcbdnTHaQks33wT6TyTiW+GzAC84kj6xndrgbQO+jAEj":{"chainKey":{"counter":0},"chainType":2,"messageKeys":{}},"BVE/d4dwjmiIU4C6tzdyg6JJv5cfDp2nNa4KJtCigCxk":{"chainKey":{"counter":0,"key":"lriVRf7igwNcybQd3BHMKBP10w8PufDnyvTSeaH+cQM="},"chainType":2,"messageKeys":{}},"BdVAxd18jNKCCUjHfTStUQafNuyenW6o5VYZMzwjDmY3":{"chainKey":{"counter":-1,"key":"GEC4AJ5kIUDJHW3RQ1Stabd2p5IB3LRMTxHE/hZWrRo="},"chainType":1,"messageKeys":{}}}}},"version":"v1"}