{"_sessions":{"BY4PESOfQpmoOciJ/g7nmNoB94c47VtJoRkW+/YooUwf":{"registrationId":303502903,"currentRatchet":{"ephemeralKeyPair":{"pubKey":"Bdqhc+Fnx3pH8qyHqWls7J1BzXFJ0ZTIXEAHkKuLqqpn","privKey":"8K+pV2NCiXKOVDQlG9oFBgv16lioZ+BiiWG3V+lk0XE="},"lastRemoteEphemeralKey":"BUY2N+PwYufM2ExsW73EbyLUg7mt+ZgbOeniZX5fn0sU","previousCounter":0,"rootKey":"kRukoN7FVreZi/7m8T90fEAF1S4GHEaxyM6hLnYY9mo="},"indexInfo":{"baseKey":"BY4PESOfQpmoOciJ/g7nmNoB94c47VtJoRkW+/YooUwf","baseKeyType":1,"closed":-1,"used":1696701851919,"created":1696213231458,"remoteIdentityKey":"BfmvKKrP+VQWj/qptgdxQmjzIR7YczBT0HXurqRt16Rr"},"_chains":{"BSjp6tlIFkPdo6tZm7wTRcs859v9ahErbsoLXEBq9h9p":{"chainKey":{"counter":1},"chainType":2,"messageKeys":{}},"BZeSvdujEuGIgO/GIw7S+GHONwwFJYZuwGNrRNaHAa99":{"chainKey":{"counter":0},"chainType":2,"messageKeys":{}},"BQgnn3xgENA6THOI4Y3QnLr2oTeNUhv0knGMNseYkntW":{"chainKey":{"counter":5},"chainType":2,"messageKeys":{}},"BTHQumTFyPXkKktI+dG80nDAqjdl2AMoTN9uyBsbpnha":{"chainKey":{"counter":0},"chainType":2,"messageKeys":{}},"BSLGbTgldZIh2XxEY0/6GOXV0UHf+eq+gii7cDAuGmwr":{"chainKey":{"counter":0},"chainType":2,"messageKeys":{}},"BRwah24B6Pjs/e5QK1W89VW7wMGr0unAP1GA6Z0onABd":{"chainKey":{"counter":2},"chainType":2,"messageKeys":{}},"BTMdT5aCm/5prrh245es8uBfo+voq9SA6/IBipTWx+J1":{"chainKey":{"counter":0},"chainType":2,"messageKeys":{}},"BXtXugrV8GU60X2DCM4hzFVJaF/JGtLYD/C6grUlP616":{"chainKey":{"counter":4},"chainType":2,"messageKeys":{}},"BVl8wIKd9MqXJFvHeO9O21BIhvfPc1RQwFMCvUlRhlps":{"chainKey":{"counter":3},"chainType":2,"messageKeys":{}},"BQOJXMtlctNjHzCZJd2/bT8RgQxD9ndCzDE2WxWZ9atE":{"chainKey":{"counter":1},"chainType":2,"messageKeys":{}},"BV5WZB1dulzEHQ6vP8S7yYeOfnZCK4J/uJV9kC1oDeQx":{"chainKey":{"counter":1},"chainType":2,"messageKeys":{}},"BUY2N+PwYufM2ExsW73EbyLUg7mt+ZgbOeniZX5fn0sU":{"chainKey":{"counter":2,"key":"+ZKQI7x5uF5DUv55PoxfjgIDg9ptIeHlTQ4zp/gIbpI="},"chainType":2,"messageKeys":{}},"Bdqhc+Fnx3pH8qyHqWls7J1BzXFJ0ZTIXEAHkKuLqqpn":{"chainKey":{"counter":1,"key":"R6WwYFquf/8Sl3B0Gi7++OsbIocRhcAp92BcvzoeWrw="},"chainType":1,"messageKeys":{}}}}},"version":"v1"}