{"_sessions":{"BYq56LjrC7X4pl1cvBdLZHy+yNqpfLj1issQUXySkD91":{"registrationId":8371,"currentRatchet":{"ephemeralKeyPair":{"pubKey":"BU+saEBqwIGZJSX6JQldb0PH2mW1OhLWiRpT9rvPbP4M","privKey":"cEOnkH9NlZOYT5Jh37Zf2YEX8nthV23dbrWnAZN0i08="},"lastRemoteEphemeralKey":"BZ81T56mADzl4I0htB0Ij3f3Xzbke7E1hROJWOXExb0A","previousCounter":0,"rootKey":"o1khYzQjZaE1QyrynOO4INtGGfD+vPlmoJb0Ri/B1A4="},"indexInfo":{"baseKey":"BYq56LjrC7X4pl1cvBdLZHy+yNqpfLj1issQUXySkD91","baseKeyType":1,"closed":-1,"used":1695853014467,"created":1695853014467,"remoteIdentityKey":"BRGz4JvBOHBhw8+pp4ETB8ElAjEL8ItObIAr+kCAMjtS"},"_chains":{"BU+saEBqwIGZJSX6JQldb0PH2mW1OhLWiRpT9rvPbP4M":{"chainKey":{"counter":27,"key":"6pbeFLgLEZAN4AiWf/jqKSjtb8qkWqXoK1kj3R75Nbs="},"chainType":1,"messageKeys":{}}},"pendingPreKey":{"signedKeyId":2,"baseKey":"BYq56LjrC7X4pl1cvBdLZHy+yNqpfLj1issQUXySkD91"}}},"version":"v1"}