{"_sessions":{"BVT9bjs+UikPPFgL+k8QskbQZIMVu3lvrd01vDP76l0G":{"registrationId":19886808,"currentRatchet":{"ephemeralKeyPair":{"pubKey":"BbFuGgylvBNlDSHnGuknHyqDR4GYiqjcpdRIy/Iz4Ft+","privKey":"aLH7SKB6kmuiF95EpS+oGYgt9Fgn5Wr/PMNMmyD6DUI="},"lastRemoteEphemeralKey":"BYn+rIKAaKdlxH82kBenDrxPy9txHbZcGw1TEYDL3Llf","previousCounter":2,"rootKey":"KkMd0l+1FTHfk7/IVBpKLpdGTrmcPlzM3L3lbvmMVjQ="},"indexInfo":{"baseKey":"BVT9bjs+UikPPFgL+k8QskbQZIMVu3lvrd01vDP76l0G","baseKeyType":2,"closed":-1,"used":1696688698085,"created":1695852500921,"remoteIdentityKey":"BSIzAILuIKaEaJUMGBCeB7jz01/yEwpAqj+24Wn/xS8O"},"_chains":{"Bf55H5T1h4Z6LM+c5QgLHSwkQfljJo7bWjYbcKoIRJEH":{"chainKey":{"counter":0},"chainType":2,"messageKeys":{}},"BY4kh3PhN2czeMT8tRXlHCjqyLn6MNL6zpse9oFNoUxu":{"chainKey":{"counter":0},"chainType":2,"messageKeys":{}},"BbQR60LqC0wF3cVWz9YM8wXr1KSDSErJrr0vwCmietYa":{"chainKey":{"counter":1},"chainType":2,"messageKeys":{}},"BWRKXrvdx+OBuLnxxhg3iKyBOAxGRfK9d1m5LUEP5KpX":{"chainKey":{"counter":0},"chainType":2,"messageKeys":{}},"BW2Ib1BmnUgPL7SaVgQGiv95MiRX/MXuKqffoZxLG6EA":{"chainKey":{"counter":0},"chainType":2,"messageKeys":{}},"BXChiHVgCgwWCm+HcqT7wl72JxKywPyUm3BTvKZprqlR":{"chainKey":{"counter":0},"chainType":2,"messageKeys":{}},"BTo+KdL3sJBImrQMinZtnHe1g2ww7EvdQ5uwMlTNUwxO":{"chainKey":{"counter":0},"chainType":2,"messageKeys":{}},"BfejO+/4TsqwndXKiHxyDE7UkfRrg/CgRHTxecp2Twts":{"chainKey":{"counter":2},"chainType":2,"messageKeys":{}},"BWGvplNBeejEZby1njkBqDC+y8A/JKlhZaPSYjsiQKk8":{"chainKey":{"counter":0},"chainType":2,"messageKeys":{}},"Bc5Ju/GAqikVg+uX0BeOJAgZ1pkjSfM/6UDE7L8y8Fs/":{"chainKey":{"counter":0},"chainType":2,"messageKeys":{}},"BaGBOHCqWYmNHp+d/nn2c3MM/4dpx2oy0gRToNlhlANk":{"chainKey":{"counter":0},"chainType":2,"messageKeys":{}},"BRPQNdCZCHpmbzjBL5hU0alUV+C6TIfAYBNQbzyajdAa":{"chainKey":{"counter":0},"chainType":2,"messageKeys":{}},"BYn+rIKAaKdlxH82kBenDrxPy9txHbZcGw1TEYDL3Llf":{"chainKey":{"counter":0,"key":"YYqUs2JTg2YHcSF26TgNB5M3jmYsOUCTIyJ6ej8kq1k="},"chainType":2,"messageKeys":{}},"BbFuGgylvBNlDSHnGuknHyqDR4GYiqjcpdRIy/Iz4Ft+":{"chainKey":{"counter":1,"key":"YVF+xktMSTcmuQrmpGnqBOef4xH7zmq8C9U6KjkJ+/I="},"chainType":1,"messageKeys":{}}}}},"version":"v1"}