{"_sessions":{"BcMvz0bX/hiAvJaklkA+ufLVmOfiDvi2tDqM11Mcf9Qg":{"registrationId":1333701499,"currentRatchet":{"ephemeralKeyPair":{"pubKey":"BSCxNII+oIIA1yGnLC3AeEK02f5Pf0I3Nz/p0rVnVuEH","privKey":"YAz4XOX9/w6YJ2llQEezxPuQJ0hpl13aqzRvL8LdBEA="},"lastRemoteEphemeralKey":"BXLYAUasiE1VG5e0iiUVYikqDnNQ9CxbKhe4bQTU4WMj","previousCounter":0,"rootKey":"TJzpgyvshIATGgMLbWoygB37mmw3CqOjQMOoZ2CF3WI="},"indexInfo":{"baseKey":"BcMvz0bX/hiAvJaklkA+ufLVmOfiDvi2tDqM11Mcf9Qg","baseKeyType":1,"closed":-1,"used":1696575666613,"created":1696575666613,"remoteIdentityKey":"BWI3W9YpwkkKqZpGb9RoG11XXixqpThS+p36t3yXVJoE"},"_chains":{"BSCxNII+oIIA1yGnLC3AeEK02f5Pf0I3Nz/p0rVnVuEH":{"chainKey":{"counter":6,"key":"LPyMX9MCGVozro+09CvCQx9wcWX7JagANsICry8Qibg="},"chainType":1,"messageKeys":{}}},"pendingPreKey":{"signedKeyId":1,"baseKey":"BcMvz0bX/hiAvJaklkA+ufLVmOfiDvi2tDqM11Mcf9Qg","preKeyId":4472120}}},"version":"v1"}