{"_sessions":{"BZNl97JSkMMPp5f7w16yvw/X0+X1cT12cxnGCcQO51tN":{"registrationId":5865,"currentRatchet":{"ephemeralKeyPair":{"pubKey":"BZcT2772QYjjopokAGarVfbjngh7cnKzPAM4J5NYrKNT","privKey":"2EaxzAAN9NPW8/KrP2GBXx6J2FI4fLCYr1OsH8LiUlg="},"lastRemoteEphemeralKey":"BR1cDuVCoFh3s7cb8RHbRYxA9dq3EriWWbic0rYXIl0Q","previousCounter":0,"rootKey":"iX2DJsYwqmiAuUN6XM+4baFkgnJfQN4XOALOodfdo1M="},"indexInfo":{"baseKey":"BZNl97JSkMMPp5f7w16yvw/X0+X1cT12cxnGCcQO51tN","baseKeyType":2,"closed":-1,"used":1696787729810,"created":1695852363545,"remoteIdentityKey":"BSgXGNAuK0E8IrABzl0AGY2e0ppwQpI4BdQRhTR0issb"},"_chains":{"BXTeaNctwffSk3zWJXJ+p3Uukt7ysKOHvfUhLCXM7Jk0":{"chainKey":{"counter":1},"chainType":2,"messageKeys":{}},"BeY/aqKrHscqjZUwuK/hIAHpFsOBdduDKc8a4fbR3Jox":{"chainKey":{"counter":7},"chainType":2,"messageKeys":{}},"BSfPzB3zF312o5HM1RZ9hNLTt1rtmncZx6A9d2H3IFN0":{"chainKey":{"counter":7},"chainType":2,"messageKeys":{}},"BXZFrESbnfx7KVeCqeNjADouhnHF3Px4Ezsm3WnpLVhe":{"chainKey":{"counter":0},"chainType":2,"messageKeys":{}},"BTgKxFAaSqV/K90GMpLxzkBuwrUXEucwFd1oG1YF6q8J":{"chainKey":{"counter":0},"chainType":2,"messageKeys":{}},"BWmZPYVSZIQOde6INo9hpsQwvTc0xp+YlnumTetC7Ikq":{"chainKey":{"counter":2},"chainType":2,"messageKeys":{}},"BcUxIB6yG/tFEtFSGf8y8SxwucqdpwfAa7nN/gwZhnR1":{"chainKey":{"counter":1},"chainType":2,"messageKeys":{}},"BTrpsjEFsP8P91ufsapZ2JoUudb+PdvOEbc9vSg+x04l":{"chainKey":{"counter":19},"chainType":2,"messageKeys":{"18":"6zb6pCpRsly5o48MiXcJKJn8l/D4ZTERcim4drV6omU="}},"BeQ0EgrPNFUPDl9pi6j5oA2o4gvibtg67ti1XHQsZj4K":{"chainKey":{"counter":6},"chainType":2,"messageKeys":{}},"BRAFMsB8wR/pOvJRrSqGQqi9B6gYNq5crzdk+et4q/sq":{"chainKey":{"counter":0},"chainType":2,"messageKeys":{}},"BRxLi9SAWICb4BUEU5ZmUNzpFCnG2FiADCWys1v1UAhI":{"chainKey":{"counter":6},"chainType":2,"messageKeys":{}},"BaTpGDPv2Mj03gGbI1xaSUzmZLxNdyxEVOmjnYWIRtkE":{"chainKey":{"counter":0},"chainType":2,"messageKeys":{}},"BZ4vyOlRL0W9VnvIuIPYGCNdbXzBvx/xroLbgJrutq8H":{"chainKey":{"counter":3},"chainType":2,"messageKeys":{}},"BYO5t9uxuL8nfqmxplURXqoT745HdeBUVIgFW9pmadZu":{"chainKey":{"counter":0},"chainType":2,"messageKeys":{}},"BS2tw9h4Qkm+OisrveMQLbYdIuBQRBSkaOS1MFTvVHA3":{"chainKey":{"counter":3},"chainType":2,"messageKeys":{}},"BX9zrZ6+EPz0Gu1XfGZjNaTr1l4E1/L8UR9lDYzkBuBi":{"chainKey":{"counter":0},"chainType":2,"messageKeys":{}},"BZ7GzRV8O/z9LmOfjsw82PpESsP7Yn1q3r/ulPNkmFw3":{"chainKey":{"counter":0},"chainType":2,"messageKeys":{}},"BR1cDuVCoFh3s7cb8RHbRYxA9dq3EriWWbic0rYXIl0Q":{"chainKey":{"counter":1,"key":"qbkq1G3AQZx35EpHUiQ40n8VWpN1wgNhdhnJfA0gWbE="},"chainType":2,"messageKeys":{}},"BZcT2772QYjjopokAGarVfbjngh7cnKzPAM4J5NYrKNT":{"chainKey":{"counter":-1,"key":"mgk5dQnZfISDzj2adWvLeQnngSEDRLJKWhAvCwmLSz0="},"chainType":1,"messageKeys":{}}}}},"version":"v1"}