{"_sessions":{"BQWsG5W+bCcWKpkM7J15mux7leVS+TLcXL8Mrl1oXJ89":{"registrationId":731985018,"currentRatchet":{"ephemeralKeyPair":{"pubKey":"BfmcTvxxPyBze2iyrqGKfqNMcMxP4ZNLUPaIzXWkkAU5","privKey":"YLjV+XXZmMxE/3LIMKh9haXwN94efA1xtaM8qAuyHHQ="},"lastRemoteEphemeralKey":"BTlW9S6K+53MQmP7xh0MhtiPu3KLzhyTdNStZzh+KIV9","previousCounter":1,"rootKey":"4A5F3pdLoHXT44NFW8nHwLcpOEo9JtDSWSV6M1+eVC4="},"indexInfo":{"baseKey":"BQWsG5W+bCcWKpkM7J15mux7leVS+TLcXL8Mrl1oXJ89","baseKeyType":2,"closed":-1,"used":1696117819265,"created":1695852503357,"remoteIdentityKey":"BUQYYltxCmyZL4xFm7yrLpYCMpy7qcoyiCEZe2ywTUsF"},"_chains":{"BZ+JecxBFi2P8DaW0Uj+NnMoKaOIS48TgH14e9gaz3t+":{"chainKey":{"counter":0},"chainType":2,"messageKeys":{}},"BRwk+dPm93TOgmnOZ06MHxqVAO4VxfZyQgqUjluk251R":{"chainKey":{"counter":1},"chainType":2,"messageKeys":{}},"BQZZFab8hl+RuuKpTzFWyw0aEwvCaP/lTzJ26j9rm+1s":{"chainKey":{"counter":1},"chainType":2,"messageKeys":{}},"BcBaPE/CgGUqrDeIBXX7h/DCy3Tp9sgua2uTyew0SXM6":{"chainKey":{"counter":0},"chainType":2,"messageKeys":{}},"BTlW9S6K+53MQmP7xh0MhtiPu3KLzhyTdNStZzh+KIV9":{"chainKey":{"counter":0,"key":"+FBEoUGq6R1/8U6WiceCe2FF7iBRvSAcTnrZYF+lrXU="},"chainType":2,"messageKeys":{}},"BfmcTvxxPyBze2iyrqGKfqNMcMxP4ZNLUPaIzXWkkAU5":{"chainKey":{"counter":-1,"key":"zzQiLJ3rqCGJSxHla8ciULWoTatlAJKubBCXD7XJw9M="},"chainType":1,"messageKeys":{}}}}},"version":"v1"}