{"_sessions":{"BRJM2+yzLsBVxZSsQORRcRwgxtFxOJ91OtIDkfmKLJ4e":{"registrationId":1462777820,"currentRatchet":{"ephemeralKeyPair":{"pubKey":"BWG2uonABbE1iN8e5kPM/BB86JiTdBrkY7Ib7NNTICJv","privKey":"gNK5oT7MaOBGxSW+hFp+jKlMgs+C2ci8N6cHl+tPyWU="},"lastRemoteEphemeralKey":"Bd9YjKE9gDaajekiPXOCf6ag/eowI8njY2qJzGaeMxRG","previousCounter":11,"rootKey":"kCXjEFw4/oq7VRRFRx0lSWDB99CA3+jxh42BrgcvwGY="},"indexInfo":{"baseKey":"BRJM2+yzLsBVxZSsQORRcRwgxtFxOJ91OtIDkfmKLJ4e","baseKeyType":1,"closed":-1,"used":1696515430137,"created":1695853014950,"remoteIdentityKey":"BZye+GepwPhTh4AvZH1h+CNb6fJ/tVZ4IvQ7iCHv8PQT"},"_chains":{"BTheJV4QE8pgprHGyA8eWmHY2jj8nIUi+R137JoPb5gT":{"chainKey":{"counter":0},"chainType":2,"messageKeys":{}},"Bcy4e7wKqfe3LX6ke46PK7aX5LGPJGWCg60GcRKVmi5A":{"chainKey":{"counter":0},"chainType":2,"messageKeys":{}},"Bd9YjKE9gDaajekiPXOCf6ag/eowI8njY2qJzGaeMxRG":{"chainKey":{"counter":0,"key":"NzBSufxZ/Vu3uLx+m1+6X7XhBt64FrS9SOZRQOVmsfs="},"chainType":2,"messageKeys":{}},"BWG2uonABbE1iN8e5kPM/BB86JiTdBrkY7Ib7NNTICJv":{"chainKey":{"counter":7,"key":"Cb9AhC5UHmkwKKSqIoHNERFmj0KULAfkVlMbwEfjqHw="},"chainType":1,"messageKeys":{}}}}},"version":"v1"}