{"_sessions":{"BYCswk5y5W19SBiDID1v9Dk+MFg67nuXstVLPaOhtnVx":{"registrationId":7702,"currentRatchet":{"ephemeralKeyPair":{"pubKey":"BT5uEb/rmDTtt414QapTAdMyV4y0pDALWwST2kPecO4x","privKey":"cJBeJvCca+nUhs+Svf2wzlMAm5Vme5nrtMPnKuJU6U0="},"lastRemoteEphemeralKey":"BeiJ7OZzUw0irTY18r4pb+w8QthE4E2IWRtpQflNn7px","previousCounter":0,"rootKey":"z5akllTkBoijaB3qj2nxs69lLW4Ut446uROP6sbmrZ8="},"indexInfo":{"baseKey":"BYCswk5y5W19SBiDID1v9Dk+MFg67nuXstVLPaOhtnVx","baseKeyType":1,"closed":-1,"used":1695853014746,"created":1695853014746,"remoteIdentityKey":"Bag9ALnFScyhQj32ao7kRRTnxQWggyXjc/AspjY8e0Zq"},"_chains":{"BT5uEb/rmDTtt414QapTAdMyV4y0pDALWwST2kPecO4x":{"chainKey":{"counter":1,"key":"bKaEaepI0uBEzntw4YXQGZpoF80rzFZqjdAG1WyrCRQ="},"chainType":1,"messageKeys":{}}},"pendingPreKey":{"signedKeyId":1,"baseKey":"BYCswk5y5W19SBiDID1v9Dk+MFg67nuXstVLPaOhtnVx","preKeyId":535}}},"version":"v1"}