{"_sessions":{"Be+BCOm6ngAsN//MBj9WH0jSX25mdxekXHDptzs15XJh":{"registrationId":1535607197,"currentRatchet":{"ephemeralKeyPair":{"pubKey":"BVWydUXRcgGv1NJ/9Mp6t6sOWO566gVM7RT3UW8LiqVC","privKey":"gDFTC2LvL+dIVorcdIWbxdk9YczlDH8iPliv4A2d5m0="},"lastRemoteEphemeralKey":"BfV1m8DWbStMPwPAbc4GlP1xGVU64Qd4Motxtlm19qhB","previousCounter":2,"rootKey":"iga1K9aSg8cvRJ1ZbyBhTXBdDGMDz0pn7yZUhyw7rEc="},"indexInfo":{"baseKey":"Be+BCOm6ngAsN//MBj9WH0jSX25mdxekXHDptzs15XJh","baseKeyType":1,"closed":1695858667360,"used":1695861946861,"created":1695853014956,"remoteIdentityKey":"BR17gnqe6LW8BGZh00cgo51nBmcmIRBf3bA3Vg9vKHVr"},"_chains":{"BfV1m8DWbStMPwPAbc4GlP1xGVU64Qd4Motxtlm19qhB":{"chainKey":{"counter":5,"key":"BdH6+xBsGamT6fS6v/DPre4gb5Lc1mX7KUiWDrXkR/Y="},"chainType":2,"messageKeys":{"0":"EFprjLfCJ+X6TPW4i8KfcNxN2Arfz+3k61f5GVXqj/I=","1":"gHzvchi9V4BROGP9FOo8B1b8fWU0tdEqZC8CoK39n5w="}},"BVWydUXRcgGv1NJ/9Mp6t6sOWO566gVM7RT3UW8LiqVC":{"chainKey":{"counter":-1,"key":"5QAG8VODMxZezEfy5IHDB04uRSBOSzUZ1OtPjj8rl1Y="},"chainType":1,"messageKeys":{}}}},"BURgrATAly71A9NygMaRYZaG/TAAf520r3LgryaGa5oZ":{"registrationId":1535607197,"currentRatchet":{"ephemeralKeyPair":{"pubKey":"BSqrvnxUppx+o4i814e9F7xK8QojmfjplW9FFTggf3l7","privKey":"wAGGrPMI0QlaB8qiPy1p2DwyvqCpTcLS90BnaXtC/VM="},"lastRemoteEphemeralKey":"BfV1m8DWbStMPwPAbc4GlP1xGVU64Qd4Motxtlm19qhB","previousCounter":-1,"rootKey":"CT4VRdqAW8hg1HONaITeyidh6UDbDmROF82XYUZMDdg="},"indexInfo":{"baseKey":"BURgrATAly71A9NygMaRYZaG/TAAf520r3LgryaGa5oZ","baseKeyType":2,"closed":1695899302122,"used":1695858667363,"created":1695858667363,"remoteIdentityKey":"BR17gnqe6LW8BGZh00cgo51nBmcmIRBf3bA3Vg9vKHVr"},"_chains":{"BcDkDkFzvSSA6Hk8ExuCVvPv15CZl3iGK+zVygpFuEss":{"chainKey":{"counter":0},"chainType":2,"messageKeys":{}},"BfV1m8DWbStMPwPAbc4GlP1xGVU64Qd4Motxtlm19qhB":{"chainKey":{"counter":2,"key":"IRp3racPM9h3Ts4yHEbXsqTMb8maQNMNXpI3ak8naa4="},"chainType":2,"messageKeys":{"0":"baXGQaKgGavCLEUQr1imxiFDh1UTV1RYzdRlKCR4Qd4=","1":"DYIL7ctar3yYnBHus0g0uBDEekBnTO9Lap9JRszUEsg="}},"BSqrvnxUppx+o4i814e9F7xK8QojmfjplW9FFTggf3l7":{"chainKey":{"counter":0,"key":"L380ICQd75gFSoHdQdhXxbr+UsMtVf9XQ8woPxNnqhs="},"chainType":1,"messageKeys":{}}}},"BfbWcb2qmH5z6UxkVmUF0qvm3h2+yhZQXkK5SZikAuhs":{"registrationId":1535607197,"currentRatchet":{"ephemeralKeyPair":{"pubKey":"BeBoJ5tlpqPcKgPJpXSGf7e8dIn0Wx+BYZn89Yuwu2YK","privKey":"EEwsampXH/nltWgewFa9WCwiIBj3OYJ9+a6jiEJIp2E="},"lastRemoteEphemeralKey":"BUdAxFof4arou7gi2ERCT0Cn2Wwf9Mi8ZbwsPIv2XqZ4","previousCounter":0,"rootKey":"mTZLCG9Vda3oZ5bx9Bb1edzPlixVgLxdVB7p0e+1x9o="},"indexInfo":{"baseKey":"BfbWcb2qmH5z6UxkVmUF0qvm3h2+yhZQXkK5SZikAuhs","baseKeyType":1,"closed":-1,"used":1696431142185,"created":1695899302120,"remoteIdentityKey":"BR17gnqe6LW8BGZh00cgo51nBmcmIRBf3bA3Vg9vKHVr"},"_chains":{"BXgM06kXL5m3cQlyehxHvHZ9JGXVH55KADiIjn0QQ1Jr":{"chainKey":{"counter":1},"chainType":2,"messageKeys":{}},"BetBQBaQ63UHdIifTrmTV9CoYFQACUg83+kzthM+5Cca":{"chainKey":{"counter":0},"chainType":2,"messageKeys":{}},"BaVWk64wh089UuLO/3PGWdWrr6xuN2/TSIJkf4sN4SJl":{"chainKey":{"counter":1},"chainType":2,"messageKeys":{}},"BcGsOdV4jUxM2nvmNR7la0w4DONcrf/JpdkEXNGfSYgp":{"chainKey":{"counter":0},"chainType":2,"messageKeys":{}},"Bea9GBfAOsBvvAZSFiwveGQGnepU9KqLdccczkrtc0oP":{"chainKey":{"counter":0},"chainType":2,"messageKeys":{}},"BdQe0z9HXtSDQ45dwMSZXLraDHYsp8VoBrN72Km3jyI+":{"chainKey":{"counter":2},"chainType":2,"messageKeys":{}},"BfVPy59JSiHwjyB+b64UJq4WowJ2NWxPfWgdxktdycA6":{"chainKey":{"counter":0},"chainType":2,"messageKeys":{}},"Bbnn4Z6yTqlr4O/hQHeR8e2x1TwNG/S/QCEUfrg5jJYu":{"chainKey":{"counter":0},"chainType":2,"messageKeys":{}},"BUdAxFof4arou7gi2ERCT0Cn2Wwf9Mi8ZbwsPIv2XqZ4":{"chainKey":{"counter":0,"key":"VPXuegTKWGLxgeJ7yJ9JcgaLTJOup3TrKL+u69dH8ZM="},"chainType":2,"messageKeys":{}},"BeBoJ5tlpqPcKgPJpXSGf7e8dIn0Wx+BYZn89Yuwu2YK":{"chainKey":{"counter":-1,"key":"T1/0rNMF4QCegCZQkTF+f4gLW4qjfeKgVDHDuw6rCdc="},"chainType":1,"messageKeys":{}}}}},"version":"v1"}