{"_sessions":{"BQV12IoJRtkn4Eu+1hFFUkdr4DrylQ6D4vxiv3kywT9I":{"registrationId":871017630,"currentRatchet":{"ephemeralKeyPair":{"pubKey":"BZPJYSofi/aCZdQ/tRW+QSjvBYZuPBBGmf/oB7jMSmwn","privKey":"SGoZ6HGb/9bYn+j82BaVcVD8v3+3Q9saZM5FfwKTqUQ="},"lastRemoteEphemeralKey":"BVQ92wHu7geyPiFP/mhuNrEP0qxKCdNNkiZ3cIvNLE5Q","previousCounter":0,"rootKey":"KXv3yczmUsH/S9Xn/TLZipyY8ti4TjF6ECHBSu650Ds="},"indexInfo":{"baseKey":"BQV12IoJRtkn4Eu+1hFFUkdr4DrylQ6D4vxiv3kywT9I","baseKeyType":2,"closed":-1,"used":1696787729147,"created":1695852501309,"remoteIdentityKey":"BToxQYllEpx6HrGfd2/B/ak4snDDuawJ9viHIfVJ3ZYA"},"_chains":{"BS+AD5rxiDy7Cp6baogPbQ6twQbtK4pejBus4RIhXmUW":{"chainKey":{"counter":0},"chainType":2,"messageKeys":{}},"BR9aV8wpUzDjn17pvB/4DRiXBKMlKNxigSa5SHQ5l4l1":{"chainKey":{"counter":0},"chainType":2,"messageKeys":{}},"BRC3uL6wq5VvENeWtzLoZYFXr6bodo2GqSEXMTELWkpI":{"chainKey":{"counter":1},"chainType":2,"messageKeys":{}},"BdYkO4nIdJd4iNn8eHjOK26UNMddpnVYbMZp9PrjWPN8":{"chainKey":{"counter":0},"chainType":2,"messageKeys":{}},"BQ0QkWGXovOXJfLqbpyDBDWwEq/inaefHMNgxURE5ElT":{"chainKey":{"counter":0},"chainType":2,"messageKeys":{}},"BZuNyRXMk8BAscUj1slnN/yEqkhiWZxNDXCVDauO3nt7":{"chainKey":{"counter":0},"chainType":2,"messageKeys":{}},"BcQGff4sz+bWOJrnuSnqiHbY9wd9HzUU1Er8sqokTF5q":{"chainKey":{"counter":0},"chainType":2,"messageKeys":{}},"BeHYJQ14qtrkIcCteS7e3hcjeWEjhhV9/bIZy1+6MThH":{"chainKey":{"counter":0},"chainType":2,"messageKeys":{}},"BYauoCUvlBWW9xEiMdolbvVEU8MHpYfrWMEajQQBW8Jf":{"chainKey":{"counter":2},"chainType":2,"messageKeys":{}},"BRTl5/ja9R7cG3q7iKiJuK371MPxqyLZkZLYbH8OSFhQ":{"chainKey":{"counter":0},"chainType":2,"messageKeys":{}},"BRExD2eCNYbWpJFeas0iPotufY+unrRKEsm98ow4YC0S":{"chainKey":{"counter":0},"chainType":2,"messageKeys":{}},"BWvGqPtktX+OJ6u8SJEzdQoFWhjT4sLs+4GQCQ0tnaEh":{"chainKey":{"counter":0},"chainType":2,"messageKeys":{}},"BcULyApFb7bcHbdt5Ue/7BF+NKGrAVOmlyiiL/5j0TN3":{"chainKey":{"counter":0},"chainType":2,"messageKeys":{}},"BRyj0rG1FTnZkRb7k0P2km2jQUNQJju4NVAniUOKGRUi":{"chainKey":{"counter":0},"chainType":2,"messageKeys":{}},"BVQ92wHu7geyPiFP/mhuNrEP0qxKCdNNkiZ3cIvNLE5Q":{"chainKey":{"counter":1,"key":"LjvtVuJ2pisFrc1E2qU1bHMGEGj+gaTdk4xEj+S2iKM="},"chainType":2,"messageKeys":{}},"BZPJYSofi/aCZdQ/tRW+QSjvBYZuPBBGmf/oB7jMSmwn":{"chainKey":{"counter":-1,"key":"YjprAZ0sEEtfX7OuCUshFy91Wft4AEvxGDEagwh6y9Y="},"chainType":1,"messageKeys":{}}}}},"version":"v1"}