{"_sessions":{"BbOfJDdm8mujIKE5m52Q5zl1wUJR+8Q1jj7mCOvDyNlN":{"registrationId":1467616764,"currentRatchet":{"ephemeralKeyPair":{"pubKey":"BZ9Hlw9CIvgWZknMXIY0/fP+/tsotQtcUnvbX2QGJMVf","privKey":"0Gh/wkiFKGoU5yU+NpvYPIXbm2yo85GyZP4kc2IbAn4="},"lastRemoteEphemeralKey":"BYOUI6zOjbIfC7Zx5GXrIUR0KA8eEDDW13QwsmDWNDxD","previousCounter":2,"rootKey":"xM64ro74ghtF/kYGzikV40VT0nxyc4XqPWgPJGM+vdY="},"indexInfo":{"baseKey":"BbOfJDdm8mujIKE5m52Q5zl1wUJR+8Q1jj7mCOvDyNlN","baseKeyType":2,"closed":-1,"used":1696691577309,"created":1695852499342,"remoteIdentityKey":"BeUjqBoog3goUFFi+wU9gWr69R0X66c4sbFmO4jE1TIE"},"_chains":{"BQ/Rw1GfNeIlvRXY+DpnZFwPl6TuM02WUs2MfekGO01Q":{"chainKey":{"counter":0},"chainType":2,"messageKeys":{}},"BTQqDXlxTfcH7yDImP5WrldJtcpLuMktgy2gAMhFan9r":{"chainKey":{"counter":0},"chainType":2,"messageKeys":{}},"BelAFb1phuEeAhOpm2U5IeyVTfLBLp6qb5EQxyYG/Elf":{"chainKey":{"counter":1},"chainType":2,"messageKeys":{}},"BZvz+kL7qqWPm+FbaaCi5+I37SA/v84wzfYbzX0a85lS":{"chainKey":{"counter":0},"chainType":2,"messageKeys":{}},"BdjL6HfusK39Cefia7OD5k/J5QNjTRy0M41PnGas5fZ7":{"chainKey":{"counter":0},"chainType":2,"messageKeys":{}},"BRtl0pVDYoPxHxzWALps1jh3Ylw9X+alLatb5gJ9yMZb":{"chainKey":{"counter":0},"chainType":2,"messageKeys":{}},"BZ93etBaaoy4+HoaicvCqIxhJN2smVKMsVHFaCIvMW43":{"chainKey":{"counter":0},"chainType":2,"messageKeys":{}},"Bcufd5tlFA9r+WQH1BH0k+ddftoRKFiakCeLdzp7Sudc":{"chainKey":{"counter":3},"chainType":2,"messageKeys":{}},"BaxB0eCTGwIio3NDsN6L4MQAHxhGffXEhi0dHkysYOMe":{"chainKey":{"counter":0},"chainType":2,"messageKeys":{}},"BZuJ4eKEhRfoFZZNgZH92bUhWD+kTYObv5v8ql2p788G":{"chainKey":{"counter":0},"chainType":2,"messageKeys":{}},"BfmxCEHEQkpLMFndHdsMd9hv39lfHwNSRxMn5QWGqC0Y":{"chainKey":{"counter":0},"chainType":2,"messageKeys":{}},"BbNrRtCVy2h3BGUQpfLhswY28yojblq+QaXurSBfP7Ni":{"chainKey":{"counter":0},"chainType":2,"messageKeys":{}},"BYOUI6zOjbIfC7Zx5GXrIUR0KA8eEDDW13QwsmDWNDxD":{"chainKey":{"counter":0,"key":"dGkWEJWI1ywmOQY1QmgrdoPxcioazS2zM65sxH5M8ww="},"chainType":2,"messageKeys":{}},"BZ9Hlw9CIvgWZknMXIY0/fP+/tsotQtcUnvbX2QGJMVf":{"chainKey":{"counter":1,"key":"p7I/w7JyJimyxqo5wAFnFxCSzhvkH5V+hIltsv81Gv0="},"chainType":1,"messageKeys":{}}}}},"version":"v1"}