{"_sessions":{"BfZPaNGQCxbKGCzL2YZ2KGp+BDBCMOnqgjk0kdcROXI3":{"registrationId":1796096175,"currentRatchet":{"ephemeralKeyPair":{"pubKey":"BVns21Tc4deY3+Pqi+f2RRV3hlssdJpPqP+AO1FDaN9+","privKey":"IORP1toF6uZ3meYXejLeTcAXySAU/eyl1rBDL6NneFs="},"lastRemoteEphemeralKey":"BYDUshRf99XXSZne2g1RdLlMzaCtS2seyHxC1lx5ZLIw","previousCounter":0,"rootKey":"KuEVvBOTmGkLKPPVmtKI9Jq7VpNcNw8h6XwXrJHtx9o="},"indexInfo":{"baseKey":"BfZPaNGQCxbKGCzL2YZ2KGp+BDBCMOnqgjk0kdcROXI3","baseKeyType":1,"closed":-1,"used":1696722095874,"created":1695899300480,"remoteIdentityKey":"BQ3zdlueCg9bbQS8AbKi058Z132CJanmu1kEYfdqiY5c"},"_chains":{"BTRpNwvJTwXkMrgIwfbPL0SVi3N+/FgSR8hX9uUOuRJJ":{"chainKey":{"counter":2},"chainType":2,"messageKeys":{}},"BfLe9goIYMLmF+Rj50U3la57k5eoEQb1sZBDUanQ5UFp":{"chainKey":{"counter":0},"chainType":2,"messageKeys":{}},"BQ4g3QdN2fSm7mi2de221sHNy02G6DsKxFQ0N4F1wy9u":{"chainKey":{"counter":1},"chainType":2,"messageKeys":{}},"BaCuFqO4Vpv1M/nNlY37JSO/pNtIy0D/r3xMv2INoUxb":{"chainKey":{"counter":0},"chainType":2,"messageKeys":{}},"BdT+FiQDsCFNsbMrud/Nh3pd6Sf+6bd72Wz+YVeqoD9Q":{"chainKey":{"counter":2},"chainType":2,"messageKeys":{}},"Bft5AJmBspBsXRghYqN0+DJicBoQNnvzRx41o/TD7tQw":{"chainKey":{"counter":1},"chainType":2,"messageKeys":{}},"BUdJ00Q1VysAE1SLq1r4DwmnZH/hX+m95wPW9RGwkbdb":{"chainKey":{"counter":1},"chainType":2,"messageKeys":{}},"Bcs1rA/fZB7XqE9x5gjvstd78MSrgTWagQqE/tHoSZMQ":{"chainKey":{"counter":0},"chainType":2,"messageKeys":{}},"Bcj6+HzwlncgmPAMXJFW/+7zq9mkLkpAsxZvZnPGYjga":{"chainKey":{"counter":0},"chainType":2,"messageKeys":{}},"BVumkhCzgsBfygMr2c0Yiee/1BFnQtf9shUqUna71LhF":{"chainKey":{"counter":0},"chainType":2,"messageKeys":{}},"BYDUshRf99XXSZne2g1RdLlMzaCtS2seyHxC1lx5ZLIw":{"chainKey":{"counter":0,"key":"jOjuLiM/cXtfrgKADhoP4wPjVXKAvlcrXFXyJsnoU60="},"chainType":2,"messageKeys":{}},"BVns21Tc4deY3+Pqi+f2RRV3hlssdJpPqP+AO1FDaN9+":{"chainKey":{"counter":-1,"key":"GwVzpuQDFYg7cwiPRNCgl4qAGa2gkEtWLFltY6DAx2U="},"chainType":1,"messageKeys":{}}}}},"version":"v1"}