{"_sessions":{"BTbrmIgPdusaAEDXHP2rN/QyaFTSFI8yebV6vp4dSIwA":{"registrationId":2068283925,"currentRatchet":{"ephemeralKeyPair":{"pubKey":"BQQYjt6ZuZgzjc0sJuAL3fPD/43Xi6z2QwEsXsqKk8BA","privKey":"IHIpnUZPMdTHQa3EJBRSbz4mG9OybFLCAHnXnvdVFFQ="},"lastRemoteEphemeralKey":"BTRUEJNSstzqFQeE0FLEiP0rRtl6B/Ojfq0AHE18JrYC","previousCounter":0,"rootKey":"SLzoRpZ/i4RWNcbGfV+vankvzikE84908Nc3h0C/GvI="},"indexInfo":{"baseKey":"BTbrmIgPdusaAEDXHP2rN/QyaFTSFI8yebV6vp4dSIwA","baseKeyType":2,"closed":1696466170583,"used":1696455237642,"created":1695852500841,"remoteIdentityKey":"BYu7kK3t16yIZDDmgAEwSvGu4pZui5/EIrAsb1Gm4+oD"},"_chains":{"BZ/QouURXZk3iSRlsmrZb4YEr1l/PqJjuFMTEDwnWMo/":{"chainKey":{"counter":0},"chainType":2,"messageKeys":{}},"BV/Hv86Worn4Lcn5FE9eKtkBGJ6ddUdaoH95g9zUQ3sl":{"chainKey":{"counter":0},"chainType":2,"messageKeys":{}},"BamLLdIFugF4nY+LFn/bN1fu6Hyns8mLSFHfkA9RFZVj":{"chainKey":{"counter":3},"chainType":2,"messageKeys":{"0":"pG46AUzVXRLNMRXWkv06SAQpseMZbGGSkQZj34zLEes=","2":"50GUEW3RYVqHpes1N8Ma6dXtKVEHU6Np6cbBOsLEKx8="}},"BcFmfX8NDKmH17Z+Y5g2kg59B0mzrNFNPBHWv5/X1A8D":{"chainKey":{"counter":0},"chainType":2,"messageKeys":{}},"BV+PlwlR1IGjTEozJR5d5RTxGK3r/6hx4bG/2OUfr7Ri":{"chainKey":{"counter":0},"chainType":2,"messageKeys":{}},"BfAUrUAzABdCtmmZNc+QjSDp1ZhHAzf4JuT9GT2vCGMj":{"chainKey":{"counter":0},"chainType":2,"messageKeys":{}},"BXRQDYBpDECgziZ1vBkIzOuKt5Z8WJg2qSs57mUqAl13":{"chainKey":{"counter":0},"chainType":2,"messageKeys":{}},"BQLOmqttwTsTJ8vUCsoPhLz0cxk1aRhwXA4Mf5NOArBN":{"chainKey":{"counter":2},"chainType":2,"messageKeys":{}},"Bb6Wofm/N1ar3f/Xf/PE/nvq0iffD0JicPuDVTjsQVI+":{"chainKey":{"counter":0},"chainType":2,"messageKeys":{}},"BZfJA2aaG92A0BxBgnEqzZ1auODGAMek/xiNyLh7Ehg9":{"chainKey":{"counter":0},"chainType":2,"messageKeys":{}},"BTRUEJNSstzqFQeE0FLEiP0rRtl6B/Ojfq0AHE18JrYC":{"chainKey":{"counter":0,"key":"Uy/B7kzn2sAOqToRDCu1rDYhKmNIHLm/m73Mqsl+r+k="},"chainType":2,"messageKeys":{}},"BQQYjt6ZuZgzjc0sJuAL3fPD/43Xi6z2QwEsXsqKk8BA":{"chainKey":{"counter":-1,"key":"/6x38e8y2IGyIgYRuWh7g5SxwsyhZheLMTpz1mVT35A="},"chainType":1,"messageKeys":{}}}},"Be7yeO5T3VrhP6texmcahWwedY76k4+/klTR7CKC1PV1":{"registrationId":675952687,"currentRatchet":{"ephemeralKeyPair":{"pubKey":"BVs3zhcmIczOhTostwstwYC+mODWb/EbGNXKy98vFuUE","privKey":"sOL16rEBcQ8C8i0QoVF9eDLGfwHE9kylm3p/w8HP70w="},"lastRemoteEphemeralKey":"BYe+xEtj5ie50kN/YWSJrO+zHRfNFp5MV/73lQFqAJQJ","previousCounter":0,"rootKey":"SLS4oO+ePiX3NwE8m5duJ3RXIGryt6NWYlhkbzD0Res="},"indexInfo":{"baseKey":"Be7yeO5T3VrhP6texmcahWwedY76k4+/klTR7CKC1PV1","baseKeyType":1,"closed":1696541575372,"used":1696466170576,"created":1696466170576,"remoteIdentityKey":"Bd2wkM3RhxiNzWlCyYK/ZWTM2lLZ35uEbHMtt76idxdU"},"_chains":{"BVs3zhcmIczOhTostwstwYC+mODWb/EbGNXKy98vFuUE":{"chainKey":{"counter":1,"key":"LKkMKNR/f+zaDXGNH3/iWDPJx8APBS4Zlpk+xWi5kQ4="},"chainType":1,"messageKeys":{}}},"pendingPreKey":{"signedKeyId":0,"baseKey":"Be7yeO5T3VrhP6texmcahWwedY76k4+/klTR7CKC1PV1","preKeyId":909519}},"BTqMOe7eV3tZKyVjtDD3MWQu6AZxl/KU6kSvxC0k31lt":{"registrationId":501834788,"currentRatchet":{"ephemeralKeyPair":{"pubKey":"BdHb54rTQp5jb36HK1XxrnPNCxewzxWlu2GXypMxjEUK","privKey":"6Id25GrvHIpGg5ehO+BC++LTbhTIOOHlj6SA7PcBKmY="},"lastRemoteEphemeralKey":"BRhYzpoufmIEXcGHLNQYkk+HTYJ2m4+e3NFkitlRoaso","previousCounter":2,"rootKey":"Cdg4/HZbzoLDLxSuodJmES5FE0dQV+CuqeIqkzE1CKA="},"indexInfo":{"baseKey":"BTqMOe7eV3tZKyVjtDD3MWQu6AZxl/KU6kSvxC0k31lt","baseKeyType":1,"closed":-1,"used":1696688700025,"created":1696541575370,"remoteIdentityKey":"BfwI1rtuPyxvEDdo4cehGKw/oFlmtYTZhX9NeHmKM+FI"},"_chains":{"BSeYwOlYhCBSQdC/shaQF5DDXoWx+zq3DWc0TAwzfL0p":{"chainKey":{"counter":0},"chainType":2,"messageKeys":{}},"BWnZPQDEDqfDoWRTpAdOIV9aWqiG/X0VCwtRjWefuWlM":{"chainKey":{"counter":0},"chainType":2,"messageKeys":{}},"BRhYzpoufmIEXcGHLNQYkk+HTYJ2m4+e3NFkitlRoaso":{"chainKey":{"counter":0,"key":"79ddYBIMfNYWcuXLXXFBYV5gG7w80ffobwVVFqiYqyw="},"chainType":2,"messageKeys":{}},"BdHb54rTQp5jb36HK1XxrnPNCxewzxWlu2GXypMxjEUK":{"chainKey":{"counter":1,"key":"vA6Wowdf/RpxIzP5vhiCu4S5IIrCpW/431qVt/g+ZXo="},"chainType":1,"messageKeys":{}}}}},"version":"v1"}