{"_sessions":{"BYGmfTHrrP/NTgfrQgrv4u5fZsHj/ak5mixZlU8VjC1M":{"registrationId":1670755242,"currentRatchet":{"ephemeralKeyPair":{"pubKey":"BelLnPVMEuKsvUqajccOMDNX6BoxVQevKuO2S73qMDEG","privKey":"+EJN0kx9Dr+0HvwjEDnAtbeLeptEw4BrGMwlo2HkRHw="},"lastRemoteEphemeralKey":"BUXpMDLWiWCoZC3ESquZe3xqXbHYfNaR/nbVXKWRlS4b","previousCounter":0,"rootKey":"NNkEJmBjCBWSvIPbMcDHGIFdKCxWKAkBOd7kE15808U="},"indexInfo":{"baseKey":"BYGmfTHrrP/NTgfrQgrv4u5fZsHj/ak5mixZlU8VjC1M","baseKeyType":1,"closed":1696087299002,"used":1695853014868,"created":1695853014868,"remoteIdentityKey":"BTNidp6xKOfkHxMmGrJ+PYwajiP1BuVAzsFcidTwzGcs"},"_chains":{"BelLnPVMEuKsvUqajccOMDNX6BoxVQevKuO2S73qMDEG":{"chainKey":{"counter":9,"key":"3WAtH/rQoQvpEqgzBmkscOSgRilibBqP1TB7ogaDERc="},"chainType":1,"messageKeys":{}}},"pendingPreKey":{"signedKeyId":7,"baseKey":"BYGmfTHrrP/NTgfrQgrv4u5fZsHj/ak5mixZlU8VjC1M","preKeyId":8899754}},"BWWOuZ6b5Y69ThQaT6FNlzFAna1lgnVPTscwTIbJ6JZn":{"registrationId":195963424,"currentRatchet":{"ephemeralKeyPair":{"pubKey":"BeHbrgqt/4B8VypljcNp2T6glSNIETsBpvVsCxjCMBdl","privKey":"0G10HBKbzyd/PveSmA9Ov8mjB/ph3bjvuem/waI6p34="},"lastRemoteEphemeralKey":"BY7RGDfsuOEwgmWYAl3fOzSxlGFHAl6NCG1v9LaJgDVo","previousCounter":0,"rootKey":"22LgYM79u8HvDnofA1BUtTeCLfB4WuwgT+8EZU8FWok="},"indexInfo":{"baseKey":"BWWOuZ6b5Y69ThQaT6FNlzFAna1lgnVPTscwTIbJ6JZn","baseKeyType":1,"closed":1696087300857,"used":1696087298999,"created":1696087298999,"remoteIdentityKey":"BWj1chpwJYMo92i9SaWvP9Ad8MWLkpFVpUk0QZbRSo0+"},"_chains":{"BeHbrgqt/4B8VypljcNp2T6glSNIETsBpvVsCxjCMBdl":{"chainKey":{"counter":-1,"key":"a8IpOmswD53AMPFENRuTjThJynKhxZ3qOkt4YUlJReY="},"chainType":1,"messageKeys":{}}},"pendingPreKey":{"signedKeyId":0,"baseKey":"BWWOuZ6b5Y69ThQaT6FNlzFAna1lgnVPTscwTIbJ6JZn","preKeyId":2664799}},"BXMBjrzUfW76A9U4f/rbR8vCqxGdyYV72X7k0FIDNYwJ":{"registrationId":195963424,"currentRatchet":{"ephemeralKeyPair":{"pubKey":"Be9S6a9TxaChz7DjPsP4WPt6ggC3vuLZRqkAiY2NN013","privKey":"CHbc+ZkxsH272mSoJLGQ6WnsV7yIWFfAwGNH59l3uXc="},"lastRemoteEphemeralKey":"BY7RGDfsuOEwgmWYAl3fOzSxlGFHAl6NCG1v9LaJgDVo","previousCounter":0,"rootKey":"QSi7axAKUcPx2rZ3IF7n7PWVnjIbbqj9PYswvNbM6Ng="},"indexInfo":{"baseKey":"BXMBjrzUfW76A9U4f/rbR8vCqxGdyYV72X7k0FIDNYwJ","baseKeyType":1,"closed":1696087300954,"used":1696087300855,"created":1696087300855,"remoteIdentityKey":"BWj1chpwJYMo92i9SaWvP9Ad8MWLkpFVpUk0QZbRSo0+"},"_chains":{"Be9S6a9TxaChz7DjPsP4WPt6ggC3vuLZRqkAiY2NN013":{"chainKey":{"counter":-1,"key":"/4YLEsTE2Sd2TMKsQIXLlcXWMsf2XeTpEWSN4HN/4+8="},"chainType":1,"messageKeys":{}}},"pendingPreKey":{"signedKeyId":0,"baseKey":"BXMBjrzUfW76A9U4f/rbR8vCqxGdyYV72X7k0FIDNYwJ","preKeyId":2664455}},"BToPr04+jGoj6jKU2Ya6g52x8d/p0RQhopdd5iTVt30K":{"registrationId":195963424,"currentRatchet":{"ephemeralKeyPair":{"pubKey":"BWX52bMPsZpfe+E7Zfi93y9Om06zq7KchcjfLXiglrse","privKey":"aG4qGf/UQiti3X69P/sypyBRvxGSLPSCD0njCpihl3o="},"lastRemoteEphemeralKey":"BY7RGDfsuOEwgmWYAl3fOzSxlGFHAl6NCG1v9LaJgDVo","previousCounter":0,"rootKey":"Yrmwbnhn767FpOvCLT9nG/fRcHowqM4HV8NuwGsqA0M="},"indexInfo":{"baseKey":"BToPr04+jGoj6jKU2Ya6g52x8d/p0RQhopdd5iTVt30K","baseKeyType":1,"closed":1696087303953,"used":1696087300951,"created":1696087300951,"remoteIdentityKey":"BWj1chpwJYMo92i9SaWvP9Ad8MWLkpFVpUk0QZbRSo0+"},"_chains":{"BWX52bMPsZpfe+E7Zfi93y9Om06zq7KchcjfLXiglrse":{"chainKey":{"counter":-1,"key":"2Ikn3FMMWmGUE5t5uCN1c23xD5EgXY4jWC5s9sl55+g="},"chainType":1,"messageKeys":{}}},"pendingPreKey":{"signedKeyId":0,"baseKey":"BToPr04+jGoj6jKU2Ya6g52x8d/p0RQhopdd5iTVt30K","preKeyId":2664718}},"BXbpKKkQVxjRJh2vxQUhIHG4VUdi6f2Ribl0gUdq03lh":{"registrationId":195963424,"currentRatchet":{"ephemeralKeyPair":{"pubKey":"BTtWcSdfx0wz+lryVu0B49ShBfrDKK8//AUsPrq4UURA","privKey":"YJm9iUIo39HB2geh7UgwK0T3Buhrbtcz2hnk7HuiJWw="},"lastRemoteEphemeralKey":"BY7RGDfsuOEwgmWYAl3fOzSxlGFHAl6NCG1v9LaJgDVo","previousCounter":0,"rootKey":"tL+9N42Ab3k8X9tec0Q/RuLK+C/0XV6hhJASZJ00OiI="},"indexInfo":{"baseKey":"BXbpKKkQVxjRJh2vxQUhIHG4VUdi6f2Ribl0gUdq03lh","baseKeyType":1,"closed":1696087312602,"used":1696087303951,"created":1696087303951,"remoteIdentityKey":"BWj1chpwJYMo92i9SaWvP9Ad8MWLkpFVpUk0QZbRSo0+"},"_chains":{"BTtWcSdfx0wz+lryVu0B49ShBfrDKK8//AUsPrq4UURA":{"chainKey":{"counter":-1,"key":"iAKmchaMsFZdwNF97a48NabPyJrafYukZzmTmN/W+WI="},"chainType":1,"messageKeys":{}}},"pendingPreKey":{"signedKeyId":0,"baseKey":"BXbpKKkQVxjRJh2vxQUhIHG4VUdi6f2Ribl0gUdq03lh","preKeyId":2664421}},"BaRJWzCvCuS99Cfu0OFtiAco8NQ6kVeCOLFijxFXDjF9":{"registrationId":195963424,"currentRatchet":{"ephemeralKeyPair":{"pubKey":"Bfy6vsLvLGLCLkdlDJ00+5RZZQ0Etr8gbD5QXYWP3OEw","privKey":"ACZPsGB/4mMLbc2gFrFfi3eLEXDt4aNL78vtfClE3ko="},"lastRemoteEphemeralKey":"BY7RGDfsuOEwgmWYAl3fOzSxlGFHAl6NCG1v9LaJgDVo","previousCounter":0,"rootKey":"crIPzi47JF/MVcjWKg0Icotk80uQpW9tbLazbhJLcz4="},"indexInfo":{"baseKey":"BaRJWzCvCuS99Cfu0OFtiAco8NQ6kVeCOLFijxFXDjF9","baseKeyType":1,"closed":1696087319132,"used":1696087312599,"created":1696087312599,"remoteIdentityKey":"BWj1chpwJYMo92i9SaWvP9Ad8MWLkpFVpUk0QZbRSo0+"},"_chains":{"Bfy6vsLvLGLCLkdlDJ00+5RZZQ0Etr8gbD5QXYWP3OEw":{"chainKey":{"counter":-1,"key":"3eGilKvGzWOxAWXVyt8av853j8CNWaUUa9rj2jmH3+o="},"chainType":1,"messageKeys":{}}},"pendingPreKey":{"signedKeyId":0,"baseKey":"BaRJWzCvCuS99Cfu0OFtiAco8NQ6kVeCOLFijxFXDjF9","preKeyId":2664706}},"BTwvGcbrJsuEGRGA2Oe7GqKzYCdAFSuCzL4f3lVw8nB2":{"registrationId":195963424,"currentRatchet":{"ephemeralKeyPair":{"pubKey":"BURJNyRIA6eMLrid9yXvOCJWu9cSsfq8oV6rxRNcywUx","privKey":"4P3JLRThckffnOe/EFNqDNNKeXMY89PYi7xtCZdF8ns="},"lastRemoteEphemeralKey":"BY7RGDfsuOEwgmWYAl3fOzSxlGFHAl6NCG1v9LaJgDVo","previousCounter":0,"rootKey":"bC9YpDKl5UqorXmOgtkz5X3hBOrDzmfPONLsFJNGOrA="},"indexInfo":{"baseKey":"BTwvGcbrJsuEGRGA2Oe7GqKzYCdAFSuCzL4f3lVw8nB2","baseKeyType":1,"closed":1696087325797,"used":1696087319131,"created":1696087319131,"remoteIdentityKey":"BWj1chpwJYMo92i9SaWvP9Ad8MWLkpFVpUk0QZbRSo0+"},"_chains":{"BURJNyRIA6eMLrid9yXvOCJWu9cSsfq8oV6rxRNcywUx":{"chainKey":{"counter":-1,"key":"W1seRyrLxm3iqAB7n7lHqrruof+aIr9iAOvY4hwc4iA="},"chainType":1,"messageKeys":{}}},"pendingPreKey":{"signedKeyId":0,"baseKey":"BTwvGcbrJsuEGRGA2Oe7GqKzYCdAFSuCzL4f3lVw8nB2","preKeyId":2664746}},"BUYmUAY6QpBNSyJzJuI3G23jz1lTSr8ZaMJ5aXVbHTdJ":{"registrationId":195963424,"currentRatchet":{"ephemeralKeyPair":{"pubKey":"BXcEFHrELab9YsHy8RDrzCcMBW4Fx9shZJ/96dABrVAy","privKey":"uJTD4pFxws2mIZJOUqJJU9cn4rLKoWESiUE1CL8REks="},"lastRemoteEphemeralKey":"BY7RGDfsuOEwgmWYAl3fOzSxlGFHAl6NCG1v9LaJgDVo","previousCounter":0,"rootKey":"EI/G3p7AjTGOzp3uLAQM2k+9NG9kx7lhfYHb8gtMqEI="},"indexInfo":{"baseKey":"BUYmUAY6QpBNSyJzJuI3G23jz1lTSr8ZaMJ5aXVbHTdJ","baseKeyType":1,"closed":1696087325916,"used":1696087325795,"created":1696087325795,"remoteIdentityKey":"BWj1chpwJYMo92i9SaWvP9Ad8MWLkpFVpUk0QZbRSo0+"},"_chains":{"BXcEFHrELab9YsHy8RDrzCcMBW4Fx9shZJ/96dABrVAy":{"chainKey":{"counter":-1,"key":"7Snrb86LaFnEk8C6QPfD8A+T4eCGHzooUEfIcoAq9Sk="},"chainType":1,"messageKeys":{}}},"pendingPreKey":{"signedKeyId":0,"baseKey":"BUYmUAY6QpBNSyJzJuI3G23jz1lTSr8ZaMJ5aXVbHTdJ","preKeyId":2664297}},"BbOd8mpv+RN7/kazkSTrfbNz+Gs0jkl9AwuVJ7/yMbYO":{"registrationId":195963424,"currentRatchet":{"ephemeralKeyPair":{"pubKey":"BT+6H2Zdu7PWGrn79KTb3o4mqmvrqmimGrGqOjL6KjZv","privKey":"iLnAtkEwmTxNctKELQxSsCm1VJ9BEMgGt9HeaeIOkXY="},"lastRemoteEphemeralKey":"BY7RGDfsuOEwgmWYAl3fOzSxlGFHAl6NCG1v9LaJgDVo","previousCounter":0,"rootKey":"6KkqrGzBHSGkzqnWw0cUAW/k9Lil6S4Emrm9NsMbTwk="},"indexInfo":{"baseKey":"BbOd8mpv+RN7/kazkSTrfbNz+Gs0jkl9AwuVJ7/yMbYO","baseKeyType":1,"closed":1696087326274,"used":1696087325914,"created":1696087325914,"remoteIdentityKey":"BWj1chpwJYMo92i9SaWvP9Ad8MWLkpFVpUk0QZbRSo0+"},"_chains":{"BT+6H2Zdu7PWGrn79KTb3o4mqmvrqmimGrGqOjL6KjZv":{"chainKey":{"counter":-1,"key":"saTMabKwJzydJPk8xUka1Khmm3k3NTYFq/OfohF8aIQ="},"chainType":1,"messageKeys":{}}},"pendingPreKey":{"signedKeyId":0,"baseKey":"BbOd8mpv+RN7/kazkSTrfbNz+Gs0jkl9AwuVJ7/yMbYO","preKeyId":2664479}},"Bf+nDjUP8vshKXCM2fFhl43fgbnmXvLcRqvJO0ijkb8b":{"registrationId":195963424,"currentRatchet":{"ephemeralKeyPair":{"pubKey":"BaNSfiRxEPXHajvcnpGs1XlFkyfwEqTADzyJiD0lsV1Y","privKey":"2HfkmfobPt4qibWt5pRhIWBFE/Lq59hcPUplONaJn0w="},"lastRemoteEphemeralKey":"BY7RGDfsuOEwgmWYAl3fOzSxlGFHAl6NCG1v9LaJgDVo","previousCounter":0,"rootKey":"PRfN+PKj46Bwz8pllPP/4DqJ7Dd34HnJyCRuWlhi9iE="},"indexInfo":{"baseKey":"Bf+nDjUP8vshKXCM2fFhl43fgbnmXvLcRqvJO0ijkb8b","baseKeyType":1,"closed":1696087326451,"used":1696087326271,"created":1696087326271,"remoteIdentityKey":"BWj1chpwJYMo92i9SaWvP9Ad8MWLkpFVpUk0QZbRSo0+"},"_chains":{"BaNSfiRxEPXHajvcnpGs1XlFkyfwEqTADzyJiD0lsV1Y":{"chainKey":{"counter":-1,"key":"N7ViYUrrKignrAl8wOc0yw613lAocoKZZmW9KWIFOqU="},"chainType":1,"messageKeys":{}}},"pendingPreKey":{"signedKeyId":0,"baseKey":"Bf+nDjUP8vshKXCM2fFhl43fgbnmXvLcRqvJO0ijkb8b","preKeyId":2664474}},"BYQAGIFfeblutJ0P10DGgOdZmTuqFJJiunqTsZiqB6Jj":{"registrationId":195963424,"currentRatchet":{"ephemeralKeyPair":{"pubKey":"BUJXGH8znqOfh71YBvpiew3dA7/xbZHKngtTbDmXbxIJ","privKey":"uMqrTtPSun323YNCawWPrHrseAqMk5cD+nRElXMfo2Q="},"lastRemoteEphemeralKey":"BY7RGDfsuOEwgmWYAl3fOzSxlGFHAl6NCG1v9LaJgDVo","previousCounter":0,"rootKey":"kI3lyWWplZ4avbhjnwPJFo4XRyiZC8BkoXR6RkzZc6o="},"indexInfo":{"baseKey":"BYQAGIFfeblutJ0P10DGgOdZmTuqFJJiunqTsZiqB6Jj","baseKeyType":1,"closed":1696087356023,"used":1696087326449,"created":1696087326449,"remoteIdentityKey":"BWj1chpwJYMo92i9SaWvP9Ad8MWLkpFVpUk0QZbRSo0+"},"_chains":{"BUJXGH8znqOfh71YBvpiew3dA7/xbZHKngtTbDmXbxIJ":{"chainKey":{"counter":-1,"key":"Up0Fp4o6BdNWD0J3mo2T6egPk8G48YNBKu9Sq+1SIac="},"chainType":1,"messageKeys":{}}},"pendingPreKey":{"signedKeyId":0,"baseKey":"BYQAGIFfeblutJ0P10DGgOdZmTuqFJJiunqTsZiqB6Jj","preKeyId":2664701}},"BW8xiyt9IeJqp7Zptapz37NtowRl7GeUks3Qm7ZUtmpm":{"registrationId":195963424,"currentRatchet":{"ephemeralKeyPair":{"pubKey":"BSBhFQ4EWuOryP4Wz/maJMuw1OmqaV7497ANT4IifTEj","privKey":"OBDJifHPy93mcL8HzJ+u7TO/Zfy6lPVCso6P3Q6amH0="},"lastRemoteEphemeralKey":"BY7RGDfsuOEwgmWYAl3fOzSxlGFHAl6NCG1v9LaJgDVo","previousCounter":0,"rootKey":"OpXk/HCNW5ikpdWQdJpkqjnQC95s2IMHBubGTocnApE="},"indexInfo":{"baseKey":"BW8xiyt9IeJqp7Zptapz37NtowRl7GeUks3Qm7ZUtmpm","baseKeyType":1,"closed":1696087365431,"used":1696087356020,"created":1696087356020,"remoteIdentityKey":"BWj1chpwJYMo92i9SaWvP9Ad8MWLkpFVpUk0QZbRSo0+"},"_chains":{"BSBhFQ4EWuOryP4Wz/maJMuw1OmqaV7497ANT4IifTEj":{"chainKey":{"counter":-1,"key":"NY85zUWH0rWz2GI2VHksNTdLfyvg36nlaps9MTgx3i0="},"chainType":1,"messageKeys":{}}},"pendingPreKey":{"signedKeyId":0,"baseKey":"BW8xiyt9IeJqp7Zptapz37NtowRl7GeUks3Qm7ZUtmpm","preKeyId":2664534}},"BaIR4fCAqOEv4Dt6XR8mM+gjCvtXzrKAXtw3hc7H/QwL":{"registrationId":195963424,"currentRatchet":{"ephemeralKeyPair":{"pubKey":"BRXwIACoVWI/23Ej4LOU7vaOehSIgbolhfLbMFzqUqhl","privKey":"mCZqKeqCQypruxtdInoiplRELvIcTJ1AcuRf8A9UIkI="},"lastRemoteEphemeralKey":"BSOk0R+Z4l9a8wAjieu27jez2O0rAYnItpntZoasO7gP","previousCounter":2,"rootKey":"7wW5NEmGXbjfP0aqn66dTg1DA1j4gBsbByU/iW4BmwQ="},"indexInfo":{"baseKey":"BaIR4fCAqOEv4Dt6XR8mM+gjCvtXzrKAXtw3hc7H/QwL","baseKeyType":1,"closed":-1,"used":1696695496466,"created":1696087365428,"remoteIdentityKey":"BWj1chpwJYMo92i9SaWvP9Ad8MWLkpFVpUk0QZbRSo0+"},"_chains":{"Ba3EvjD2PXcsF8DnsdvabfwgIoLQZaKRsCKexy8xTetS":{"chainKey":{"counter":0},"chainType":2,"messageKeys":{}},"BWCcxYMmLWMtGoxyXfiHoGT5WhU64z8YN8lSqOlmCvcO":{"chainKey":{"counter":1},"chainType":2,"messageKeys":{}},"Bf5DMBdhQ4FRWMDcyotnq76owTkv2yZU2KDTt63xgJQH":{"chainKey":{"counter":0},"chainType":2,"messageKeys":{}},"BRP26LD+1i6h1djTohjjCNnHJ6UjPN6wo1ho1Ri5kCgd":{"chainKey":{"counter":0},"chainType":2,"messageKeys":{}},"BSOk0R+Z4l9a8wAjieu27jez2O0rAYnItpntZoasO7gP":{"chainKey":{"counter":0,"key":"DPovY3zi5SZbbFTrTjZrKd585Z0NwPRYFW/3aIxgE4Q="},"chainType":2,"messageKeys":{}},"BRXwIACoVWI/23Ej4LOU7vaOehSIgbolhfLbMFzqUqhl":{"chainKey":{"counter":1,"key":"/MdxYe6FP2dVgEOjCywZs0YOrRKoA3ewL/JhxF57RmI="},"chainType":1,"messageKeys":{}}}}},"version":"v1"}