{"_sessions":{"BY3VFpK9ZUeTpCwFi1fv0KN/QWcl0Oyv8xLm/pRe2UMe":{"registrationId":10413,"currentRatchet":{"ephemeralKeyPair":{"pubKey":"BZwamNtphYQ4R2z2lYvgmF5OOAGg40hmeTF6PMiZH08T","privKey":"yFudy0zwMNuSo8goWl9oDgYChlAP7rW3DOsoZYQ/WFg="},"lastRemoteEphemeralKey":"BYVRje+KAp9jzeZHolmPPtVSAGy2HMDe+ID7dqInld4h","previousCounter":0,"rootKey":"R10rl9dduLn+tT5p8558D6bOoXK2UhTh4z9m1v/eo4Q="},"indexInfo":{"baseKey":"BY3VFpK9ZUeTpCwFi1fv0KN/QWcl0Oyv8xLm/pRe2UMe","baseKeyType":1,"closed":-1,"used":1695853014393,"created":1695853014393,"remoteIdentityKey":"BS0tsQXxtZYc0RwBDDMvErSbJQx39rjCLrCmj+zCOnIR"},"_chains":{"BZwamNtphYQ4R2z2lYvgmF5OOAGg40hmeTF6PMiZH08T":{"chainKey":{"counter":27,"key":"FrU7XRhofK7iva6vB4+eJyKIXIUzCmKJQ0LB6GyQd7U="},"chainType":1,"messageKeys":{}}},"pendingPreKey":{"signedKeyId":1,"baseKey":"BY3VFpK9ZUeTpCwFi1fv0KN/QWcl0Oyv8xLm/pRe2UMe"}}},"version":"v1"}