{"_sessions":{"BcVYYvqEwhlMjWcJFY9+UkMxSzE/8dJC9NvxLqCeU79B":{"registrationId":13945,"currentRatchet":{"ephemeralKeyPair":{"pubKey":"BWgCRn2r5ZroHbVUjPtZmegQi/DEiuVO3nQNSehR0fNy","privKey":"AFJaADitqi82WnH0FRoAzGGnxHwGstFG+5hsv+2qEUo="},"lastRemoteEphemeralKey":"BY53Wo+pqZrX0yEI425o640etw81yPal7oqJY8ExapF4","previousCounter":0,"rootKey":"+zSEi45mniiM1E+0vpnl0HherZOnnEOBY4p3DNRRWEg="},"indexInfo":{"baseKey":"BcVYYvqEwhlMjWcJFY9+UkMxSzE/8dJC9NvxLqCeU79B","baseKeyType":1,"closed":-1,"used":1696541573396,"created":1696541573396,"remoteIdentityKey":"BY7v146t4OFgF5fZAZZagb9Qgds4k78WPyTajN39ayF2"},"_chains":{"BWgCRn2r5ZroHbVUjPtZmegQi/DEiuVO3nQNSehR0fNy":{"chainKey":{"counter":7,"key":"6Z6ku0Xl6Zur+SSFZrAC0GUVb4Vxh/l+8TyZBojPnIY="},"chainType":1,"messageKeys":{}}},"pendingPreKey":{"signedKeyId":1,"baseKey":"BcVYYvqEwhlMjWcJFY9+UkMxSzE/8dJC9NvxLqCeU79B","preKeyId":25}}},"version":"v1"}