{"_sessions":{"BabMYsMA7uGdgTi3Vc9pa/pzjFbiPXmA4StObCbJ5yRo":{"registrationId":1811802475,"currentRatchet":{"ephemeralKeyPair":{"pubKey":"BZew63DVHVcnCYovfHEPIFx8ytvxa6M4X8Lda0jGYf8t","privKey":"GPGwXXWUVnr9BrubCkDMrhw9TYpTmJPxA0bjxW9rnmo="},"lastRemoteEphemeralKey":"BZxWkX1Fgkf37mShKNzNI+wA95/792CMDyDxQxNOioVk","previousCounter":2,"rootKey":"bBFgkqHs2p/+owsdL55hTsP2yfbsEBD1O5k3envGd6Q="},"indexInfo":{"baseKey":"BabMYsMA7uGdgTi3Vc9pa/pzjFbiPXmA4StObCbJ5yRo","baseKeyType":1,"closed":-1,"used":1696688698201,"created":1695853015029,"remoteIdentityKey":"BR0R6wqsSCMSlAf8vOojwqMvkwTpUZBrbdRZr5GBgbcq"},"_chains":{"BaGD8c4Can/lIem4NLJN3qjZuB66fGTml4VJRVOraswo":{"chainKey":{"counter":0},"chainType":2,"messageKeys":{}},"BW9OoHXbviDxqqaze58dy8Ibfq/G8o+g4K7/U3duHCt5":{"chainKey":{"counter":1},"chainType":2,"messageKeys":{}},"BRfjtU15dlIfgsmBMWiiMpVg8wfoK+Wzh4Gk2HOIBrgE":{"chainKey":{"counter":1},"chainType":2,"messageKeys":{}},"BRylR5Uw/6M0YrLdxC8Xg2lzp5c+3q3GnPD1ht2mA3FV":{"chainKey":{"counter":0},"chainType":2,"messageKeys":{}},"BaGwF5QKM2FvLoR5aRNceIZaq2nbHjBQWTwlh1+ATTZa":{"chainKey":{"counter":0},"chainType":2,"messageKeys":{}},"BdP2CGngtVYRSvU8ObAPSF6X6aZ7pFW398EJ5/s4MjIR":{"chainKey":{"counter":2},"chainType":2,"messageKeys":{}},"BV8LSYt+kFlqyWem3KfpRYjwUmDwfJiqcr1CeQNb72Rc":{"chainKey":{"counter":0},"chainType":2,"messageKeys":{}},"BUJNO0R4caXZQBM9eWlBeJNDp/5TllPithvULU+WB3lU":{"chainKey":{"counter":0},"chainType":2,"messageKeys":{}},"Bbw7hQUV3S9y5bVophiX+6mokRg6RTQxqCXy5Y3N5KU8":{"chainKey":{"counter":0},"chainType":2,"messageKeys":{}},"BWNpNL4/NAm6ZqVInomTfNRViP7cRG4z8StpGiuuWK96":{"chainKey":{"counter":0},"chainType":2,"messageKeys":{}},"BZxWkX1Fgkf37mShKNzNI+wA95/792CMDyDxQxNOioVk":{"chainKey":{"counter":0,"key":"k3brlDd8MxGzVSbY9fTzGNG+xKOjELHQ+2enRbmT4CU="},"chainType":2,"messageKeys":{}},"BZew63DVHVcnCYovfHEPIFx8ytvxa6M4X8Lda0jGYf8t":{"chainKey":{"counter":1,"key":"s/xhqmgX8eoiayKFI9pxJgSsr0D3YAU8CPlL309ACRE="},"chainType":1,"messageKeys":{}}}}},"version":"v1"}