{"_sessions":{"Bfuz1CWDwW4u1kDikp3NBAw5JSjSldhLMf2GpfhNSsgo":{"registrationId":189840059,"currentRatchet":{"ephemeralKeyPair":{"pubKey":"BU8SVqlXDfliecFcJPpyFv6ahSqGrU8PqzH0s6sq948y","privKey":"oIVpNZocgsSrDCRx1n0J1b+FbneeIWhKdXbD6dvAbGY="},"lastRemoteEphemeralKey":"BW3CLTivad+Hvd87BJf+qRytfPKTcNlQRO75myCkf5Rg","previousCounter":2,"rootKey":"4Xqh/+ZXFXDKWqFAzXst+ehthOZILOCafpVFFx/iu/M="},"indexInfo":{"baseKey":"Bfuz1CWDwW4u1kDikp3NBAw5JSjSldhLMf2GpfhNSsgo","baseKeyType":1,"closed":-1,"used":1696688720976,"created":1695853014850,"remoteIdentityKey":"BaJz0xeCkLcDNj+1FaXVmZSXDjzyeiimK5vlV6bzLRsD"},"_chains":{"BavVO+eaR2YOIkQKuYqEMenZrg/+i0D/QiYvcqi8fXZp":{"chainKey":{"counter":0},"chainType":2,"messageKeys":{}},"Bc5ZeCsii/5dqQl7pNbxfKOn4AIj7RrV8NE9LkDUnuoO":{"chainKey":{"counter":0},"chainType":2,"messageKeys":{}},"BTj5EPF3J6fk1BZ7fljlK1SMxJrLdfezw3YAbqXmpWRt":{"chainKey":{"counter":3},"chainType":2,"messageKeys":{}},"BSyZVGHLG8zyEve9RnJA2SEVvk4DWmFip4Rdd+vVzQpe":{"chainKey":{"counter":1},"chainType":2,"messageKeys":{}},"BbabSxUgiccCKK7gSlmxwZ5Dzhtpyy/Jnv7Gs+nYFw4j":{"chainKey":{"counter":0},"chainType":2,"messageKeys":{}},"BbPMxYK4dGoT1wKps5XSdCMH/rCC/7hpoRxTTeGt5/wd":{"chainKey":{"counter":0},"chainType":2,"messageKeys":{}},"BQmXbAMO8/f+LM/CDymCw926Vr5Ev5rXg1ipcdyyPKYA":{"chainKey":{"counter":0},"chainType":2,"messageKeys":{}},"BfvxKMzFU25u93V3WuhSHdTRYog/fjxqDDnK6yX3nHsZ":{"chainKey":{"counter":0},"chainType":2,"messageKeys":{}},"BW3CLTivad+Hvd87BJf+qRytfPKTcNlQRO75myCkf5Rg":{"chainKey":{"counter":0,"key":"0GfmAgFqdDFAMdlb8j/raBed3f8m7s0pwpqF9zVSE/o="},"chainType":2,"messageKeys":{}},"BU8SVqlXDfliecFcJPpyFv6ahSqGrU8PqzH0s6sq948y":{"chainKey":{"counter":1,"key":"xZeNzdedw2Wg37+E3+GYeyjVs2IeNo9INYVwpi1RRfo="},"chainType":1,"messageKeys":{}}}}},"version":"v1"}