{"_sessions":{"BRZgC+zueiakE5FR3D8g3Sod5AdmzpuGGBASVTZGthcX":{"registrationId":539698489,"currentRatchet":{"ephemeralKeyPair":{"pubKey":"BfA4z7/LnBE9hSBejCst9d6nRxGJDTGio+OUkL1sculN","privKey":"MLD09EpPsDRhQEnfVYrEwbqaABnj8g9j6f00PswfEGY="},"lastRemoteEphemeralKey":"BbsDJQio3lJjJ3mWKZneXDcqB3IBXJERVbvJNngVNyIZ","previousCounter":0,"rootKey":"VHV7AqE5+UVN88bgx7Liunm7EDbt8SQBJkIJtxVNt5g="},"indexInfo":{"baseKey":"BRZgC+zueiakE5FR3D8g3Sod5AdmzpuGGBASVTZGthcX","baseKeyType":1,"closed":-1,"used":1695853014804,"created":1695853014804,"remoteIdentityKey":"BRqbkpnSHjvyzKgjvG7H1R4g0fVkgL8I0gWKTBZ65fYo"},"_chains":{"BfA4z7/LnBE9hSBejCst9d6nRxGJDTGio+OUkL1sculN":{"chainKey":{"counter":28,"key":"wpOEi1kVqYcgZKJywe8LCDhEkuMIQd/WwiCkUXvHrDk="},"chainType":1,"messageKeys":{}}},"pendingPreKey":{"signedKeyId":1,"baseKey":"BRZgC+zueiakE5FR3D8g3Sod5AdmzpuGGBASVTZGthcX","preKeyId":14900997}}},"version":"v1"}