{"_sessions":{"BVyM3SHzcs412BdYhW2KZj80xGzk3Heu2IYVdmxFsWJw":{"registrationId":635269607,"currentRatchet":{"ephemeralKeyPair":{"pubKey":"BWf+zeYDZNwGIq31O1lLZUVV8w4eRyW6NWEBde+UUex5","privKey":"KHNoWRc1qTg1SVbtoUeAhwH7ZYZTAC0oq/5a1eexKFA="},"lastRemoteEphemeralKey":"BWVsjEe570SYvEhJGcqa3gEU/O50ONVh3F0qiRh+ZoJ3","previousCounter":0,"rootKey":"uHgq0vv99+hR+Ec/TOKO1TiBwirgO489J6rJ0yRuSTo="},"indexInfo":{"baseKey":"BVyM3SHzcs412BdYhW2KZj80xGzk3Heu2IYVdmxFsWJw","baseKeyType":1,"closed":1696010159061,"used":1695853014378,"created":1695853014378,"remoteIdentityKey":"BWgzi04webcxfHAzpyhBa6T2LGxqNl5spzjRqgCYaJgs"},"_chains":{"BWf+zeYDZNwGIq31O1lLZUVV8w4eRyW6NWEBde+UUex5":{"chainKey":{"counter":7,"key":"CGhtASc7GNo3VvKCP/83AWE2vaHQIcBsf1wjLybmSGk="},"chainType":1,"messageKeys":{}}},"pendingPreKey":{"signedKeyId":2,"baseKey":"BVyM3SHzcs412BdYhW2KZj80xGzk3Heu2IYVdmxFsWJw","preKeyId":6538685}},"BWkHQh3laLoYlVu7lf7UJ2GOa1uaVhvH3UUapA4a6KsH":{"registrationId":635269607,"currentRatchet":{"ephemeralKeyPair":{"pubKey":"BeF8rm7Klh8zwFARwxpw2zwtnOGnUuZ+02D7OpENvBIf","privKey":"UNfFv0btjRq1ro6MrNBKL9YAfoDzVz7rkszAa2TcUGQ="},"lastRemoteEphemeralKey":"BfaHmBSojdKzhTtFr0UokH7N2xw3/fC8BkVikGW/6sUV","previousCounter":0,"rootKey":"KQQvl66kqZpabQO8EYC2tNu4vizqPuDT9SYtPPss6v8="},"indexInfo":{"baseKey":"BWkHQh3laLoYlVu7lf7UJ2GOa1uaVhvH3UUapA4a6KsH","baseKeyType":1,"closed":1696010159196,"used":1696010159056,"created":1696010159056,"remoteIdentityKey":"BWgzi04webcxfHAzpyhBa6T2LGxqNl5spzjRqgCYaJgs"},"_chains":{"BeF8rm7Klh8zwFARwxpw2zwtnOGnUuZ+02D7OpENvBIf":{"chainKey":{"counter":-1,"key":"hANN/mjeFQcntC5uGDmfhZwpRHdoTI0WV++on6GiM2I="},"chainType":1,"messageKeys":{}}},"pendingPreKey":{"signedKeyId":28,"baseKey":"BWkHQh3laLoYlVu7lf7UJ2GOa1uaVhvH3UUapA4a6KsH","preKeyId":6535571}},"BT8rD2ltQXthbNMiBcmyvsvmOaHsfQwfKOmi/U0q025T":{"registrationId":635269607,"currentRatchet":{"ephemeralKeyPair":{"pubKey":"BR5E3ZM4r3OKUdYnq6P5sn6Znc/a6c4HKYBj6p3OJiRV","privKey":"oHc4NjjeVcIoY3vRKkt0YSz0TiNeieM6Uql2M8Gmkn8="},"lastRemoteEphemeralKey":"BfaHmBSojdKzhTtFr0UokH7N2xw3/fC8BkVikGW/6sUV","previousCounter":0,"rootKey":"jMEVo6oSaSj3DGfcNTLa3GxQViGi+OAg7dHLS1yXhKc="},"indexInfo":{"baseKey":"BT8rD2ltQXthbNMiBcmyvsvmOaHsfQwfKOmi/U0q025T","baseKeyType":1,"closed":1696010159325,"used":1696010159194,"created":1696010159194,"remoteIdentityKey":"BWgzi04webcxfHAzpyhBa6T2LGxqNl5spzjRqgCYaJgs"},"_chains":{"BR5E3ZM4r3OKUdYnq6P5sn6Znc/a6c4HKYBj6p3OJiRV":{"chainKey":{"counter":-1,"key":"mDFID+FZgi8F8QBzZELPtfrwu8wvKNjwM3V9cZpnqiQ="},"chainType":1,"messageKeys":{}}},"pendingPreKey":{"signedKeyId":28,"baseKey":"BT8rD2ltQXthbNMiBcmyvsvmOaHsfQwfKOmi/U0q025T","preKeyId":6538436}},"BUHw5N86sGAOtXCESqC9tj0q7JChrxwOMJJJIUlDCnp5":{"registrationId":635269607,"currentRatchet":{"ephemeralKeyPair":{"pubKey":"BU/a7WjkAj0K1AT5aI84PBhM18N5z0CL+owxT+twEfcn","privKey":"eIVoAjM81kzV1A2Khga+QrSE/o3qWcUmC6wSAQtZc3U="},"lastRemoteEphemeralKey":"BfaHmBSojdKzhTtFr0UokH7N2xw3/fC8BkVikGW/6sUV","previousCounter":0,"rootKey":"8lhIaOGL4fT33try3FsOiDSrjQiAi0KpOvq9EE37bD0="},"indexInfo":{"baseKey":"BUHw5N86sGAOtXCESqC9tj0q7JChrxwOMJJJIUlDCnp5","baseKeyType":1,"closed":1696010159460,"used":1696010159322,"created":1696010159322,"remoteIdentityKey":"BWgzi04webcxfHAzpyhBa6T2LGxqNl5spzjRqgCYaJgs"},"_chains":{"BU/a7WjkAj0K1AT5aI84PBhM18N5z0CL+owxT+twEfcn":{"chainKey":{"counter":-1,"key":"TT8/xfrf/I1ANf5nRTmv5rTql8e/GwSxqyF7YClbRZc="},"chainType":1,"messageKeys":{}}},"pendingPreKey":{"signedKeyId":28,"baseKey":"BUHw5N86sGAOtXCESqC9tj0q7JChrxwOMJJJIUlDCnp5","preKeyId":6538529}},"BRzqGpZ/Hyw/50aZBCyinAD2o8vfUlgEtInpouP4s6FD":{"registrationId":635269607,"currentRatchet":{"ephemeralKeyPair":{"pubKey":"BXfLoGLOwq0Bu/+iCLz5134k0pBo1NHWtK5SKyniyi01","privKey":"MHuogzFS7O2yzIkh0vih+rQTF64nutvVoX1dBif67FM="},"lastRemoteEphemeralKey":"BfaHmBSojdKzhTtFr0UokH7N2xw3/fC8BkVikGW/6sUV","previousCounter":0,"rootKey":"CRmtXOogn3FVA4MiLbo6LX7VLcb9To52w5qpNQxFhfs="},"indexInfo":{"baseKey":"BRzqGpZ/Hyw/50aZBCyinAD2o8vfUlgEtInpouP4s6FD","baseKeyType":1,"closed":1696010159609,"used":1696010159458,"created":1696010159458,"remoteIdentityKey":"BWgzi04webcxfHAzpyhBa6T2LGxqNl5spzjRqgCYaJgs"},"_chains":{"BXfLoGLOwq0Bu/+iCLz5134k0pBo1NHWtK5SKyniyi01":{"chainKey":{"counter":-1,"key":"uOnuUckSW5wCUsRMC+ldOz/Zz/HkNZ8MwX8Ktc0Vg2c="},"chainType":1,"messageKeys":{}}},"pendingPreKey":{"signedKeyId":28,"baseKey":"BRzqGpZ/Hyw/50aZBCyinAD2o8vfUlgEtInpouP4s6FD","preKeyId":6538379}},"BR0B6udVz4QaD2e4pjvKR91hSvyx/xvXaeTDKQ5wkZ5M":{"registrationId":635269607,"currentRatchet":{"ephemeralKeyPair":{"pubKey":"BbgdsAEXaOYbwxH+L2oj6QwoA7wZYU6wMRe9L/oFdjEt","privKey":"4FrxSCKYDAoUntYD1sHhuifFY9Zc8Wswli2gj9LxSW0="},"lastRemoteEphemeralKey":"BfaHmBSojdKzhTtFr0UokH7N2xw3/fC8BkVikGW/6sUV","previousCounter":0,"rootKey":"tRP6PpBQpWVmS+0Ekf4DgqRltEBdjZ5DxBehUJZjgqs="},"indexInfo":{"baseKey":"BR0B6udVz4QaD2e4pjvKR91hSvyx/xvXaeTDKQ5wkZ5M","baseKeyType":1,"closed":1696010159743,"used":1696010159606,"created":1696010159606,"remoteIdentityKey":"BWgzi04webcxfHAzpyhBa6T2LGxqNl5spzjRqgCYaJgs"},"_chains":{"BbgdsAEXaOYbwxH+L2oj6QwoA7wZYU6wMRe9L/oFdjEt":{"chainKey":{"counter":-1,"key":"79B3utFDnzvphUopOfTccjm6295LENVFKL9DfShKX6E="},"chainType":1,"messageKeys":{}}},"pendingPreKey":{"signedKeyId":28,"baseKey":"BR0B6udVz4QaD2e4pjvKR91hSvyx/xvXaeTDKQ5wkZ5M","preKeyId":6538521}},"BQsU2xkXypQi1P8R1Ipu5XXqa4MNmVm/66XICWd0Fe59":{"registrationId":635269607,"currentRatchet":{"ephemeralKeyPair":{"pubKey":"BbVpgwCs4TNN2i7ut2rVdV0jELWG+weK/B/O2dQvFBtN","privKey":"4LUxrENw6Lchi5dWrejUh6Pjeh7T7RxEgekMC3ZX8V8="},"lastRemoteEphemeralKey":"BfaHmBSojdKzhTtFr0UokH7N2xw3/fC8BkVikGW/6sUV","previousCounter":0,"rootKey":"qbJLRZb2JBP1M7/oXIlI9DqeiB7kV8AYramYDLaK+QQ="},"indexInfo":{"baseKey":"BQsU2xkXypQi1P8R1Ipu5XXqa4MNmVm/66XICWd0Fe59","baseKeyType":1,"closed":1696010159888,"used":1696010159741,"created":1696010159741,"remoteIdentityKey":"BWgzi04webcxfHAzpyhBa6T2LGxqNl5spzjRqgCYaJgs"},"_chains":{"BbVpgwCs4TNN2i7ut2rVdV0jELWG+weK/B/O2dQvFBtN":{"chainKey":{"counter":-1,"key":"Ev753rjWtF6ZYpBJ6i2nP2AZst5z8Nn5gLCXdVylPcw="},"chainType":1,"messageKeys":{}}},"pendingPreKey":{"signedKeyId":28,"baseKey":"BQsU2xkXypQi1P8R1Ipu5XXqa4MNmVm/66XICWd0Fe59","preKeyId":6538667}},"BVzVsYs5XQu57zZUY3CNcbG8Utco3D9K5tsBbVeM6DFW":{"registrationId":635269607,"currentRatchet":{"ephemeralKeyPair":{"pubKey":"BaFGTS/eWMXVBIy73kYtdHG9+7EDenCvlVRGZE2fkGZa","privKey":"oD5DqtHcULtrLsQWSq6S/O58btjVdJ1JZGwrBTIPMFM="},"lastRemoteEphemeralKey":"BfaHmBSojdKzhTtFr0UokH7N2xw3/fC8BkVikGW/6sUV","previousCounter":0,"rootKey":"G/BzbQSr3kQSf2vRq2+uIBkVqP0Yman8U2VTX4N5V9c="},"indexInfo":{"baseKey":"BVzVsYs5XQu57zZUY3CNcbG8Utco3D9K5tsBbVeM6DFW","baseKeyType":1,"closed":1696010160020,"used":1696010159886,"created":1696010159886,"remoteIdentityKey":"BWgzi04webcxfHAzpyhBa6T2LGxqNl5spzjRqgCYaJgs"},"_chains":{"BaFGTS/eWMXVBIy73kYtdHG9+7EDenCvlVRGZE2fkGZa":{"chainKey":{"counter":-1,"key":"yYOx4njJotTJgAhLNlDz01PBRMGtrj8r3v9rU1yX6JY="},"chainType":1,"messageKeys":{}}},"pendingPreKey":{"signedKeyId":28,"baseKey":"BVzVsYs5XQu57zZUY3CNcbG8Utco3D9K5tsBbVeM6DFW","preKeyId":6538854}},"BSSGBweY/KK6OW8oNyIAy41KQN4u8eP9re8wQxeZ84pN":{"registrationId":635269607,"currentRatchet":{"ephemeralKeyPair":{"pubKey":"Beg+kky8qvwhStmxXQuHAj7WxWNs7UU3+MuUA9jgppNh","privKey":"6AIXnZbh2o9IpZDmLZpgKelRPh24vVFXmMYLfiwROEQ="},"lastRemoteEphemeralKey":"BfaHmBSojdKzhTtFr0UokH7N2xw3/fC8BkVikGW/6sUV","previousCounter":0,"rootKey":"o4MS5zDx7MP+54PDegj4QbCD+VB3i/lZuNVx7Kzj9KU="},"indexInfo":{"baseKey":"BSSGBweY/KK6OW8oNyIAy41KQN4u8eP9re8wQxeZ84pN","baseKeyType":1,"closed":1696010160147,"used":1696010160017,"created":1696010160017,"remoteIdentityKey":"BWgzi04webcxfHAzpyhBa6T2LGxqNl5spzjRqgCYaJgs"},"_chains":{"Beg+kky8qvwhStmxXQuHAj7WxWNs7UU3+MuUA9jgppNh":{"chainKey":{"counter":-1,"key":"nz+SvUzrQJ2o1iewwPCmmYh8kS5YoSrQdMGz6eecOUo="},"chainType":1,"messageKeys":{}}},"pendingPreKey":{"signedKeyId":28,"baseKey":"BSSGBweY/KK6OW8oNyIAy41KQN4u8eP9re8wQxeZ84pN","preKeyId":6538475}},"BTH4qaXFpvcnvfyHVHRXRS9R0cnQK8zmBoO+/JQqFhQ9":{"registrationId":635269607,"currentRatchet":{"ephemeralKeyPair":{"pubKey":"BSTiXRSsaoWVz0hHWXhOdZQ8UwxIFGfuAaz4oAf2nB49","privKey":"YKwk7HGbWazPm4kTe/bbT2IJM9HFFAepIbt71iN222k="},"lastRemoteEphemeralKey":"BfaHmBSojdKzhTtFr0UokH7N2xw3/fC8BkVikGW/6sUV","previousCounter":0,"rootKey":"iqPTvhUwz+WL6UA6osulz+rDFWnZad32IIPvF56Hj3g="},"indexInfo":{"baseKey":"BTH4qaXFpvcnvfyHVHRXRS9R0cnQK8zmBoO+/JQqFhQ9","baseKeyType":1,"closed":1696010160639,"used":1696010160144,"created":1696010160144,"remoteIdentityKey":"BWgzi04webcxfHAzpyhBa6T2LGxqNl5spzjRqgCYaJgs"},"_chains":{"BSTiXRSsaoWVz0hHWXhOdZQ8UwxIFGfuAaz4oAf2nB49":{"chainKey":{"counter":-1,"key":"R9KlAGlr5Iig/PxdbX1u58Ptimqf84jmL9cZM9NSO7Y="},"chainType":1,"messageKeys":{}}},"pendingPreKey":{"signedKeyId":28,"baseKey":"BTH4qaXFpvcnvfyHVHRXRS9R0cnQK8zmBoO+/JQqFhQ9","preKeyId":6538696}},"BV4vnNKdPzZ3FjozvcfFT1ICwudYtdEHbVmAcV1F/90r":{"registrationId":635269607,"currentRatchet":{"ephemeralKeyPair":{"pubKey":"BZphgmqgJCLKUTAQgyJ4jIjBQoPVY4ApeCXabxgNcCJc","privKey":"cNoUVr1URw59pldTm+TuUtQDRhoBcIherMN2DeUY1Fs="},"lastRemoteEphemeralKey":"BfaHmBSojdKzhTtFr0UokH7N2xw3/fC8BkVikGW/6sUV","previousCounter":0,"rootKey":"LiBU9PjJE1WO/rauH7VRqqCawK5+X9Qbfs2PsgM3uug="},"indexInfo":{"baseKey":"BV4vnNKdPzZ3FjozvcfFT1ICwudYtdEHbVmAcV1F/90r","baseKeyType":1,"closed":1696010160799,"used":1696010160637,"created":1696010160637,"remoteIdentityKey":"BWgzi04webcxfHAzpyhBa6T2LGxqNl5spzjRqgCYaJgs"},"_chains":{"BZphgmqgJCLKUTAQgyJ4jIjBQoPVY4ApeCXabxgNcCJc":{"chainKey":{"counter":-1,"key":"Vw6D45IwH4iIGxT9/OsFpQfvTfIOuItZlTy4iiUByf0="},"chainType":1,"messageKeys":{}}},"pendingPreKey":{"signedKeyId":28,"baseKey":"BV4vnNKdPzZ3FjozvcfFT1ICwudYtdEHbVmAcV1F/90r","preKeyId":6538458}},"BVXInfbcTWVzhQtHhIhvjVzuX8KRdLVT4oiK6uGPaHR2":{"registrationId":635269607,"currentRatchet":{"ephemeralKeyPair":{"pubKey":"Bep7vfW0+bbQNj6jkZA/vj8w3Fn2cdwkblQyIo1r5C5G","privKey":"mHs7XgYT+FALXmLP2zhkHCV0uNYbk4QrXaUlkelfbWQ="},"lastRemoteEphemeralKey":"BfaHmBSojdKzhTtFr0UokH7N2xw3/fC8BkVikGW/6sUV","previousCounter":0,"rootKey":"0/Ne2mULVxXMcyxoE4bWvWLQce6rvyaXSnN9sVc6V1s="},"indexInfo":{"baseKey":"BVXInfbcTWVzhQtHhIhvjVzuX8KRdLVT4oiK6uGPaHR2","baseKeyType":1,"closed":1696010160930,"used":1696010160796,"created":1696010160796,"remoteIdentityKey":"BWgzi04webcxfHAzpyhBa6T2LGxqNl5spzjRqgCYaJgs"},"_chains":{"Bep7vfW0+bbQNj6jkZA/vj8w3Fn2cdwkblQyIo1r5C5G":{"chainKey":{"counter":-1,"key":"Nrb4zkCkoEQGxN3JRz51YsQQT3/xdTR2wJGmG6cbgl8="},"chainType":1,"messageKeys":{}}},"pendingPreKey":{"signedKeyId":28,"baseKey":"BVXInfbcTWVzhQtHhIhvjVzuX8KRdLVT4oiK6uGPaHR2","preKeyId":6538754}},"BZ4i2e5GVbr/YvXnWdp5o1L7qr1WbysmIzdD6g3tWF0e":{"registrationId":635269607,"currentRatchet":{"ephemeralKeyPair":{"pubKey":"BWjO7JkFlumpGkma4HhvIONMmZTnnmKOOO+rS1MH10VW","privKey":"mAYKy+IgReD5OMKzO5G+W834kthV8sPS569KjRlCtmM="},"lastRemoteEphemeralKey":"BfaHmBSojdKzhTtFr0UokH7N2xw3/fC8BkVikGW/6sUV","previousCounter":0,"rootKey":"pRice0WzAH8kqbr3ig/XQYZ2jK931j5NR4fe4+McFgQ="},"indexInfo":{"baseKey":"BZ4i2e5GVbr/YvXnWdp5o1L7qr1WbysmIzdD6g3tWF0e","baseKeyType":1,"closed":1696010161070,"used":1696010160928,"created":1696010160928,"remoteIdentityKey":"BWgzi04webcxfHAzpyhBa6T2LGxqNl5spzjRqgCYaJgs"},"_chains":{"BWjO7JkFlumpGkma4HhvIONMmZTnnmKOOO+rS1MH10VW":{"chainKey":{"counter":-1,"key":"o5xqWIpUYhdVgLRRAM2HDmxuQ4RU/rkUDNCTXLzBzfw="},"chainType":1,"messageKeys":{}}},"pendingPreKey":{"signedKeyId":28,"baseKey":"BZ4i2e5GVbr/YvXnWdp5o1L7qr1WbysmIzdD6g3tWF0e","preKeyId":6538530}},"BZ4AG7qnYXoKho6nVwZ9v+NpKAc1fRJ9RZLVksnSA9Mg":{"registrationId":635269607,"currentRatchet":{"ephemeralKeyPair":{"pubKey":"Bcyk6OJGOHPRiM3K3si7Pp+uUCAPLPX0HKQUkS15KIhU","privKey":"KDIpGgvoHY1BEBoTxonhcWYHXWuoQFUlLTwTCx3KHks="},"lastRemoteEphemeralKey":"BfaHmBSojdKzhTtFr0UokH7N2xw3/fC8BkVikGW/6sUV","previousCounter":0,"rootKey":"psImXR9W7ueyv+uwKw0CIVUS53zvPhkW6O4H22u/GJE="},"indexInfo":{"baseKey":"BZ4AG7qnYXoKho6nVwZ9v+NpKAc1fRJ9RZLVksnSA9Mg","baseKeyType":1,"closed":1696010161208,"used":1696010161067,"created":1696010161067,"remoteIdentityKey":"BWgzi04webcxfHAzpyhBa6T2LGxqNl5spzjRqgCYaJgs"},"_chains":{"Bcyk6OJGOHPRiM3K3si7Pp+uUCAPLPX0HKQUkS15KIhU":{"chainKey":{"counter":-1,"key":"/862H+gged3WNBuyN7hhTrRl0jAFGdCRcsngneQRXJI="},"chainType":1,"messageKeys":{}}},"pendingPreKey":{"signedKeyId":28,"baseKey":"BZ4AG7qnYXoKho6nVwZ9v+NpKAc1fRJ9RZLVksnSA9Mg","preKeyId":6538645}},"BQUhRExHf+x9FqwXVLk9jZVZKeX3vyui5J39QZUXunFz":{"registrationId":635269607,"currentRatchet":{"ephemeralKeyPair":{"pubKey":"BSThX2BGnHHH0kIG08y13aWgwdwbxmX9Or7gLgfLer8Z","privKey":"yBK0goiVmiyl1OVhCRpLzFSKb60WMKsoxMqBwUb3TVw="},"lastRemoteEphemeralKey":"BfaHmBSojdKzhTtFr0UokH7N2xw3/fC8BkVikGW/6sUV","previousCounter":0,"rootKey":"C8k65AxH+QrYUNq9uOytlbLT7k9hkbVn5BgdIosWdK0="},"indexInfo":{"baseKey":"BQUhRExHf+x9FqwXVLk9jZVZKeX3vyui5J39QZUXunFz","baseKeyType":1,"closed":1696010161391,"used":1696010161206,"created":1696010161206,"remoteIdentityKey":"BWgzi04webcxfHAzpyhBa6T2LGxqNl5spzjRqgCYaJgs"},"_chains":{"BSThX2BGnHHH0kIG08y13aWgwdwbxmX9Or7gLgfLer8Z":{"chainKey":{"counter":-1,"key":"sNnjoMcIoJiq2bGMvRm4qLAxvMP/AtOJrHh+8Vq51Ws="},"chainType":1,"messageKeys":{}}},"pendingPreKey":{"signedKeyId":28,"baseKey":"BQUhRExHf+x9FqwXVLk9jZVZKeX3vyui5J39QZUXunFz","preKeyId":6538775}},"BePChf6Z+sB/BrKt760Lv045ucTbZua1pmfD0ZXwGnMM":{"registrationId":635269607,"currentRatchet":{"ephemeralKeyPair":{"pubKey":"BR8vOyXAhlSApmlc1bk1GoLX8PTHwEmzsWdXHAaaLccN","privKey":"MBcrg0H8H6Vrk4PW3XaBrJzGF3xHB/wJArWSLhQbX2g="},"lastRemoteEphemeralKey":"BfaHmBSojdKzhTtFr0UokH7N2xw3/fC8BkVikGW/6sUV","previousCounter":0,"rootKey":"iBjtbgIrfFZlYMDk+NOEZS5jf+kmTWfEo0KynBrQ0dw="},"indexInfo":{"baseKey":"BePChf6Z+sB/BrKt760Lv045ucTbZua1pmfD0ZXwGnMM","baseKeyType":1,"closed":1696010161533,"used":1696010161389,"created":1696010161389,"remoteIdentityKey":"BWgzi04webcxfHAzpyhBa6T2LGxqNl5spzjRqgCYaJgs"},"_chains":{"BR8vOyXAhlSApmlc1bk1GoLX8PTHwEmzsWdXHAaaLccN":{"chainKey":{"counter":-1,"key":"FvnmRo0FmtKLzlr09PIkX12Jpsro/QQzWtW+VSqDPcU="},"chainType":1,"messageKeys":{}}},"pendingPreKey":{"signedKeyId":28,"baseKey":"BePChf6Z+sB/BrKt760Lv045ucTbZua1pmfD0ZXwGnMM","preKeyId":6538668}},"BYiAvALORLvrkrKkLDOIbN3U9sFJ/hShdDJHiKLjGHNL":{"registrationId":635269607,"currentRatchet":{"ephemeralKeyPair":{"pubKey":"BWhDshdjZBWoQJnhbW8gYZH3G5HfCYx1Nd09gqlWecoO","privKey":"yK0rX6SMa8Dvre8JIQLSQlF943vVS4prU2Z2IuNpE3g="},"lastRemoteEphemeralKey":"BfaHmBSojdKzhTtFr0UokH7N2xw3/fC8BkVikGW/6sUV","previousCounter":0,"rootKey":"1h2lzoCTywMsU65nRAylf4Jv2kF5fQ3t/CVZB66HvWE="},"indexInfo":{"baseKey":"BYiAvALORLvrkrKkLDOIbN3U9sFJ/hShdDJHiKLjGHNL","baseKeyType":1,"closed":1696010161681,"used":1696010161530,"created":1696010161530,"remoteIdentityKey":"BWgzi04webcxfHAzpyhBa6T2LGxqNl5spzjRqgCYaJgs"},"_chains":{"BWhDshdjZBWoQJnhbW8gYZH3G5HfCYx1Nd09gqlWecoO":{"chainKey":{"counter":-1,"key":"djFas0ZvddNMPj0h1MWSpbWF+pscdlFhOvWp9PtFXXk="},"chainType":1,"messageKeys":{}}},"pendingPreKey":{"signedKeyId":28,"baseKey":"BYiAvALORLvrkrKkLDOIbN3U9sFJ/hShdDJHiKLjGHNL","preKeyId":6538689}},"BYhuO5RVP2QimtVZfJ44j2ijiu9Lwnl1DDIZIUiXeuR7":{"registrationId":635269607,"currentRatchet":{"ephemeralKeyPair":{"pubKey":"Beb6B2Swi4jQd8ZW6uY6YGpOf7WLOHt1GWl5Q5YXA2F6","privKey":"KKH9/8JJPLs/DvhJVbtTG9CYgbOrXFPrM1j7d1y/wnw="},"lastRemoteEphemeralKey":"BfaHmBSojdKzhTtFr0UokH7N2xw3/fC8BkVikGW/6sUV","previousCounter":0,"rootKey":"9Rk8jlAVD1xUPnVDd4bDU59EXdORjnp1J7L8rILj8Vo="},"indexInfo":{"baseKey":"BYhuO5RVP2QimtVZfJ44j2ijiu9Lwnl1DDIZIUiXeuR7","baseKeyType":1,"closed":1696010161872,"used":1696010161679,"created":1696010161679,"remoteIdentityKey":"BWgzi04webcxfHAzpyhBa6T2LGxqNl5spzjRqgCYaJgs"},"_chains":{"Beb6B2Swi4jQd8ZW6uY6YGpOf7WLOHt1GWl5Q5YXA2F6":{"chainKey":{"counter":-1,"key":"Yj6lkcS/J7wju2Xw3UkL5Rz/mVRIi/lXxz9hmkvaGjU="},"chainType":1,"messageKeys":{}}},"pendingPreKey":{"signedKeyId":28,"baseKey":"BYhuO5RVP2QimtVZfJ44j2ijiu9Lwnl1DDIZIUiXeuR7","preKeyId":6535568}},"BXJFu6fWEBgQarRNl6e0LDxhz15VE6CgQBuxYPJCLEYb":{"registrationId":635269607,"currentRatchet":{"ephemeralKeyPair":{"pubKey":"BTig0tZYXQjBjRGFv7KFVdQUsWqhqmAwcgxhKe9P1Ms7","privKey":"yLGtSGxV7GWS3iJB7RZfqwP664pzXJma4H7Q2+NdglI="},"lastRemoteEphemeralKey":"BfaHmBSojdKzhTtFr0UokH7N2xw3/fC8BkVikGW/6sUV","previousCounter":0,"rootKey":"uBJDHg5bDJN/7O+lCJqnrPyuECoj06gztwoVgAwFXow="},"indexInfo":{"baseKey":"BXJFu6fWEBgQarRNl6e0LDxhz15VE6CgQBuxYPJCLEYb","baseKeyType":1,"closed":1696010162005,"used":1696010161870,"created":1696010161870,"remoteIdentityKey":"BWgzi04webcxfHAzpyhBa6T2LGxqNl5spzjRqgCYaJgs"},"_chains":{"BTig0tZYXQjBjRGFv7KFVdQUsWqhqmAwcgxhKe9P1Ms7":{"chainKey":{"counter":-1,"key":"Qnk3ert2uGxEtRMEam4Iaj9oO1F3zaq1FU8cu7tsfKE="},"chainType":1,"messageKeys":{}}},"pendingPreKey":{"signedKeyId":28,"baseKey":"BXJFu6fWEBgQarRNl6e0LDxhz15VE6CgQBuxYPJCLEYb","preKeyId":6538457}},"BXb80BGfNvSZrMnj06WKJO2dm8kJOcvV09YS3A/Upvlb":{"registrationId":635269607,"currentRatchet":{"ephemeralKeyPair":{"pubKey":"BbYnaySArfrp9NxOoGp8EAC9APPWY0DuLB8k+1p5iCJy","privKey":"AL4VP4dhfSIZYFxwITaWTDa1MdzYRM6UIdU6gofHC3k="},"lastRemoteEphemeralKey":"BfaHmBSojdKzhTtFr0UokH7N2xw3/fC8BkVikGW/6sUV","previousCounter":0,"rootKey":"lkMjPtdimotLHu1LBn8Q4c87hl8odTjVV4GCB5gai0I="},"indexInfo":{"baseKey":"BXb80BGfNvSZrMnj06WKJO2dm8kJOcvV09YS3A/Upvlb","baseKeyType":1,"closed":1696010162135,"used":1696010162003,"created":1696010162003,"remoteIdentityKey":"BWgzi04webcxfHAzpyhBa6T2LGxqNl5spzjRqgCYaJgs"},"_chains":{"BbYnaySArfrp9NxOoGp8EAC9APPWY0DuLB8k+1p5iCJy":{"chainKey":{"counter":-1,"key":"JekkrmNEdvVOMhF7Q8FiPvhrcjTCbohVxIvClVkoXMo="},"chainType":1,"messageKeys":{}}},"pendingPreKey":{"signedKeyId":28,"baseKey":"BXb80BGfNvSZrMnj06WKJO2dm8kJOcvV09YS3A/Upvlb","preKeyId":6538673}},"BSmSWZgX6gMhwEcVkC2xh2uvlEGwJ72jPoilvYCeLkRA":{"registrationId":635269607,"currentRatchet":{"ephemeralKeyPair":{"pubKey":"Bao5FSYFN7DoPQls1DNKlhm7BQM0VgXIr5neuWbfcIMC","privKey":"0NncZAVRmuwxA6X+6s3CPwKAv8rVro0Pocn80RWXIGg="},"lastRemoteEphemeralKey":"BfaHmBSojdKzhTtFr0UokH7N2xw3/fC8BkVikGW/6sUV","previousCounter":0,"rootKey":"zSYbgTs3VH+SN2XWR/KQOQGsmsGcy7K6Cz6YVMlrDHk="},"indexInfo":{"baseKey":"BSmSWZgX6gMhwEcVkC2xh2uvlEGwJ72jPoilvYCeLkRA","baseKeyType":1,"closed":1696010162267,"used":1696010162132,"created":1696010162132,"remoteIdentityKey":"BWgzi04webcxfHAzpyhBa6T2LGxqNl5spzjRqgCYaJgs"},"_chains":{"Bao5FSYFN7DoPQls1DNKlhm7BQM0VgXIr5neuWbfcIMC":{"chainKey":{"counter":-1,"key":"onLp+mX0LpqZTrvKSMxkzHg7Bp5zMdbew8ftmtT8tLk="},"chainType":1,"messageKeys":{}}},"pendingPreKey":{"signedKeyId":28,"baseKey":"BSmSWZgX6gMhwEcVkC2xh2uvlEGwJ72jPoilvYCeLkRA","preKeyId":6538520}},"BdHIt1hSxkjJZ1IhjpdPhRf38iCKqCutsyZWYNAQissk":{"registrationId":635269607,"currentRatchet":{"ephemeralKeyPair":{"pubKey":"BY39u08lsKKZogUtjvoNgTPeJVFdtyoiPRH55MeeL/17","privKey":"aNU5iqgQWdlhva/8gyF49phiWORYmZOKvtur5BfEj1o="},"lastRemoteEphemeralKey":"BfaHmBSojdKzhTtFr0UokH7N2xw3/fC8BkVikGW/6sUV","previousCounter":0,"rootKey":"9y/QoalUGRsTDSR9qDYoxJkDTNP50maXHOmvUiVa3ss="},"indexInfo":{"baseKey":"BdHIt1hSxkjJZ1IhjpdPhRf38iCKqCutsyZWYNAQissk","baseKeyType":1,"closed":1696010162463,"used":1696010162265,"created":1696010162265,"remoteIdentityKey":"BWgzi04webcxfHAzpyhBa6T2LGxqNl5spzjRqgCYaJgs"},"_chains":{"BY39u08lsKKZogUtjvoNgTPeJVFdtyoiPRH55MeeL/17":{"chainKey":{"counter":-1,"key":"F9Bhi4yBDKCPZRq4vctfB9a0Hko7ort1G3FiOk1Tsio="},"chainType":1,"messageKeys":{}}},"pendingPreKey":{"signedKeyId":28,"baseKey":"BdHIt1hSxkjJZ1IhjpdPhRf38iCKqCutsyZWYNAQissk","preKeyId":6538629}},"Bekkc//VnHxiJjoOEnivT5PWz5VTHWrVu/Ucc+pty21n":{"registrationId":635269607,"currentRatchet":{"ephemeralKeyPair":{"pubKey":"Bf1LoOoN0sLOuySJYd4XWxiIfXXDOx5YXyVe1JKmnFhe","privKey":"mNObp7m64wv79Qz+cRkgoVjspvUbwL+7YATtkvjNpUw="},"lastRemoteEphemeralKey":"BfaHmBSojdKzhTtFr0UokH7N2xw3/fC8BkVikGW/6sUV","previousCounter":0,"rootKey":"9KtyBmvtROHxs9Z0jTjWyAxyyOPL30NeKmcLTMNn6rI="},"indexInfo":{"baseKey":"Bekkc//VnHxiJjoOEnivT5PWz5VTHWrVu/Ucc+pty21n","baseKeyType":1,"closed":1696010167132,"used":1696010162461,"created":1696010162461,"remoteIdentityKey":"BWgzi04webcxfHAzpyhBa6T2LGxqNl5spzjRqgCYaJgs"},"_chains":{"Bf1LoOoN0sLOuySJYd4XWxiIfXXDOx5YXyVe1JKmnFhe":{"chainKey":{"counter":-1,"key":"Up3aPfymcz7byCsa9mczRbKuQCGgd4ASC9eQPbaNU/E="},"chainType":1,"messageKeys":{}}},"pendingPreKey":{"signedKeyId":28,"baseKey":"Bekkc//VnHxiJjoOEnivT5PWz5VTHWrVu/Ucc+pty21n","preKeyId":6538524}},"BTAmE5LPTHGlPO2/L2SjWYKxojyy24IzK/6L85zalU0r":{"registrationId":635269607,"currentRatchet":{"ephemeralKeyPair":{"pubKey":"BYbo90IFKhMfj/A8mtqU+9dOGAv+n7bRtHY8yZ07PP4X","privKey":"aL7zU3TfJlW3jf/lq+WHvTCkorpjcMPPnekYQhrQYE8="},"lastRemoteEphemeralKey":"BfaHmBSojdKzhTtFr0UokH7N2xw3/fC8BkVikGW/6sUV","previousCounter":0,"rootKey":"yGM+h3XF6YEDfMpIKaiHcshbmom/XgAyMhskt9MnFSQ="},"indexInfo":{"baseKey":"BTAmE5LPTHGlPO2/L2SjWYKxojyy24IzK/6L85zalU0r","baseKeyType":1,"closed":1696010167808,"used":1696010167130,"created":1696010167130,"remoteIdentityKey":"BWgzi04webcxfHAzpyhBa6T2LGxqNl5spzjRqgCYaJgs"},"_chains":{"BYbo90IFKhMfj/A8mtqU+9dOGAv+n7bRtHY8yZ07PP4X":{"chainKey":{"counter":-1,"key":"E1DrpIKXpNgbm/up3qw4H7AEiATU/OfsQDMXWu4c+mk="},"chainType":1,"messageKeys":{}}},"pendingPreKey":{"signedKeyId":28,"baseKey":"BTAmE5LPTHGlPO2/L2SjWYKxojyy24IzK/6L85zalU0r","preKeyId":6538715}},"BbPygrcyGJYxUxLTz5E4CORW/LkaEBgEVguLTSEiQFEG":{"registrationId":635269607,"currentRatchet":{"ephemeralKeyPair":{"pubKey":"BZz32tsetgg4Oh08MjCg4V772IRV8ZWoDWbv1UPwDuYZ","privKey":"8IC1q/C8jW+zYeRLMleHemKyT8pmi9fPdXproe3nLGA="},"lastRemoteEphemeralKey":"BfaHmBSojdKzhTtFr0UokH7N2xw3/fC8BkVikGW/6sUV","previousCounter":0,"rootKey":"6/wVrfXbC7DnP5StrKK3w4Nsl6fXpybkJ5MLdNJeAhY="},"indexInfo":{"baseKey":"BbPygrcyGJYxUxLTz5E4CORW/LkaEBgEVguLTSEiQFEG","baseKeyType":1,"closed":1696010168862,"used":1696010167805,"created":1696010167805,"remoteIdentityKey":"BWgzi04webcxfHAzpyhBa6T2LGxqNl5spzjRqgCYaJgs"},"_chains":{"BZz32tsetgg4Oh08MjCg4V772IRV8ZWoDWbv1UPwDuYZ":{"chainKey":{"counter":-1,"key":"0t8NemebWF/lTSGwxI+xuzEaNYjGTWKvJWibt5ql0Sk="},"chainType":1,"messageKeys":{}}},"pendingPreKey":{"signedKeyId":28,"baseKey":"BbPygrcyGJYxUxLTz5E4CORW/LkaEBgEVguLTSEiQFEG","preKeyId":6538335}},"BSOoDl4Uqb2AaDMrChdCcYA8z9lTZmlAMreqZ44Uy88k":{"registrationId":635269607,"currentRatchet":{"ephemeralKeyPair":{"pubKey":"BV+AzEiPjh/DTjgmU0s2S+COnOupL8/b4eL4+TZVdikw","privKey":"oBCr49BdFXiz2+roArldOBhgn8/dC7tPLhN7oOpODmE="},"lastRemoteEphemeralKey":"BfaHmBSojdKzhTtFr0UokH7N2xw3/fC8BkVikGW/6sUV","previousCounter":0,"rootKey":"BWFP+JyYqtgTc2R06qLm9Z+4EzsbI0ze4Iyt/HhmyOw="},"indexInfo":{"baseKey":"BSOoDl4Uqb2AaDMrChdCcYA8z9lTZmlAMreqZ44Uy88k","baseKeyType":1,"closed":1696010169860,"used":1696010168860,"created":1696010168860,"remoteIdentityKey":"BWgzi04webcxfHAzpyhBa6T2LGxqNl5spzjRqgCYaJgs"},"_chains":{"BV+AzEiPjh/DTjgmU0s2S+COnOupL8/b4eL4+TZVdikw":{"chainKey":{"counter":-1,"key":"dM9h2f/v804xSXOQ7CnpCy3tN0Ql7PhyW5Ru96Acz14="},"chainType":1,"messageKeys":{}}},"pendingPreKey":{"signedKeyId":28,"baseKey":"BSOoDl4Uqb2AaDMrChdCcYA8z9lTZmlAMreqZ44Uy88k","preKeyId":6538884}},"BQ9soEIocV8r7Y7VK6dd4YJqy1XfX7V/7exl5jv5Ck4e":{"registrationId":635269607,"currentRatchet":{"ephemeralKeyPair":{"pubKey":"BQrhKhpyDdEYUeipVd1gCeCBPh5j02OP/+zqNJotn0I5","privKey":"0EsUkFM+g8TCpriP5NxhcpU/V5IJ8l/8Qg3bnWYJ12Y="},"lastRemoteEphemeralKey":"BfaHmBSojdKzhTtFr0UokH7N2xw3/fC8BkVikGW/6sUV","previousCounter":0,"rootKey":"lvdKVMVThdng7xmGXSkdh+Kodg0686m5s4HpW+Gg+f4="},"indexInfo":{"baseKey":"BQ9soEIocV8r7Y7VK6dd4YJqy1XfX7V/7exl5jv5Ck4e","baseKeyType":1,"closed":1696010170002,"used":1696010169858,"created":1696010169858,"remoteIdentityKey":"BWgzi04webcxfHAzpyhBa6T2LGxqNl5spzjRqgCYaJgs"},"_chains":{"BQrhKhpyDdEYUeipVd1gCeCBPh5j02OP/+zqNJotn0I5":{"chainKey":{"counter":-1,"key":"g2UzGkSYnHz72FB+xzU9vSi2rphRXkL7pVtzZuS91y4="},"chainType":1,"messageKeys":{}}},"pendingPreKey":{"signedKeyId":28,"baseKey":"BQ9soEIocV8r7Y7VK6dd4YJqy1XfX7V/7exl5jv5Ck4e","preKeyId":6538636}},"BaTvKBtjbTHHYn2odiFfdyBzfg7gjQEbr90Qow7R+SJr":{"registrationId":635269607,"currentRatchet":{"ephemeralKeyPair":{"pubKey":"BbwRKTHQHvC3fChpZXllSv9ajUgFFtnvxHaN8q0Qm4Aq","privKey":"gAbQyoM0yXC+gb+wl9U57EFyiuq+WA/vgplzGCzJ73Q="},"lastRemoteEphemeralKey":"BfaHmBSojdKzhTtFr0UokH7N2xw3/fC8BkVikGW/6sUV","previousCounter":0,"rootKey":"T2BR/gmSFHdnLRtHVtxqMwwKc/zUnKOJjZlguPSI1Wc="},"indexInfo":{"baseKey":"BaTvKBtjbTHHYn2odiFfdyBzfg7gjQEbr90Qow7R+SJr","baseKeyType":1,"closed":1696010170140,"used":1696010169999,"created":1696010169999,"remoteIdentityKey":"BWgzi04webcxfHAzpyhBa6T2LGxqNl5spzjRqgCYaJgs"},"_chains":{"BbwRKTHQHvC3fChpZXllSv9ajUgFFtnvxHaN8q0Qm4Aq":{"chainKey":{"counter":-1,"key":"4ddg130QHWFlMf2bjx9zFlFzfI60aD/xMlkNBMf0WTQ="},"chainType":1,"messageKeys":{}}},"pendingPreKey":{"signedKeyId":28,"baseKey":"BaTvKBtjbTHHYn2odiFfdyBzfg7gjQEbr90Qow7R+SJr","preKeyId":6538630}},"BcoOxxEvfTFXMFLr8FlutGmshny7oo1aAz9z7T0xksA6":{"registrationId":635269607,"currentRatchet":{"ephemeralKeyPair":{"pubKey":"BQuO1YuOeMSuyse8Mkb5yNnWs57/GXoJ1xB6bytsB6Fx","privKey":"QCg1mC5b6VnCNudxVbP+VobnQvO8G0LCdzc/xS8BAkk="},"lastRemoteEphemeralKey":"BfaHmBSojdKzhTtFr0UokH7N2xw3/fC8BkVikGW/6sUV","previousCounter":0,"rootKey":"wSi1ATLea62k47S3ewucJ/fkbSY4V6P/byEX3kP28Vk="},"indexInfo":{"baseKey":"BcoOxxEvfTFXMFLr8FlutGmshny7oo1aAz9z7T0xksA6","baseKeyType":1,"closed":1696010170280,"used":1696010170136,"created":1696010170136,"remoteIdentityKey":"BWgzi04webcxfHAzpyhBa6T2LGxqNl5spzjRqgCYaJgs"},"_chains":{"BQuO1YuOeMSuyse8Mkb5yNnWs57/GXoJ1xB6bytsB6Fx":{"chainKey":{"counter":-1,"key":"QbKOBIByF0/ps3Bbp/vcgfWWCvTIakGFFJBGnwDFWcE="},"chainType":1,"messageKeys":{}}},"pendingPreKey":{"signedKeyId":28,"baseKey":"BcoOxxEvfTFXMFLr8FlutGmshny7oo1aAz9z7T0xksA6","preKeyId":6538792}},"BZFmHFhB0qx37saW8EezfiaKpAHJqQHtn8wuM5eXfblN":{"registrationId":635269607,"currentRatchet":{"ephemeralKeyPair":{"pubKey":"BYYZqYCbRmq6xTShDlblccvJxZTjIXYrHQ41DSiWNLNI","privKey":"2C1KSoN29GWevn/CTqsyUtpXnELOH9SRFYwxRY+N2kg="},"lastRemoteEphemeralKey":"BfaHmBSojdKzhTtFr0UokH7N2xw3/fC8BkVikGW/6sUV","previousCounter":0,"rootKey":"5turyp7wdP08DnzGHts/+gwQScR4giIV2sG6TjYr6rQ="},"indexInfo":{"baseKey":"BZFmHFhB0qx37saW8EezfiaKpAHJqQHtn8wuM5eXfblN","baseKeyType":1,"closed":1696010170477,"used":1696010170278,"created":1696010170278,"remoteIdentityKey":"BWgzi04webcxfHAzpyhBa6T2LGxqNl5spzjRqgCYaJgs"},"_chains":{"BYYZqYCbRmq6xTShDlblccvJxZTjIXYrHQ41DSiWNLNI":{"chainKey":{"counter":-1,"key":"tMjmqDDQ2dhWkISdkbcYlNyE0Nk/8z+RSrRUYRRoRxg="},"chainType":1,"messageKeys":{}}},"pendingPreKey":{"signedKeyId":28,"baseKey":"BZFmHFhB0qx37saW8EezfiaKpAHJqQHtn8wuM5eXfblN","preKeyId":6538736}},"BWzSDDyG2AbLV7fD3zV44VNZr3lQwRgT0e9jkbS1TBJE":{"registrationId":635269607,"currentRatchet":{"ephemeralKeyPair":{"pubKey":"BURWA3btN+8xcSUwWhfffkjzfnNr7U6BNiRhi801NRs6","privKey":"YP1sH53iPikZ5xqHNby7FjxXKJyqc4g4Kn9RXC70TnY="},"lastRemoteEphemeralKey":"BfaHmBSojdKzhTtFr0UokH7N2xw3/fC8BkVikGW/6sUV","previousCounter":0,"rootKey":"Jm42MpZBiCRt0TWM1EZvnJY8AafIevw18XLmI/NalEg="},"indexInfo":{"baseKey":"BWzSDDyG2AbLV7fD3zV44VNZr3lQwRgT0e9jkbS1TBJE","baseKeyType":1,"closed":1696010170771,"used":1696010170474,"created":1696010170474,"remoteIdentityKey":"BWgzi04webcxfHAzpyhBa6T2LGxqNl5spzjRqgCYaJgs"},"_chains":{"BURWA3btN+8xcSUwWhfffkjzfnNr7U6BNiRhi801NRs6":{"chainKey":{"counter":-1,"key":"PfYwbPsLaFpzdyL+9n4KAq7gt4UDN9Kcy/ritHYQN9U="},"chainType":1,"messageKeys":{}}},"pendingPreKey":{"signedKeyId":28,"baseKey":"BWzSDDyG2AbLV7fD3zV44VNZr3lQwRgT0e9jkbS1TBJE","preKeyId":6538801}},"BdLe7fywZqWb8f69/SsQr14ZQ4JSYTSpzeBM0OTQIYkp":{"registrationId":635269607,"currentRatchet":{"ephemeralKeyPair":{"pubKey":"BcNgG+BJDXPkkN/46ACWhucP3zrBaBQO7y9x4qjvryMF","privKey":"0HmV4WRIIRmjM/UZwji7o5x8oN7K+rkn/2xiPfvDR04="},"lastRemoteEphemeralKey":"BfaHmBSojdKzhTtFr0UokH7N2xw3/fC8BkVikGW/6sUV","previousCounter":0,"rootKey":"RW4Oo86ygsxXW7X41dFWCBPkqRYx0V1Hzfi3VVeunN8="},"indexInfo":{"baseKey":"BdLe7fywZqWb8f69/SsQr14ZQ4JSYTSpzeBM0OTQIYkp","baseKeyType":1,"closed":1696010170915,"used":1696010170768,"created":1696010170768,"remoteIdentityKey":"BWgzi04webcxfHAzpyhBa6T2LGxqNl5spzjRqgCYaJgs"},"_chains":{"BcNgG+BJDXPkkN/46ACWhucP3zrBaBQO7y9x4qjvryMF":{"chainKey":{"counter":-1,"key":"TIgQcvxcZ1EJvnnI8xL3ttrThKUM77iuq60xKTQYMmY="},"chainType":1,"messageKeys":{}}},"pendingPreKey":{"signedKeyId":28,"baseKey":"BdLe7fywZqWb8f69/SsQr14ZQ4JSYTSpzeBM0OTQIYkp","preKeyId":6538471}},"BVy7bdRClPaCMmZIIPmcyPdpAstrtH9x6ttnCiaNejsx":{"registrationId":635269607,"currentRatchet":{"ephemeralKeyPair":{"pubKey":"BW9OWMW09ZGgbxqu/x7K8IOv9bEJsST9CHo6U5Y0OwE8","privKey":"4G2ip5WBqd5gZEsyy5OYFy2QzZVHFNZ+sB8RMOjRvnw="},"lastRemoteEphemeralKey":"BfaHmBSojdKzhTtFr0UokH7N2xw3/fC8BkVikGW/6sUV","previousCounter":0,"rootKey":"3fFamANZhJPUMxrUFkcfcKrCgUzdu7Y/DyzUjeaDiTA="},"indexInfo":{"baseKey":"BVy7bdRClPaCMmZIIPmcyPdpAstrtH9x6ttnCiaNejsx","baseKeyType":1,"closed":1696010171083,"used":1696010170914,"created":1696010170914,"remoteIdentityKey":"BWgzi04webcxfHAzpyhBa6T2LGxqNl5spzjRqgCYaJgs"},"_chains":{"BW9OWMW09ZGgbxqu/x7K8IOv9bEJsST9CHo6U5Y0OwE8":{"chainKey":{"counter":-1,"key":"KHzZfzc26n2J6EClYu3LpTkdAz28Meo5VU1R+CnymbE="},"chainType":1,"messageKeys":{}}},"pendingPreKey":{"signedKeyId":28,"baseKey":"BVy7bdRClPaCMmZIIPmcyPdpAstrtH9x6ttnCiaNejsx","preKeyId":6538848}},"BXx7FwmHhVZTKMOzk94WRUzyibie1yaoLzALjFfW2LZS":{"registrationId":635269607,"currentRatchet":{"ephemeralKeyPair":{"pubKey":"BTc1dnoZLJV4cmaiZNjO1XmT2JHzQnU3msSeI/QwB45h","privKey":"4OG2U95arZNJAUtr5bklMTEajJm2CRsZeGbRJUtAnHY="},"lastRemoteEphemeralKey":"BfaHmBSojdKzhTtFr0UokH7N2xw3/fC8BkVikGW/6sUV","previousCounter":0,"rootKey":"5IRgffxfJ+3umqiOE9RVDDZoxIdp+S2xsXa54dJyTr4="},"indexInfo":{"baseKey":"BXx7FwmHhVZTKMOzk94WRUzyibie1yaoLzALjFfW2LZS","baseKeyType":1,"closed":1696010175958,"used":1696010171080,"created":1696010171080,"remoteIdentityKey":"BWgzi04webcxfHAzpyhBa6T2LGxqNl5spzjRqgCYaJgs"},"_chains":{"BTc1dnoZLJV4cmaiZNjO1XmT2JHzQnU3msSeI/QwB45h":{"chainKey":{"counter":-1,"key":"2jcO7MVRQJ9XcGp/5m6hLO+aYYG25ReIKVVdpnn2D5c="},"chainType":1,"messageKeys":{}}},"pendingPreKey":{"signedKeyId":28,"baseKey":"BXx7FwmHhVZTKMOzk94WRUzyibie1yaoLzALjFfW2LZS","preKeyId":6538817}},"BXDljj1sTkDhnMQ5rxvron8541ZTIGK3+JRwIGeNRjMX":{"registrationId":635269607,"currentRatchet":{"ephemeralKeyPair":{"pubKey":"BaVuUPr+7IMpLqWvjaUX0284H0K35fztgDjmmVHL0o0R","privKey":"SCpifYp0KNOino8aHY7u1zWzD0WG7pnCGV1dDXr6hWY="},"lastRemoteEphemeralKey":"BfaHmBSojdKzhTtFr0UokH7N2xw3/fC8BkVikGW/6sUV","previousCounter":0,"rootKey":"O7pQ3z/RopjKVzh3BW96gRhUW/rxTg2bZqHdQv3cx24="},"indexInfo":{"baseKey":"BXDljj1sTkDhnMQ5rxvron8541ZTIGK3+JRwIGeNRjMX","baseKeyType":1,"closed":1696010176775,"used":1696010175955,"created":1696010175955,"remoteIdentityKey":"BWgzi04webcxfHAzpyhBa6T2LGxqNl5spzjRqgCYaJgs"},"_chains":{"BaVuUPr+7IMpLqWvjaUX0284H0K35fztgDjmmVHL0o0R":{"chainKey":{"counter":-1,"key":"WGCuM0nesnqtsY02d6v22DkY/ia2Z4hMeKRGt08CBbM="},"chainType":1,"messageKeys":{}}},"pendingPreKey":{"signedKeyId":28,"baseKey":"BXDljj1sTkDhnMQ5rxvron8541ZTIGK3+JRwIGeNRjMX","preKeyId":6538409}},"BWonqxCWsKmJLqFx6J7i+veIajwHdfkGIAX3n5Nt2rRK":{"registrationId":635269607,"currentRatchet":{"ephemeralKeyPair":{"pubKey":"BQ7CQtNHHG00DPwcbos/TvtGZZASJfm6EY0b78aAXaR+","privKey":"IPoNMuPrx0JNARaeygNyikj6gHgx5inB8kPmxmH0UWo="},"lastRemoteEphemeralKey":"BfaHmBSojdKzhTtFr0UokH7N2xw3/fC8BkVikGW/6sUV","previousCounter":0,"rootKey":"qd47tEhVUn9Y/+oqwfu/5QrZs45h/da6EIa4MKeZtog="},"indexInfo":{"baseKey":"BWonqxCWsKmJLqFx6J7i+veIajwHdfkGIAX3n5Nt2rRK","baseKeyType":1,"closed":1696010179288,"used":1696010176773,"created":1696010176773,"remoteIdentityKey":"BWgzi04webcxfHAzpyhBa6T2LGxqNl5spzjRqgCYaJgs"},"_chains":{"BQ7CQtNHHG00DPwcbos/TvtGZZASJfm6EY0b78aAXaR+":{"chainKey":{"counter":-1,"key":"+ZKgXKEfT1uUFo2wBrtO7rEZAy245Zp0RH0dbtjPibA="},"chainType":1,"messageKeys":{}}},"pendingPreKey":{"signedKeyId":28,"baseKey":"BWonqxCWsKmJLqFx6J7i+veIajwHdfkGIAX3n5Nt2rRK","preKeyId":6538783}},"BdQX7n+T7h5G1M7SpKU3qJOLdYG/wlB14tqtWRUdNaw6":{"registrationId":635269607,"currentRatchet":{"ephemeralKeyPair":{"pubKey":"BQTRHDeIWErF7v3bBOO+lgnqQ3AFfQSCKv1squg2kj4V","privKey":"aH8XvS06CrYmWi/7S6/jWdx+F+HRxMsCQ4zx8DOGQkE="},"lastRemoteEphemeralKey":"BfaHmBSojdKzhTtFr0UokH7N2xw3/fC8BkVikGW/6sUV","previousCounter":0,"rootKey":"8wngBNl763VGSQ9VQBTuthJunZBwNmO5QkGaoKaOSlU="},"indexInfo":{"baseKey":"BdQX7n+T7h5G1M7SpKU3qJOLdYG/wlB14tqtWRUdNaw6","baseKeyType":1,"closed":1696010180629,"used":1696010179285,"created":1696010179285,"remoteIdentityKey":"BWgzi04webcxfHAzpyhBa6T2LGxqNl5spzjRqgCYaJgs"},"_chains":{"BQTRHDeIWErF7v3bBOO+lgnqQ3AFfQSCKv1squg2kj4V":{"chainKey":{"counter":-1,"key":"0Mx017QQCQHoUoIln3tsPdHEe2fjtnYVP0tj4JHEGIY="},"chainType":1,"messageKeys":{}}},"pendingPreKey":{"signedKeyId":28,"baseKey":"BdQX7n+T7h5G1M7SpKU3qJOLdYG/wlB14tqtWRUdNaw6","preKeyId":6538634}},"BZGBY0UuLbkTIddCWMeioEGqtFu1azWw1dVJmIZnpMZb":{"registrationId":635269607,"currentRatchet":{"ephemeralKeyPair":{"pubKey":"BXhhxZDzZhQ+Q55CW6UMs7FSD2Hk+2QAndaYBdAc4s5w","privKey":"oMjFu/KR+NnwgGWQr2um+UfGtM12J/AZpn7VYzg9NFo="},"lastRemoteEphemeralKey":"BfaHmBSojdKzhTtFr0UokH7N2xw3/fC8BkVikGW/6sUV","previousCounter":0,"rootKey":"On3XLABaL9W2fxEmdX8YM1lvjkndxSnyqb2Kh8jOs6E="},"indexInfo":{"baseKey":"BZGBY0UuLbkTIddCWMeioEGqtFu1azWw1dVJmIZnpMZb","baseKeyType":1,"closed":1696010180779,"used":1696010180627,"created":1696010180627,"remoteIdentityKey":"BWgzi04webcxfHAzpyhBa6T2LGxqNl5spzjRqgCYaJgs"},"_chains":{"BXhhxZDzZhQ+Q55CW6UMs7FSD2Hk+2QAndaYBdAc4s5w":{"chainKey":{"counter":-1,"key":"JeKkKQWJlU25DUpO3EIeoBXvpC1ocf8d56IQsmzYFDo="},"chainType":1,"messageKeys":{}}},"pendingPreKey":{"signedKeyId":28,"baseKey":"BZGBY0UuLbkTIddCWMeioEGqtFu1azWw1dVJmIZnpMZb","preKeyId":6538692}},"Bf1j/FC17A6WD5DOemAgpbRPktI3/s37yNbmEGknUuo1":{"registrationId":635269607,"currentRatchet":{"ephemeralKeyPair":{"pubKey":"BVNMXISmx4AwoUrCmbjQHaHBb11mKUNej7V5jZ5umNkq","privKey":"CMYhBsDP2dfbniqvTbE4WNrq9EnqnYLXSr8OvaYRb3k="},"lastRemoteEphemeralKey":"BfaHmBSojdKzhTtFr0UokH7N2xw3/fC8BkVikGW/6sUV","previousCounter":0,"rootKey":"6ZE1rxxFaOVEiQy5dGj9Y2eyP1yFXu5dXHGWM7OWUlo="},"indexInfo":{"baseKey":"Bf1j/FC17A6WD5DOemAgpbRPktI3/s37yNbmEGknUuo1","baseKeyType":1,"closed":1696010180918,"used":1696010180775,"created":1696010180775,"remoteIdentityKey":"BWgzi04webcxfHAzpyhBa6T2LGxqNl5spzjRqgCYaJgs"},"_chains":{"BVNMXISmx4AwoUrCmbjQHaHBb11mKUNej7V5jZ5umNkq":{"chainKey":{"counter":-1,"key":"m+vZ0EXmX1z8Tgk/gK4SaLp1dMIudMCPcuitTC6JSXw="},"chainType":1,"messageKeys":{}}},"pendingPreKey":{"signedKeyId":28,"baseKey":"Bf1j/FC17A6WD5DOemAgpbRPktI3/s37yNbmEGknUuo1","preKeyId":6538807}},"BSJh+bUr0JxPkPUxIx2AGC/oZ3E55VO0jMJNmvSkgMgt":{"registrationId":635269607,"currentRatchet":{"ephemeralKeyPair":{"pubKey":"BaANTkJzEImTn8jxTOp1rEkmhiZB1H9+kuphYKMAdl03","privKey":"EKOPpZ8fbFhrxOdNARwpO5WMu6DqGP8R7e3B7peEuUA="},"lastRemoteEphemeralKey":"BfaHmBSojdKzhTtFr0UokH7N2xw3/fC8BkVikGW/6sUV","previousCounter":0,"rootKey":"7tqemFAbtyFd8og1CKbGs3CLiJdNFLTwsjh/PDB240U="},"indexInfo":{"baseKey":"BSJh+bUr0JxPkPUxIx2AGC/oZ3E55VO0jMJNmvSkgMgt","baseKeyType":1,"closed":-1,"used":1696010180914,"created":1696010180914,"remoteIdentityKey":"BWgzi04webcxfHAzpyhBa6T2LGxqNl5spzjRqgCYaJgs"},"_chains":{"BaANTkJzEImTn8jxTOp1rEkmhiZB1H9+kuphYKMAdl03":{"chainKey":{"counter":19,"key":"rUo9AdcGzRAPwtw2jukBJ+3DICt5kaq2nHoPsybCqrg="},"chainType":1,"messageKeys":{}}},"pendingPreKey":{"signedKeyId":28,"baseKey":"BSJh+bUr0JxPkPUxIx2AGC/oZ3E55VO0jMJNmvSkgMgt","preKeyId":6538790}}},"version":"v1"}