{"_sessions":{"BTO80EC0CV3jVeSMdMIPf+0sKm/S0auUE/AafN34e/pp":{"registrationId":1048100676,"currentRatchet":{"ephemeralKeyPair":{"pubKey":"BYdMZHs6OwDd7XCpUk3tmnVe+VzcSCNkr8niq31HDtgq","privKey":"2IZBpNeSylG6EtxIfi7l1yt4nN0Q6esZUTGjMC2opVc="},"lastRemoteEphemeralKey":"BQ86o525t8fODBh5cJwKjyZXrwWKA+NBDXLiPcjZ2ZlF","previousCounter":0,"rootKey":"RJk8+q6zA9NqO+AaSWQcm4ZpWC/uvHalTwyS1BuisqU="},"indexInfo":{"baseKey":"BTO80EC0CV3jVeSMdMIPf+0sKm/S0auUE/AafN34e/pp","baseKeyType":1,"closed":-1,"used":1695853015008,"created":1695853015008,"remoteIdentityKey":"Be+Qiqlk5pztf2qPgrpL0fQJpKrPre7u8NtgaCL9yzRl"},"_chains":{"BYdMZHs6OwDd7XCpUk3tmnVe+VzcSCNkr8niq31HDtgq":{"chainKey":{"counter":27,"key":"IQlWNMBs/kU+E+7C8pOm4jsfyjnuCvvf/8cSL+rHxzk="},"chainType":1,"messageKeys":{}}},"pendingPreKey":{"signedKeyId":2,"baseKey":"BTO80EC0CV3jVeSMdMIPf+0sKm/S0auUE/AafN34e/pp"}}},"version":"v1"}