{"_sessions":{"BRgBlMOS/YBRcmvDGJRKe/oeMPXAFj9CCIx74LiH6+kQ":{"registrationId":128694641,"currentRatchet":{"ephemeralKeyPair":{"pubKey":"BeFdSCO/gskxWeUfbqoBRWUPpMpvS9cU6IKCdNTDhnxy","privKey":"MKLUXAlm7RBEMD9J2GIYUlEo4UNIypemyQSxqY04OnU="},"lastRemoteEphemeralKey":"BVYxbYeUogd8QtJFVEaYtPNTC+XuoiOBK46rcHbfRyFX","previousCounter":0,"rootKey":"3njl91Ou/Hkx4ObxE4kqyS//mvdyK5HzvQ+ay4dmAZ8="},"indexInfo":{"baseKey":"BRgBlMOS/YBRcmvDGJRKe/oeMPXAFj9CCIx74LiH6+kQ","baseKeyType":1,"closed":-1,"used":1696711389298,"created":1696711389298,"remoteIdentityKey":"Bf9GnkTyWQgW1B0WHZEnWLl1A320sQnDp/8F4Yxy/2M0"},"_chains":{"BeFdSCO/gskxWeUfbqoBRWUPpMpvS9cU6IKCdNTDhnxy":{"chainKey":{"counter":0,"key":"WR/Axixu9O9MG12dbDjHNjTwUgitsPBQjoLsvGdMnn0="},"chainType":1,"messageKeys":{}}},"pendingPreKey":{"signedKeyId":0,"baseKey":"BRgBlMOS/YBRcmvDGJRKe/oeMPXAFj9CCIx74LiH6+kQ","preKeyId":3181187}}},"version":"v1"}